# This file uses centimeters as units for non-parametric coordinates.

mtllib corpse-obj.mtl
g default
v -6.212578 2.942680 2.384220
v -6.004060 3.052413 2.277997
v -5.783514 3.186477 2.233016
v -5.615925 3.324752 2.084782
v -5.481378 3.469715 1.915936
v -5.370251 3.616491 1.732460
v -5.275367 3.762735 1.541485
v -5.164837 3.913329 1.365816
v -4.998223 4.060698 1.240638
v -4.768738 4.168196 1.194934
v -4.523661 4.257504 1.184897
v -4.280985 4.350420 1.192218
v -4.040013 4.438337 1.215317
v -3.787088 4.440220 1.254703
v -3.533201 4.440220 1.292627
v -3.278860 4.438303 1.335104
v -3.023583 4.435406 1.379868
v -2.767430 4.430085 1.428617
v -2.511452 4.422228 1.483087
v -2.256217 4.413275 1.544123
v -2.002107 4.406219 1.611748
v -1.749426 4.400883 1.685643
v -1.498394 4.397950 1.765186
v -1.248812 4.397750 1.849172
v -0.999463 4.401005 1.938021
v -0.755024 4.404242 2.033355
v -0.511607 4.406100 2.148188
v -0.288871 4.473992 2.292048
v -0.101497 4.584735 2.440946
v 0.050395 4.700766 2.613235
v 0.164536 4.813671 2.812037
v 0.268866 4.917822 3.016898
v 0.487076 5.018582 2.930935
v 0.407615 5.027377 2.688061
v 0.388819 5.112082 2.439349
v 0.602055 4.977165 2.456570
v 0.749773 4.796502 2.560493
v 0.941633 4.639040 2.625958
v 1.160557 4.530109 2.547287
v 1.365836 4.437106 2.421053
v 1.578572 4.347787 2.297091
v 1.805689 4.278180 2.176094
v 2.041241 4.241724 2.061460
v 2.280547 4.228041 1.955577
v 2.519486 4.214559 1.854881
v 2.754387 4.181965 1.751322
v 2.990031 4.136521 1.648861
v 3.230863 4.079898 1.560724
v 3.473389 4.008518 1.498918
v 3.715533 3.930600 1.455567
v 3.956735 3.853512 1.418504
v 4.195064 3.777317 1.378134
v 4.430146 3.696134 1.337861
v 4.662990 3.606366 1.311448
v 4.891371 3.512594 1.275089
v 5.109179 3.393036 1.293310
v 5.292581 3.250539 1.389224
v 5.365107 3.106925 1.586332
v 5.440577 2.961385 1.781990
v 5.527379 2.812588 1.973224
v 5.612316 2.667440 2.166572
v -6.294907 3.056881 2.338282
v -6.076221 3.179373 2.287741
v -5.860774 3.309700 2.249519
v -5.676442 3.446705 2.138661
v -5.547833 3.589018 1.968741
v -5.444473 3.732669 1.781771
v -5.343977 3.879969 1.597073
v -5.219679 4.032837 1.433872
v -5.035107 4.175196 1.328851
v -4.793192 4.260021 1.307501
v -4.546259 4.320575 1.316127
v -4.301388 4.379740 1.335800
v -4.058798 4.440220 1.362722
v -3.808296 4.440220 1.399575
v -3.556377 4.438521 1.438223
v -3.304561 4.434723 1.479203
v -3.051765 4.430189 1.523452
v -2.798497 4.425232 1.571617
v -2.545570 4.417458 1.625386
v -2.293247 4.408990 1.685705
v -2.042132 4.401007 1.752491
v -1.792242 4.395153 1.825542
v -1.543665 4.391175 1.904264
v -1.296025 4.387006 1.987345
v -1.052859 4.378792 2.072302
v -0.807879 4.380511 2.167624
v -0.576013 4.469954 2.262949
v -0.361965 4.597704 2.319453
v -0.154871 4.716215 2.404862
v 0.000617 4.832059 2.571738
v 0.089782 4.938794 2.787232
v 0.201060 5.046174 2.988785
v 0.428829 5.151730 2.955449
v 0.334702 5.155921 2.723692
v 0.457668 5.228777 2.498971
v 0.654656 5.071799 2.555137
v 0.799966 4.894085 2.660022
v 1.017679 4.759135 2.669843
v 1.223248 4.663177 2.552916
v 1.427879 4.569495 2.430856
v 1.647870 4.467190 2.345860
v 1.873262 4.361015 2.276144
v 2.104680 4.277544 2.188453
v 2.340587 4.228728 2.089109
v 2.577075 4.197206 1.988373
v 2.813292 4.174440 1.885128
v 3.049682 4.163199 1.779815
v 3.285460 4.150053 1.676951
v 3.525393 4.107257 1.593653
v 3.766874 4.048412 1.526504
v 4.007751 3.982954 1.468122
v 4.247218 3.910635 1.417223
v 4.485345 3.829183 1.375535
v 4.721277 3.740351 1.341355
v 4.954793 3.641740 1.316749
v 5.176415 3.518453 1.341642
v 5.351326 3.371726 1.454126
v 5.444293 3.221165 1.638001
v 5.520573 3.074050 1.832952
v 5.595521 2.928741 2.031573
v 5.677752 2.784436 2.226152
v -6.371947 3.180371 2.293720
v -6.149168 3.305804 2.299295
v -5.929897 3.433562 2.289444
v -5.738337 3.570111 2.195511
v -5.609274 3.710167 2.027330
v -5.510599 3.851905 1.839019
v -5.405479 3.999550 1.660600
v -5.262595 4.152961 1.516114
v -5.055854 4.277785 1.442994
v -4.806095 4.310475 1.450089
v -4.563009 4.363176 1.460986
v -4.317038 4.392081 1.486096
v -4.076066 4.440220 1.514388
v -3.828774 4.439768 1.548528
v -3.579530 4.434954 1.586186
v -3.330166 4.429543 1.625755
v -3.080414 4.426914 1.667693
v -2.829903 4.421832 1.714579
v -2.580113 4.413787 1.767622
v -2.331249 4.399612 1.826792
v -2.083650 4.386070 1.892095
v -1.836485 4.381066 1.964395
v -1.590051 4.378629 2.042562
v -1.346327 4.368943 2.123657
v -1.101526 4.369557 2.209871
v -0.860926 4.458733 2.279190
v -0.644288 4.597492 2.284217
v -0.419961 4.725039 2.276822
v -0.207606 4.848014 2.367548
v -0.043143 4.965198 2.528097
v 0.044952 5.073530 2.743148
v 0.138425 5.178535 2.953820
v 0.363495 5.283911 2.989325
v 0.299971 5.300321 2.741844
v 0.514750 5.307511 2.607159
v 0.686816 5.156966 2.671827
v 0.869470 5.003036 2.743512
v 1.086785 4.892752 2.685232
v 1.286398 4.797405 2.563201
v 1.496464 4.698763 2.458493
v 1.717123 4.587042 2.393566
v 1.940697 4.472929 2.342204
v 2.168748 4.364470 2.287322
v 2.402730 4.280398 2.211200
v 2.639197 4.232702 2.116108
v 2.873378 4.224733 2.008797
v 3.103882 4.238383 1.893089
v 3.338955 4.232324 1.785494
v 3.578531 4.199219 1.694398
v 3.819403 4.152857 1.614819
v 4.060644 4.097401 1.544355
v 4.301055 4.028500 1.488148
v 4.540340 3.945992 1.446656
v 4.778384 3.860436 1.406327
v 5.013283 3.761700 1.384278
v 5.236000 3.640273 1.405495
v 5.405963 3.492445 1.522252
v 5.505313 3.340720 1.701414
v 5.577387 3.193092 1.897599
v 5.658703 3.046158 2.092780
v 5.744980 2.901887 2.285259
v -6.433170 3.308512 2.232022
v -6.222344 3.431982 2.312035
v -6.002236 3.558556 2.327196
v -5.803662 3.693974 2.250980
v -5.664233 3.832582 2.092601
v -5.574989 3.972131 1.900965
v -5.466301 4.121201 1.727727
v -5.294244 4.269019 1.616698
v -5.064549 4.361172 1.578296
v -4.816691 4.347040 1.599832
v -4.576324 4.403080 1.611402
v -4.331702 4.396840 1.639843
v -4.092369 4.440220 1.668918
v -3.847750 4.438352 1.701296
v -3.602168 4.428968 1.737396
v -3.356114 4.423604 1.775041
v -3.109964 4.422883 1.814709
v -2.863124 4.423354 1.859502
v -2.616725 4.406436 1.910734
v -2.371955 4.375057 1.966441
v -2.126726 4.358046 2.030304
v -1.881722 4.359326 2.102360
v -1.637906 4.363086 2.180233
v -1.394346 4.379367 2.262018
v -1.149575 4.446105 2.324814
v -0.928419 4.582316 2.318754
v -0.715991 4.723036 2.261941
v -0.490036 4.853336 2.282858
v -0.277402 4.976278 2.357778
v -0.090125 5.097808 2.486232
v 0.014010 5.210569 2.692228
v 0.090465 5.319448 2.909412
v 0.291308 5.419012 3.013926
v 0.314885 5.447868 2.760688
v 0.551957 5.391331 2.721424
v 0.734967 5.258798 2.783174
v 0.946376 5.132796 2.792496
v 1.149124 5.032649 2.687975
v 1.354886 4.930215 2.585362
v 1.568150 4.822714 2.501626
v 1.786897 4.709068 2.440947
v 2.008358 4.591132 2.397039
v 2.233711 4.476492 2.355652
v 2.464024 4.371769 2.308095
v 2.699753 4.297555 2.234918
v 2.933398 4.281056 2.129889
v 3.161588 4.298498 2.013448
v 3.394565 4.302489 1.901265
v 3.633103 4.277689 1.805297
v 3.873356 4.239753 1.719929
v 4.114222 4.194563 1.642016
v 4.354779 4.132448 1.579282
v 4.594091 4.051332 1.535075
v 4.833553 3.972646 1.487426
v 5.069407 3.877669 1.462935
v 5.295347 3.762874 1.472629
v 5.462167 3.614576 1.591223
v 5.557452 3.461843 1.771439
v 5.627873 3.312643 1.966588
v 5.724732 3.162994 2.151878
v 5.821816 3.017673 2.337873
v -6.467799 3.438895 2.156707
v -6.292830 3.560899 2.298430
v -6.078718 3.685751 2.355833
v -5.872599 3.819309 2.302375
v -5.713660 3.956179 2.163491
v -5.645121 4.089799 1.962856
v -5.520562 4.243023 1.804875
v -5.311108 4.367775 1.738323
v -5.066628 4.419618 1.727548
v -4.825078 4.378131 1.752734
v -4.585524 4.428215 1.768057
v -4.344944 4.398444 1.796882
v -4.106728 4.440040 1.826831
v -3.865735 4.431331 1.857624
v -3.624740 4.419828 1.892009
v -3.382880 4.410863 1.927159
v -3.140192 4.418507 1.964278
v -2.897643 4.415604 2.006099
v -2.657479 4.376840 2.051279
v -2.415247 4.348207 2.106870
v -2.171503 4.350452 2.171315
v -1.929963 4.369244 2.241899
v -1.687881 4.403906 2.313855
v -1.444948 4.462640 2.374761
v -1.207494 4.555670 2.402562
v -1.000457 4.706977 2.345177
v -0.781382 4.842158 2.316238
v -0.562760 4.979468 2.297955
v -0.337833 5.107890 2.336621
v -0.142367 5.229558 2.449480
v -0.009934 5.346666 2.635885
v 0.064980 5.463757 2.852045
v 0.224855 5.563474 3.008863
v 0.363113 5.583993 2.798957
v 0.592963 5.509852 2.802631
v 0.800629 5.387747 2.851444
v 1.015240 5.276752 2.803498
v 1.212150 5.172451 2.690050
v 1.425284 5.060750 2.614136
v 1.639471 4.949831 2.537792
v 1.857871 4.830241 2.492980
v 2.077265 4.714581 2.441291
v 2.299528 4.602259 2.394481
v 2.525974 4.489636 2.373784
v 2.759128 4.390172 2.336991
v 2.995182 4.337569 2.252232
v 3.223814 4.340917 2.139012
v 3.452533 4.357451 2.023932
v 3.689084 4.341908 1.924376
v 3.927826 4.311803 1.835886
v 4.167907 4.275981 1.754162
v 4.408021 4.224889 1.683925
v 4.647171 4.149066 1.633422
v 4.886949 4.079593 1.578893
v 5.124353 3.991515 1.548091
v 5.354039 3.886284 1.544031
v 5.517837 3.737072 1.663440
v 5.605511 3.582630 1.846009
v 5.677516 3.431396 2.038064
v 5.790950 3.280077 2.210196
v 5.909825 3.131564 2.380497
v -6.479651 3.569031 2.076247
v -6.351955 3.692823 2.259876
v -6.158923 3.816056 2.367934
v -5.945527 3.946539 2.345984
v -5.765810 4.080484 2.234662
v -5.724643 4.204587 2.022066
v -5.554708 4.357257 1.902774
v -5.314108 4.432029 1.882127
v -5.069026 4.439720 1.888381
v -4.831979 4.403161 1.909491
v -4.593500 4.437795 1.929764
v -4.358703 4.404076 1.956545
v -4.121479 4.429238 1.987120
v -3.883257 4.414519 2.016943
v -3.646119 4.406000 2.049831
v -3.407913 4.399909 2.081984
v -3.170587 4.406847 2.116075
v -2.934059 4.398622 2.155966
v -2.694900 4.396424 2.198209
v -2.454658 4.415373 2.237218
v -2.216392 4.445279 2.280361
v -1.977346 4.480589 2.331198
v -1.737942 4.527285 2.380952
v -1.500883 4.586555 2.431872
v -1.261895 4.669825 2.476340
v -1.023537 4.777890 2.471176
v -0.813601 4.924483 2.432910
v -0.619809 5.082689 2.384724
v -0.412522 5.232708 2.353012
v -0.194528 5.361835 2.414548
v -0.034731 5.481172 2.579036
v 0.060824 5.603922 2.783783
v 0.193643 5.717036 2.959752
v 0.415080 5.713294 2.853073
v 0.640551 5.637831 2.867420
v 0.863975 5.535559 2.861328
v 1.073878 5.423857 2.789868
v 1.278411 5.311243 2.696033
v 1.494056 5.193945 2.632249
v 1.711392 5.077382 2.571133
v 1.929489 4.959616 2.522222
v 2.143358 4.848073 2.448853
v 2.365083 4.735342 2.408981
v 2.587950 4.617472 2.418301
v 2.816707 4.509098 2.403685
v 3.053825 4.428544 2.355838
v 3.286441 4.393647 2.262527
v 3.513137 4.400476 2.150082
v 3.745955 4.384488 2.053129
v 3.982973 4.364338 1.963279
v 4.221512 4.337589 1.879532
v 4.460598 4.301987 1.802815
v 4.698714 4.236091 1.744066
v 4.938429 4.179840 1.681102
v 5.176790 4.100597 1.642997
v 5.410797 4.009458 1.623351
v 5.572658 3.858381 1.740452
v 5.648870 3.702639 1.926049
v 5.724928 3.549992 2.113453
v 5.858298 3.397353 2.268115
v 6.007184 3.244808 2.408727
v -6.470067 3.695231 1.994184
v -6.393300 3.825463 2.202331
v -6.236779 3.951647 2.355392
v -6.023998 4.077117 2.374841
v -5.825795 4.199413 2.304981
v -5.786549 4.324643 2.089544
v -5.557890 4.431028 2.037620
v -5.312855 4.438995 2.041691
v -5.072648 4.439639 2.051807
v -4.835541 4.419129 2.070663
v -4.600585 4.417020 2.094854
v -4.367583 4.403242 2.123604
v -4.132813 4.398954 2.151641
v -3.898343 4.403741 2.182794
v -3.664603 4.421165 2.213446
v -3.431126 4.446770 2.235121
v -3.197756 4.470858 2.256682
v -2.961968 4.501117 2.271841
v -2.726334 4.533267 2.271352
v -2.490125 4.563049 2.277075
v -2.253912 4.592632 2.311280
v -2.015492 4.628594 2.342525
v -1.777989 4.674926 2.372827
v -1.539398 4.728075 2.394335
v -1.305127 4.788684 2.402576
v -1.097517 4.901073 2.443053
v -0.887248 5.037900 2.489041
v -0.671547 5.184599 2.477345
v -0.478658 5.342660 2.423501
v -0.269288 5.488583 2.415799
v -0.072917 5.615280 2.531183
v 0.055975 5.741633 2.714415
v 0.202319 5.862504 2.876409
v 0.446780 5.854629 2.882124
v 0.688928 5.789014 2.874762
v 0.917030 5.685433 2.834845
v 1.133421 5.568608 2.772247
v 1.345601 5.448750 2.700114
v 1.563086 5.327093 2.641937
v 1.782456 5.208934 2.587484
v 1.999202 5.094119 2.527160
v 2.210573 4.982388 2.448884
v 2.432328 4.866287 2.441691
v 2.654518 4.753054 2.418685
v 2.870059 4.645710 2.376755
v 3.103046 4.570530 2.386158
v 3.340310 4.501116 2.356430
v 3.572650 4.455260 2.274870
v 3.803528 4.415617 2.187867
v 4.037513 4.392606 2.100072
v 4.274215 4.373520 2.016688
v 4.512468 4.355758 1.936959
v 4.748730 4.303988 1.869729
v 4.987314 4.268755 1.798045
v 5.224783 4.198164 1.753306
v 5.463173 4.130780 1.715080
v 5.628702 3.977280 1.821951
v 5.686619 3.822086 2.010672
v 5.774737 3.667898 2.190711
v 5.935362 3.513864 2.316693
v 6.110057 3.358440 2.417329
v -6.428628 3.812507 1.914103
v -6.408003 3.953957 2.128531
v -6.301879 4.091583 2.311654
v -6.104668 4.216866 2.378580
v -5.899534 4.327312 2.369249
v -5.801288 4.424385 2.193949
v -5.551764 4.423167 2.195859
v -5.312543 4.424336 2.203625
v -5.073164 4.433609 2.219670
v -4.836398 4.447866 2.235884
v -4.601537 4.459049 2.252951
v -4.369462 4.481642 2.269314
v -4.139542 4.504762 2.279361
v -3.910388 4.534219 2.286380
v -3.683713 4.567297 2.286828
v -3.455839 4.601636 2.283225
v -3.224471 4.634706 2.275479
v -2.993150 4.663146 2.275414
v -2.760161 4.690825 2.278971
v -2.524002 4.718737 2.286182
v -2.285844 4.746533 2.291927
v -2.045425 4.770242 2.285011
v -1.803617 4.800631 2.283417
v -1.557617 4.812559 2.266964
v -1.307342 4.820057 2.253202
v -1.095136 4.950058 2.299513
v -0.935837 5.130305 2.385855
v -0.757779 5.303225 2.457561
v -0.554306 5.459385 2.469221
v -0.347718 5.608440 2.445975
v -0.136741 5.744276 2.504631
v 0.015100 5.880646 2.670953
v 0.216288 5.992507 2.779672
v 0.474316 6.001827 2.825639
v 0.729382 5.929676 2.819769
v 0.967414 5.830031 2.791106
v 1.195992 5.712325 2.754266
v 1.414571 5.584853 2.698490
v 1.629690 5.459444 2.632299
v 1.850562 5.343907 2.578900
v 2.066473 5.229883 2.514195
v 2.280359 5.116254 2.447795
v 2.500700 5.000269 2.417647
v 2.702591 4.875755 2.338421
v 2.909548 4.755511 2.275378
v 3.147403 4.707305 2.326240
v 3.385385 4.649423 2.366380
v 3.623544 4.573559 2.350616
v 3.858243 4.497667 2.302226
v 4.091361 4.443710 2.230867
v 4.325315 4.393850 2.160593
v 4.562524 4.380650 2.081024
v 4.798234 4.347627 2.010077
v 5.034576 4.338994 1.931293
v 5.268554 4.274974 1.882262
v 5.507538 4.245370 1.823625
v 5.687841 4.093431 1.907364
v 5.723578 3.940721 2.099772
v 5.844956 3.785441 2.255132
v 6.027725 3.629323 2.335275
v 6.213570 3.472915 2.406701
v -6.485314 3.931232 1.849850
v -6.408624 4.077480 2.048084
v -6.349514 4.228354 2.243866
v -6.173461 4.371227 2.345567
v -5.981786 4.483542 2.399724
v -5.791444 4.532184 2.293910
v -5.556226 4.539433 2.295951
v -5.313662 4.552766 2.296403
v -5.074932 4.577011 2.292224
v -4.838617 4.607007 2.284019
v -4.605383 4.637534 2.273294
v -4.375367 4.665950 2.275360
v -4.147367 4.692369 2.281500
v -3.921558 4.718402 2.283440
v -3.702732 4.742989 2.276950
v -3.480643 4.770192 2.265917
v -3.254278 4.796651 2.249001
v -3.024917 4.823238 2.242154
v -2.790179 4.842216 2.230400
v -2.552684 4.854855 2.209527
v -2.313627 4.859324 2.184866
v -2.071030 4.863390 2.163646
v -1.824055 4.873477 2.148917
v -1.574473 4.851711 2.124123
v -1.320757 4.878201 2.116112
v -1.114962 5.021634 2.173339
v -0.945079 5.198935 2.257055
v -0.802733 5.395001 2.352859
v -0.632458 5.578698 2.428809
v -0.424956 5.730666 2.469011
v -0.219703 5.864735 2.511010
v -0.008356 5.998724 2.584700
v 0.221762 6.129880 2.682590
v 0.502753 6.086177 2.695201
v 0.753819 6.018883 2.694879
v 0.998745 5.931451 2.682782
v 1.232919 5.820818 2.656846
v 1.455368 5.698041 2.613678
v 1.683931 5.587515 2.579037
v 1.910753 5.477474 2.539266
v 2.131437 5.365054 2.486182
v 2.348549 5.250334 2.428917
v 2.562376 5.129323 2.365330
v 2.751070 4.996453 2.259894
v 2.954079 4.871548 2.183399
v 3.192482 4.815782 2.227112
v 3.429746 4.782283 2.298054
v 3.668284 4.714564 2.320745
v 3.905845 4.639541 2.331920
v 4.142008 4.554947 2.319462
v 4.376551 4.484138 2.274231
v 4.610187 4.428492 2.220959
v 4.844936 4.381699 2.157167
v 5.079480 4.381080 2.079978
v 5.309856 4.333104 2.025118
v 5.542890 4.341425 1.949957
v 5.748849 4.205949 1.997295
v 5.767028 4.057235 2.191187
v 5.928876 3.904099 2.302864
v 6.120617 3.747449 2.346504
v 6.314320 3.589690 2.382247
v -6.606758 4.014134 1.854955
v -6.485148 4.190120 1.994287
v -6.390309 4.357232 2.168611
v -6.229360 4.515809 2.279264
v -6.049957 4.644858 2.354020
v -5.818929 4.684459 2.282740
v -5.567361 4.702904 2.283563
v -5.322128 4.718508 2.282803
v -5.080326 4.744355 2.276649
v -4.844288 4.773178 2.260718
v -4.611358 4.802591 2.248544
v -4.380296 4.835367 2.239310
v -4.151419 4.860065 2.221818
v -3.928881 4.875998 2.200977
v -3.718379 4.923944 2.240305
v -3.511405 4.901473 2.153626
v -3.286742 4.931239 2.142727
v -3.053882 4.952368 2.134580
v -2.820333 4.936643 2.096134
v -2.583762 4.920804 2.063473
v -2.341789 4.914416 2.039714
v -2.094773 4.923858 2.025211
v -1.844982 4.910756 2.004672
v -1.591919 4.891349 1.982212
v -1.343429 4.953595 1.989573
v -1.139577 5.098324 2.051066
v -0.969593 5.274399 2.134189
v -0.822314 5.468760 2.228008
v -0.654377 5.652713 2.304394
v -0.460010 5.817588 2.356530
v -0.232870 5.953582 2.395385
v 0.016036 6.036300 2.442903
v 0.264014 6.098973 2.496543
v 0.518136 6.113952 2.537515
v 0.775250 6.096007 2.553082
v 1.018389 6.000314 2.542884
v 1.245004 5.878620 2.513837
v 1.479468 5.778191 2.489835
v 1.716256 5.685246 2.470776
v 1.952258 5.593216 2.451171
v 2.185843 5.496064 2.427962
v 2.406478 5.379428 2.375532
v 2.615128 5.253571 2.299852
v 2.802474 5.119718 2.190178
v 3.001100 4.991744 2.098104
v 3.239899 4.912107 2.115349
v 3.475900 4.895692 2.202046
v 3.713227 4.829985 2.232342
v 3.951473 4.774578 2.275664
v 4.186402 4.702530 2.294486
v 4.422607 4.630855 2.310585
v 4.657983 4.550520 2.306693
v 4.890716 4.482326 2.271724
v 5.122145 4.437068 2.227518
v 5.350955 4.384839 2.175542
v 5.572582 4.390145 2.104123
v 5.782981 4.323399 2.095876
v 5.825269 4.172156 2.284324
v 6.024512 4.023318 2.319378
v 6.215234 3.867466 2.343771
v 6.408544 3.705899 2.339470
v -6.715068 4.111937 1.834368
v -6.587688 4.291954 1.970824
v -6.446758 4.472613 2.098356
v -6.284074 4.640767 2.196291
v -6.110460 4.826282 2.296982
v -5.832370 4.824551 2.242378
v -5.580496 4.841705 2.224007
v -5.329957 4.860473 2.209678
v -5.087775 4.881585 2.187571
v -4.851315 4.904973 2.159069
v -4.618300 4.929527 2.130095
v -4.387649 4.957814 2.108220
v -4.158654 4.983128 2.087020
v -3.930268 5.004334 2.072127
v -3.732942 5.090253 2.156965
v -3.546864 5.023838 2.031795
v -3.316695 5.066180 2.038842
v -3.079560 5.073933 2.021919
v -2.850509 5.026987 1.964405
v -2.612914 4.994685 1.925281
v -2.367290 4.982532 1.902875
v -2.117398 4.975018 1.885324
v -1.865708 4.949681 1.862296
v -1.610683 4.950693 1.847043
v -1.368786 5.031205 1.866644
v -1.165979 5.177289 1.929588
v -0.993348 5.351473 2.012118
v -0.831196 5.532933 2.096753
v -0.655250 5.707863 2.167650
v -0.436499 5.839797 2.213729
v -0.194654 5.926830 2.256598
v 0.044991 6.010003 2.300528
v 0.287354 6.085912 2.339933
v 0.537748 6.175233 2.381644
v 0.792572 6.127427 2.397221
v 1.033045 6.041584 2.391970
v 1.262715 5.932894 2.371399
v 1.495219 5.832213 2.349195
v 1.733993 5.747563 2.333973
v 1.980208 5.683190 2.331838
v 2.218182 5.597080 2.317460
v 2.446984 5.495326 2.286203
v 2.662962 5.375253 2.227398
v 2.857453 5.245771 2.129919
v 3.055499 5.121158 2.032758
v 3.287671 5.025836 2.021589
v 3.523991 5.000150 2.099830
v 3.758149 4.922793 2.118321
v 3.995646 4.895852 2.187384
v 4.232244 4.834453 2.228396
v 4.467973 4.775666 2.267157
v 4.701501 4.710461 2.299709
v 4.935277 4.640423 2.308564
v 5.167649 4.569379 2.305979
v 5.395079 4.495346 2.293778
v 5.615190 4.471018 2.247932
v 5.807573 4.425521 2.222467
v 5.943837 4.296325 2.344857
v 6.121788 4.147038 2.317626
v 6.310761 3.987469 2.319427
v 6.491117 3.816841 2.272174
v -6.656986 4.166005 1.711263
v -6.555689 4.356845 1.843541
v -6.454948 4.552390 1.975856
v -6.334244 4.777642 2.105335
v -6.096863 4.879888 2.130257
v -5.840303 4.877466 2.106089
v -5.587038 4.907643 2.086727
v -5.339036 4.937805 2.068755
v -5.096185 4.975182 2.051741
v -4.859787 5.017828 2.035572
v -4.627068 5.056410 2.015757
v -4.396884 5.091145 1.994929
v -4.167112 5.117476 1.970688
v -3.936624 5.143281 1.957354
v -3.750113 5.236664 2.050203
v -3.575214 5.159309 1.921031
v -3.341860 5.193992 1.927896
v -3.103720 5.183287 1.898231
v -2.878566 5.117189 1.833947
v -2.638608 5.076330 1.793686
v -2.390106 5.052469 1.769107
v -2.138217 5.033157 1.749524
v -1.884884 5.014468 1.729935
v -1.629853 5.012778 1.713562
v -1.393977 5.109048 1.743170
v -1.201955 5.265340 1.817385
v -1.036267 5.441705 1.905169
v -0.852372 5.607770 1.972702
v -0.640718 5.745275 2.022779
v -0.406592 5.839644 2.068097
v -0.166297 5.914879 2.110175
v 0.072277 5.995404 2.148337
v 0.311776 6.075958 2.185014
v 0.554178 6.135274 2.212538
v 0.802060 6.124493 2.231512
v 1.046292 6.069378 2.235406
v 1.280518 5.978845 2.223338
v 1.512699 5.882572 2.205035
v 1.751422 5.801003 2.192300
v 1.995737 5.737872 2.188205
v 2.240459 5.676046 2.184897
v 2.470549 5.581307 2.160928
v 2.702277 5.491397 2.136819
v 2.915608 5.375623 2.073703
v 3.120830 5.259464 1.996134
v 3.338043 5.151480 1.940078
v 3.573981 5.107390 2.002467
v 3.804651 5.019918 2.005113
v 4.040877 4.995098 2.075477
v 4.275986 4.928515 2.109517
v 4.512302 4.897746 2.174749
v 4.746213 4.844662 2.223496
v 4.980142 4.790762 2.255820
v 5.212576 4.735098 2.290953
v 5.442492 4.674469 2.303650
v 5.670777 4.620582 2.309510
v 5.888766 4.554370 2.274364
v 6.058929 4.433105 2.358724
v 6.221941 4.279380 2.298520
v 6.395973 4.101766 2.257679
v 6.551600 3.917284 2.175885
v -6.523036 4.110536 1.683483
v -6.420806 4.303155 1.824528
v -6.337205 4.537439 1.889753
v -6.297536 4.780835 1.928329
v -6.076579 4.877038 1.953773
v -5.832962 4.908871 1.952799
v -5.591459 4.962904 1.945782
v -5.346847 5.017050 1.934025
v -5.105898 5.067738 1.920072
v -4.869193 5.121075 1.905377
v -4.636956 5.173898 1.891068
v -4.407759 5.222239 1.877645
v -4.178839 5.257113 1.857502
v -3.950155 5.289989 1.845720
v -3.768195 5.383272 1.935647
v -3.596521 5.303041 1.810760
v -3.361910 5.318995 1.808780
v -3.127466 5.285592 1.767861
v -2.902707 5.209878 1.704759
v -2.660214 5.160460 1.665657
v -2.409001 5.130864 1.642004
v -2.154651 5.112628 1.624439
v -1.904830 5.072655 1.595912
v -1.649962 5.078111 1.580935
v -1.425550 5.196169 1.628489
v -1.248553 5.361044 1.716501
v -1.064631 5.525442 1.788459
v -0.848985 5.657724 1.833787
v -0.617538 5.757874 1.875098
v -0.380966 5.840698 1.916228
v -0.142592 5.916490 1.955564
v 0.095001 5.994275 1.992429
v 0.331688 6.068562 2.023093
v 0.571906 6.129355 2.047774
v 0.818119 6.127997 2.066985
v 1.062814 6.096809 2.077145
v 1.299794 6.022377 2.072167
v 1.532583 5.932851 2.058584
v 1.770103 5.853691 2.047534
v 2.013474 5.792757 2.043803
v 2.255447 5.730506 2.038353
v 2.491574 5.653439 2.024929
v 2.731144 5.589066 2.020143
v 2.966093 5.506114 2.005020
v 3.181109 5.396271 1.949537
v 3.392091 5.285995 1.876450
v 3.625715 5.224599 1.916109
v 3.851336 5.128694 1.899319
v 4.087755 5.095780 1.964737
v 4.318839 5.009488 1.980568
v 4.554154 4.960644 2.027366
v 4.789388 4.930747 2.086259
v 5.024522 4.910434 2.153503
v 5.259519 4.869767 2.206163
v 5.494024 4.816686 2.236691
v 5.729751 4.771521 2.276397
v 5.957944 4.697259 2.288661
v 6.164009 4.577992 2.319668
v 6.307445 4.398015 2.236543
v 6.446577 4.202472 2.152144
v 6.579942 4.005445 2.057167
v -6.388198 4.048254 1.687792
v -6.305827 4.291891 1.728226
v -6.296357 4.547075 1.743842
v -6.284875 4.793346 1.763235
v -6.054831 4.879322 1.782513
v -5.816358 4.911805 1.790606
v -5.582560 4.986035 1.789602
v -5.349915 5.068992 1.786787
v -5.114390 5.145755 1.780642
v -4.880247 5.216559 1.771944
v -4.648681 5.284513 1.761922
v -4.420976 5.349055 1.754153
v -4.194486 5.398536 1.741052
v -3.969956 5.441977 1.733555
v -3.786575 5.531504 1.814112
v -3.611756 5.451993 1.699355
v -3.378552 5.443251 1.683225
v -3.149372 5.385832 1.634102
v -2.922185 5.302644 1.576524
v -2.677001 5.248163 1.541707
v -2.423790 5.216035 1.519707
v -2.174398 5.166759 1.487767
v -1.926728 5.107968 1.453338
v -1.672643 5.155621 1.455838
v -1.465321 5.292030 1.525221
v -1.281403 5.452652 1.606411
v -1.062652 5.579734 1.650398
v -0.827116 5.669198 1.686831
v -0.592487 5.756658 1.724927
v -0.357729 5.843000 1.762614
v -0.121033 5.920607 1.799212
v 0.114356 5.996856 1.831932
v 0.350610 6.067183 1.860528
v 0.591075 6.118613 1.884179
v 0.835456 6.130355 1.903865
v 1.080982 6.125027 1.917881
v 1.320301 6.065395 1.918950
v 1.553603 5.982252 1.909541
v 1.791081 5.908592 1.901646
v 2.033336 5.850642 1.898967
v 2.275242 5.791904 1.895118
v 2.513030 5.720988 1.885436
v 2.754198 5.662835 1.885020
v 2.997653 5.612141 1.892647
v 3.226036 5.521124 1.865940
v 3.447223 5.424740 1.825586
v 3.678290 5.351193 1.835976
v 3.898784 5.250653 1.806849
v 4.135434 5.195495 1.852021
v 4.359234 5.090690 1.848753
v 4.596288 5.040195 1.891668
v 4.832906 5.016490 1.954272
v 5.068940 4.988103 2.013116
v 5.305056 4.949291 2.063296
v 5.543702 4.920106 2.119923
v 5.783677 4.899206 2.195906
v 6.023786 4.836250 2.253239
v 6.264943 4.726615 2.264989
v 6.346733 4.484149 2.122335
v 6.453734 4.277695 2.023738
v 6.583907 4.077572 1.929350
v -6.307011 4.044851 1.565993
v -6.288006 4.299825 1.578932
v -6.296926 4.552991 1.590724
v -6.270597 4.801782 1.601425
v -6.035757 4.876533 1.618403
v -5.793355 4.905190 1.626648
v -5.564476 4.987913 1.630041
v -5.341740 5.093314 1.630089
v -5.116823 5.196070 1.629912
v -4.888911 5.291415 1.628012
v -4.661793 5.382196 1.625794
v -4.437387 5.469028 1.624999
v -4.214234 5.540403 1.620705
v -3.994064 5.599614 1.620542
v -3.805430 5.679373 1.684019
v -3.623741 5.605385 1.584696
v -3.393149 5.564144 1.551247
v -3.167683 5.482214 1.498603
v -2.936830 5.393114 1.448725
v -2.690590 5.332136 1.416676
v -2.444125 5.266343 1.381169
v -2.203677 5.181266 1.342279
v -1.945652 5.167600 1.317779
v -1.703165 5.251009 1.349108
v -1.502459 5.392772 1.425673
v -1.282272 5.515296 1.471526
v -1.043828 5.594357 1.503247
v -0.804241 5.669466 1.537590
v -0.571004 5.761159 1.572771
v -0.337555 5.848902 1.607854
v -0.101999 5.926005 1.640735
v 0.132602 6.002369 1.671025
v 0.369123 6.069380 1.698244
v 0.610887 6.108958 1.721285
v 0.854192 6.125965 1.741380
v 1.098039 6.147383 1.757651
v 1.340459 6.106009 1.763851
v 1.575076 6.030227 1.758313
v 1.812773 5.962387 1.753591
v 2.055426 5.911752 1.754383
v 2.297258 5.856474 1.752615
v 2.535647 5.787992 1.744707
v 2.776827 5.729723 1.744333
v 3.020419 5.686690 1.753542
v 3.260890 5.630305 1.756974
v 3.492460 5.545512 1.738537
v 3.728999 5.481085 1.753604
v 3.950202 5.381702 1.726464
v 4.181299 5.296547 1.737220
v 4.400713 5.183517 1.722704
v 4.638609 5.129719 1.762442
v 4.876184 5.101297 1.820719
v 5.113008 5.072245 1.878726
v 5.349874 5.041167 1.936379
v 5.586658 5.016269 2.001775
v 5.826216 4.989250 2.074076
v 6.081826 4.952157 2.146410
v 6.253106 4.767827 2.076301
v 6.335779 4.545969 1.986321
v 6.442027 4.335931 1.887917
v 6.573732 4.136818 1.795676
v -6.338304 4.054801 1.421315
v -6.302930 4.305306 1.428020
v -6.298954 4.559402 1.436289
v -6.255089 4.806106 1.442719
v -6.017912 4.877757 1.457833
v -5.772579 4.898403 1.466022
v -5.540022 4.978321 1.470185
v -5.323272 5.095387 1.471368
v -5.109311 5.221179 1.472620
v -4.890745 5.339941 1.474977
v -4.671373 5.456056 1.478613
v -4.454983 5.571999 1.486000
v -4.237489 5.677498 1.493147
v -4.022333 5.766169 1.502459
v -3.823314 5.829327 1.548372
v -3.640079 5.763377 1.460132
v -3.406748 5.674628 1.413056
v -3.182554 5.571161 1.361478
v -2.949608 5.473078 1.317196
v -2.710981 5.382805 1.277350
v -2.478984 5.275599 1.236435
v -2.222478 5.231457 1.203749
v -1.965880 5.262264 1.205228
v -1.736667 5.359961 1.257368
v -1.508428 5.466210 1.299077
v -1.267408 5.536491 1.324528
v -1.024276 5.598312 1.353876
v -0.787567 5.683001 1.386522
v -0.554926 5.775324 1.419905
v -0.320975 5.860225 1.451781
v -0.085379 5.936175 1.482090
v 0.149512 6.011900 1.510794
v 0.387210 6.074275 1.536503
v 0.630473 6.103165 1.558928
v 0.873926 6.118375 1.579373
v 1.114535 6.162358 1.596469
v 1.359190 6.142720 1.607353
v 1.596412 6.076973 1.605630
v 1.834597 6.014021 1.603465
v 2.077945 5.971966 1.608202
v 2.320228 5.921707 1.609234
v 2.559425 5.857307 1.603891
v 2.800154 5.798326 1.602924
v 3.044280 5.754452 1.612346
v 3.288511 5.711904 1.624473
v 3.530338 5.654953 1.634043
v 3.772841 5.600379 1.653642
v 4.005013 5.517885 1.652705
v 4.222323 5.399476 1.620263
v 4.442227 5.282083 1.600528
v 4.680727 5.222756 1.634869
v 4.919079 5.192032 1.690727
v 5.156195 5.165203 1.750189
v 5.392911 5.135945 1.810238
v 5.630644 5.111656 1.878943
v 5.868287 5.088387 1.952946
v 6.099597 5.014117 1.977782
v 6.243704 4.823915 1.919953
v 6.321299 4.600863 1.837232
v 6.422860 4.387510 1.750900
v 6.545265 4.180890 1.658715
v -6.350123 4.060120 1.269733
v -6.311847 4.310924 1.275824
v -6.297873 4.564903 1.282222
v -6.240586 4.809962 1.286772
v -6.002045 4.881683 1.299293
v -5.754147 4.894758 1.307069
v -5.517413 4.968187 1.311816
v -5.298120 5.085172 1.313383
v -5.091266 5.224470 1.314139
v -4.883393 5.364906 1.317435
v -4.673113 5.502989 1.323938
v -4.465978 5.648448 1.334800
v -4.261051 5.796955 1.351543
v -4.051052 5.933501 1.374513
v -3.851637 6.000224 1.420723
v -3.656132 5.902877 1.320842
v -3.423512 5.771219 1.271208
v -3.197606 5.648327 1.221428
v -2.967714 5.530689 1.177037
v -2.740150 5.410390 1.134014
v -2.494576 5.329612 1.098561
v -2.236771 5.344081 1.105585
v -1.988087 5.374609 1.111923
v -1.747134 5.447483 1.140626
v -1.499028 5.495180 1.153879
v -1.254015 5.549962 1.175427
v -1.014478 5.626362 1.204928
v -0.777654 5.709492 1.236074
v -0.542362 5.795462 1.266469
v -0.307160 5.876792 1.295711
v -0.070843 5.951702 1.324037
v 0.165074 6.024749 1.351138
v 0.404933 6.080059 1.375473
v 0.649686 6.098875 1.397186
v 0.893783 6.111345 1.417679
v 1.131198 6.171527 1.435059
v 1.376587 6.175059 1.449615
v 1.617079 6.122665 1.452177
v 1.856194 6.064315 1.451916
v 2.100051 6.029221 1.459647
v 2.343471 5.987506 1.464868
v 2.583819 5.928716 1.462716
v 2.824871 5.870995 1.462957
v 3.069025 5.825749 1.472551
v 3.314611 5.785999 1.488347
v 3.560099 5.737103 1.503671
v 3.809498 5.709671 1.541859
v 4.050745 5.632504 1.547164
v 4.262515 5.498965 1.504513
v 4.483078 5.381626 1.480672
v 4.722429 5.320337 1.510570
v 4.961270 5.288892 1.564793
v 5.198493 5.261453 1.623315
v 5.435834 5.233103 1.684505
v 5.671825 5.214190 1.755809
v 5.904825 5.190652 1.821276
v 6.124320 5.087359 1.824398
v 6.238075 4.879447 1.761179
v 6.301649 4.650851 1.686844
v 6.395843 4.430764 1.607159
v 6.483579 4.204991 1.526485
v -6.371148 4.067892 1.118201
v -6.323581 4.317111 1.123619
v -6.296777 4.570461 1.128775
v -6.228384 4.814136 1.132652
v -5.987936 4.884465 1.142174
v -5.738355 4.893567 1.149118
v -5.498836 4.962915 1.153643
v -5.275496 5.075481 1.155743
v -5.067661 5.216724 1.156589
v -4.867301 5.370907 1.159280
v -4.666116 5.526894 1.166407
v -4.467206 5.694902 1.176859
v -4.271904 5.884380 1.190465
v -4.093726 6.093980 1.254050
v -3.904840 6.236682 1.281600
v -3.660732 5.996549 1.173125
v -3.435548 5.846331 1.126516
v -3.210482 5.708446 1.078583
v -2.983737 5.578284 1.034982
v -2.749905 5.467658 0.996178
v -2.499542 5.417773 0.980287
v -2.246717 5.433019 0.987763
v -1.996789 5.460120 0.991103
v -1.744955 5.485617 0.999430
v -1.496088 5.532784 1.010131
v -1.261308 5.624227 1.041273
v -1.014148 5.674824 1.060019
v -0.770237 5.740585 1.085976
v -0.532134 5.820101 1.113268
v -0.296034 5.899827 1.140209
v -0.058400 5.971684 1.166532
v 0.179756 6.039123 1.192015
v 0.422049 6.086000 1.215130
v 0.668117 6.096049 1.236012
v 0.913185 6.106276 1.256131
v 1.148557 6.176065 1.273854
v 1.392864 6.202016 1.290831
v 1.636620 6.166631 1.297904
v 1.877218 6.114276 1.299581
v 2.121501 6.083797 1.309071
v 2.366208 6.052622 1.318964
v 2.608277 6.001275 1.320978
v 2.850207 5.947052 1.323604
v 3.095074 5.904858 1.336101
v 3.340942 5.866165 1.354382
v 3.587223 5.825726 1.377026
v 3.836843 5.791392 1.408396
v 4.082319 5.718432 1.414877
v 4.296085 5.586203 1.379693
v 4.523493 5.481214 1.362199
v 4.763621 5.421943 1.389477
v 5.002773 5.388849 1.440134
v 5.240096 5.360283 1.496602
v 5.476557 5.335620 1.558330
v 5.708930 5.321796 1.628677
v 5.942026 5.288543 1.685498
v 6.143663 5.153619 1.669184
v 6.223422 4.929788 1.604364
v 6.282276 4.697327 1.535022
v 6.368816 4.471166 1.463387
v 6.441811 4.237520 1.388556
v -6.396262 4.077279 0.966568
v -6.335729 4.323923 0.971170
v -6.295778 4.575643 0.975818
v -6.218552 4.818343 0.979393
v -5.975477 4.883363 0.986005
v -5.724665 4.892065 0.991865
v -5.483663 4.960179 0.995557
v -5.257917 5.070069 0.997487
v -5.047016 5.208365 0.998978
v -4.848451 5.366534 1.001719
v -4.654511 5.532889 1.008235
v -4.461236 5.714932 1.015963
v -4.279104 5.917771 1.029956
v -4.133513 6.208809 1.053770
v -3.869061 6.370561 1.034090
v -3.646340 6.054125 1.015326
v -3.436072 5.892770 0.977856
v -3.213455 5.753472 0.934288
v -2.984903 5.628524 0.892705
v -2.747866 5.527904 0.858142
v -2.500186 5.460926 0.838835
v -2.245662 5.431376 0.836084
v -1.992420 5.458529 0.842336
v -1.744658 5.509304 0.855086
v -1.508082 5.604188 0.875647
v -1.262558 5.675812 0.898101
v -1.015259 5.730003 0.916929
v -0.765704 5.776724 0.937527
v -0.526165 5.853592 0.961429
v -0.289169 5.933031 0.986268
v -0.048203 5.996955 1.009745
v 0.193487 6.055131 1.033484
v 0.438003 6.093991 1.055467
v 0.685244 6.098800 1.075343
v 0.931606 6.104697 1.094676
v 1.166708 6.177591 1.112985
v 1.408580 6.222845 1.131188
v 1.654619 6.207654 1.142534
v 1.897341 6.164513 1.146767
v 2.142163 6.137345 1.157271
v 2.387898 6.115810 1.171156
v 2.631983 6.073966 1.178132
v 2.875546 6.025620 1.184378
v 3.121813 5.989061 1.200940
v 3.368612 5.954885 1.223742
v 3.614042 5.915739 1.248285
v 3.860059 5.860673 1.265157
v 4.097410 5.773105 1.262582
v 4.328555 5.671177 1.249288
v 4.563276 5.581387 1.243438
v 4.804229 5.525402 1.268976
v 5.043498 5.490930 1.315063
v 5.280189 5.463118 1.368916
v 5.514580 5.442452 1.429685
v 5.745757 5.428763 1.498990
v 5.978176 5.377979 1.543526
v 6.154308 5.212039 1.511682
v 6.203905 4.976860 1.450163
v 6.268888 4.742992 1.385555
v 6.361629 4.515222 1.319327
v 6.462182 4.288797 1.252198
v -6.421040 4.087769 0.814608
v -6.348307 4.330972 0.818679
v -6.296042 4.580777 0.823218
v -6.211014 4.822068 0.826354
v -5.965055 4.879111 0.830432
v -5.712900 4.888815 0.835060
v -5.470437 4.956216 0.837620
v -5.243581 5.065972 0.838613
v -5.030754 5.202263 0.839791
v -4.831686 5.359813 0.842626
v -4.641860 5.530001 0.848669
v -4.458310 5.711938 0.861005
v -4.288450 5.913858 0.872698
v -4.140445 6.193994 0.819214
v -3.873611 6.274022 0.804881
v -3.650377 6.056619 0.853510
v -3.434200 5.918138 0.822912
v -3.212028 5.788141 0.785036
v -2.982848 5.671747 0.748166
v -2.745628 5.569947 0.716365
v -2.499096 5.487808 0.694918
v -2.243598 5.436840 0.688313
v -1.982629 5.434657 0.696955
v -1.727633 5.484160 0.711957
v -1.486973 5.574542 0.729353
v -1.250345 5.677614 0.744043
v -1.001903 5.732369 0.766211
v -0.758118 5.797499 0.786941
v -0.521946 5.886478 0.809303
v -0.282931 5.965441 0.831976
v -0.039540 6.026546 0.854250
v 0.205977 6.074281 0.875821
v 0.452563 6.106433 0.896460
v 0.700901 6.111534 0.915693
v 0.948544 6.108486 0.933418
v 1.185005 6.178998 0.952387
v 1.424329 6.238178 0.970996
v 1.670975 6.244659 0.985812
v 1.916067 6.214616 0.993382
v 2.161797 6.191565 1.004890
v 2.408400 6.177273 1.021624
v 2.654530 6.146325 1.033995
v 2.900331 6.106138 1.044963
v 3.148794 6.075826 1.065747
v 3.396782 6.051032 1.095472
v 3.641606 6.012312 1.120954
v 3.883122 5.934710 1.124447
v 4.121767 5.841730 1.121122
v 4.361053 5.754394 1.117564
v 4.602111 5.681149 1.122340
v 4.844206 5.629565 1.146892
v 5.083186 5.595595 1.188414
v 5.318413 5.569704 1.239284
v 5.551609 5.550491 1.299107
v 5.782457 5.532051 1.364744
v 6.010635 5.457195 1.394264
v 6.155759 5.263860 1.353837
v 6.187662 5.022164 1.297821
v 6.268900 4.789106 1.238564
v 6.380732 4.565767 1.180860
v 6.490697 4.342058 1.118854
v -6.446372 4.099459 0.662533
v -6.362972 4.339238 0.666077
v -6.299528 4.586519 0.670411
v -6.206038 4.824934 0.673177
v -5.956672 4.873475 0.675475
v -5.703183 4.884176 0.678724
v -5.458961 4.950260 0.679890
v -5.231032 5.060392 0.679369
v -5.017295 5.197122 0.679484
v -4.817815 5.354016 0.681354
v -4.629375 5.525480 0.687063
v -4.450570 5.707633 0.695820
v -4.283517 5.896644 0.699187
v -4.107536 6.068995 0.690220
v -3.880928 6.143037 0.679422
v -3.652498 6.053714 0.676201
v -3.435072 5.931481 0.657037
v -3.212078 5.813200 0.628546
v -2.980341 5.706182 0.598993
v -2.740158 5.611704 0.574122
v -2.492337 5.531991 0.555491
v -2.236268 5.479198 0.548349
v -1.975410 5.461662 0.553287
v -1.717076 5.486086 0.565987
v -1.466707 5.547772 0.583818
v -1.223812 5.627897 0.600112
v -0.979706 5.701044 0.618660
v -0.738535 5.780890 0.636664
v -0.505862 5.880931 0.654915
v -0.268940 5.968167 0.675901
v -0.026229 6.034020 0.697496
v 0.218850 6.086090 0.718129
v 0.466377 6.120434 0.737892
v 0.715256 6.124736 0.756466
v 0.963791 6.118307 0.772955
v 1.202225 6.183494 0.791833
v 1.440205 6.250025 0.810538
v 1.685854 6.277231 0.827695
v 1.932937 6.263227 0.838911
v 2.180016 6.246298 0.851843
v 2.427871 6.237737 0.870685
v 2.675531 6.218971 0.889008
v 2.923942 6.189367 0.905791
v 3.175099 6.163080 0.929718
v 3.424024 6.158566 0.973587
v 3.671863 6.111510 0.993696
v 3.906598 6.004472 0.985300
v 4.146984 5.910616 0.983451
v 4.393338 5.837134 0.987116
v 4.639375 5.779056 0.998321
v 4.883324 5.734395 1.022062
v 5.121876 5.703262 1.059585
v 5.355805 5.678710 1.107776
v 5.588081 5.658236 1.165223
v 5.818750 5.628993 1.223646
v 6.036821 5.525257 1.238605
v 6.151220 5.311649 1.197520
v 6.182944 5.066568 1.146753
v 6.293527 4.840684 1.099114
v 6.423285 4.623758 1.053185
v 6.522032 4.394024 0.985618
v -6.472723 4.112494 0.510436
v -6.379333 4.348284 0.513529
v -6.305224 4.592839 0.517634
v -6.203101 4.828132 0.519796
v -5.949780 4.863230 0.521343
v -5.695655 4.878835 0.522738
v -5.449710 4.943270 0.522354
v -5.220446 5.053372 0.520112
v -5.006593 5.191451 0.518139
v -4.806533 5.348342 0.517898
v -4.619239 5.518734 0.519795
v -4.443628 5.695887 0.520686
v -4.276564 5.873468 0.516412
v -4.105690 6.038853 0.505343
v -3.882632 6.120390 0.497499
v -3.654400 6.046540 0.494562
v -3.436723 5.937613 0.483327
v -3.212252 5.829320 0.465242
v -2.977658 5.732533 0.445090
v -2.733859 5.649890 0.427871
v -2.482609 5.583275 0.416589
v -2.226611 5.532501 0.411516
v -1.967834 5.498637 0.411897
v -1.707070 5.495485 0.420215
v -1.450883 5.532166 0.436176
v -1.202737 5.600652 0.452626
v -0.959196 5.679857 0.469177
v -0.718473 5.762732 0.486535
v -0.482084 5.854064 0.504076
v -0.247412 5.945119 0.522119
v -0.008457 6.020065 0.541212
v 0.234401 6.077959 0.560133
v 0.481030 6.114501 0.578586
v 0.728988 6.113915 0.597356
v 0.976945 6.132393 0.612994
v 1.217180 6.193173 0.631216
v 1.455701 6.261228 0.649884
v 1.699400 6.306407 0.668521
v 1.947505 6.310352 0.683199
v 2.196403 6.300467 0.697532
v 2.446337 6.297351 0.718600
v 2.695591 6.294713 0.744575
v 2.945519 6.276882 0.769311
v 3.198013 6.245145 0.791604
v 3.450474 6.250659 0.837733
v 3.696093 6.176569 0.847302
v 3.928124 6.062953 0.844174
v 4.171501 5.973722 0.846043
v 4.423162 5.916492 0.856033
v 4.674162 5.873855 0.870861
v 4.920699 5.839917 0.894161
v 5.159947 5.813710 0.928596
v 5.393122 5.789721 0.973406
v 5.624546 5.764410 1.026457
v 5.854250 5.717231 1.074980
v 6.056087 5.582968 1.078810
v 6.146627 5.356753 1.043008
v 6.198505 5.113176 1.000682
v 6.337852 4.899359 0.970576
v 6.429683 4.661287 0.911855
v 6.463316 4.412323 0.852749
v -6.499162 4.126590 0.358078
v -6.395673 4.357949 0.360805
v -6.310932 4.598983 0.364539
v -6.200179 4.829637 0.366211
v -5.945277 4.858980 0.367151
v -5.690275 4.873204 0.367127
v -5.443062 4.936019 0.365048
v -5.212482 5.045723 0.360926
v -4.998338 5.184482 0.355969
v -4.798275 5.341041 0.351323
v -4.611989 5.508747 0.346417
v -4.438119 5.681707 0.340062
v -4.273423 5.855897 0.331142
v -4.104111 6.022920 0.321682
v -3.884815 6.111447 0.316349
v -3.655311 6.044337 0.312833
v -3.437035 5.940794 0.306762
v -3.211674 5.840292 0.297428
v -2.975055 5.751978 0.286419
v -2.728428 5.679138 0.277260
v -2.474947 5.620783 0.271941
v -2.217925 5.572978 0.269780
v -1.958756 5.535751 0.270647
v -1.698251 5.517719 0.275726
v -1.438999 5.536831 0.288072
v -1.186949 5.592987 0.303535
v -0.941653 5.668931 0.318730
v -0.700849 5.752856 0.334424
v -0.464645 5.843882 0.350408
v -0.230865 5.936750 0.366428
v 0.006369 6.016079 0.383587
v 0.248726 6.073893 0.401319
v 0.495707 6.101938 0.419109
v 0.743116 6.105764 0.437556
v 0.986950 6.153159 0.453474
v 1.229265 6.208415 0.470806
v 1.470018 6.274179 0.489010
v 1.711520 6.336186 0.508974
v 1.959511 6.360979 0.527410
v 2.211058 6.356277 0.544276
v 2.463252 6.357430 0.567342
v 2.714838 6.373813 0.600099
v 2.966361 6.345795 0.621654
v 3.218148 6.316702 0.647331
v 3.472559 6.304150 0.678110
v 3.712071 6.207824 0.689736
v 3.944635 6.098413 0.695854
v 4.193263 6.026108 0.706049
v 4.449246 5.987151 0.721784
v 4.704957 5.963154 0.739708
v 4.955401 5.944889 0.763370
v 5.197447 5.926848 0.794789
v 5.431531 5.903261 0.835321
v 5.662177 5.867828 0.882271
v 5.888876 5.796007 0.919777
v 6.070302 5.632680 0.917141
v 6.152086 5.398138 0.889660
v 6.229688 5.159663 0.862214
v 6.322374 4.921136 0.825394
v 6.318645 4.663930 0.816562
v 6.327553 4.407939 0.798097
v -6.524417 4.141363 0.205325
v -6.410459 4.367609 0.207698
v -6.316316 4.604780 0.210944
v -6.197618 4.830975 0.212302
v -5.942208 4.854639 0.212511
v -5.687134 4.867117 0.211487
v -5.439145 4.928554 0.207840
v -5.207630 5.037076 0.201318
v -4.993221 5.175593 0.192526
v -4.793447 5.331455 0.181996
v -4.607285 5.497704 0.170157
v -4.433800 5.669576 0.158006
v -4.269482 5.844584 0.147328
v -4.101651 6.012836 0.138617
v -3.886093 6.108449 0.135189
v -3.656454 6.047295 0.132592
v -3.437080 5.946635 0.129403
v -3.210354 5.850443 0.126818
v -2.971498 5.767725 0.124814
v -2.722699 5.700782 0.123992
v -2.467365 5.647935 0.124870
v -2.208901 5.605058 0.126569
v -1.949329 5.570050 0.128720
v -1.689051 5.547822 0.132323
v -1.429167 5.554489 0.140891
v -1.174517 5.598868 0.153699
v -0.927704 5.669855 0.167286
v -0.686838 5.753352 0.181074
v -0.450321 5.843013 0.195345
v -0.215951 5.933145 0.210052
v 0.020410 6.013732 0.225543
v 0.262423 6.070484 0.242073
v 0.509241 6.094194 0.259353
v 0.757153 6.102525 0.276835
v 0.992464 6.183187 0.294299
v 1.238364 6.226886 0.310583
v 1.481744 6.287210 0.328480
v 1.721355 6.364705 0.348904
v 1.971178 6.395717 0.368032
v 2.224818 6.400895 0.389114
v 2.479149 6.409209 0.413163
v 2.732678 6.410778 0.439297
v 2.984334 6.380345 0.462778
v 3.236071 6.348926 0.487528
v 3.488000 6.315130 0.511542
v 3.722968 6.215612 0.530162
v 3.959069 6.116967 0.544358
v 4.212080 6.063807 0.562017
v 4.471002 6.044249 0.583150
v 4.729407 6.041735 0.604200
v 4.992599 6.051305 0.624861
v 5.232269 6.041485 0.658674
v 5.468120 6.026908 0.688459
v 5.708411 5.967682 0.732774
v 5.924397 5.867031 0.759763
v 6.083062 5.677785 0.754463
v 6.165050 5.434917 0.740274
v 6.228853 5.183797 0.718200
v 6.244133 4.927756 0.702095
v 6.257320 4.672740 0.685020
v 6.338431 4.425190 0.653115
v -6.546966 4.156034 0.051987
v -6.422537 4.376455 0.053953
v -6.320787 4.610036 0.056714
v -6.195473 4.832098 0.057919
v -5.940331 4.850610 0.057405
v -5.685486 4.859909 0.055665
v -5.437537 4.919532 0.050403
v -5.205845 5.026761 0.041062
v -4.991604 5.164635 0.028107
v -4.791884 5.320394 0.012208
v -4.604856 5.487124 -0.005591
v -4.429585 5.660880 -0.022668
v -4.264423 5.837684 -0.036295
v -4.097514 6.007390 -0.045060
v -3.886623 6.109355 -0.046530
v -3.656762 6.055949 -0.047643
v -3.436654 5.958049 -0.047626
v -3.207577 5.862800 -0.043857
v -2.966265 5.781832 -0.037100
v -2.715318 5.717465 -0.029517
v -2.458674 5.668119 -0.022902
v -2.199360 5.630041 -0.017831
v -1.939463 5.599608 -0.014222
v -1.679504 5.579021 -0.010935
v -1.419828 5.580128 -0.005084
v -1.164081 5.615478 0.004550
v -0.916093 5.680722 0.015948
v -0.674729 5.761715 0.027760
v -0.437613 5.848188 0.039869
v -0.202313 5.934163 0.052779
v 0.033842 6.013301 0.066827
v 0.275324 6.069984 0.082218
v 0.521720 6.093375 0.098785
v 0.768480 6.105598 0.116160
v 1.002803 6.189918 0.132894
v 1.248624 6.235056 0.150686
v 1.492435 6.294856 0.168125
v 1.733010 6.370709 0.186230
v 1.983708 6.406052 0.205886
v 2.239214 6.407424 0.228380
v 2.494638 6.423787 0.250776
v 2.748872 6.420033 0.273975
v 3.000232 6.385004 0.297774
v 3.249559 6.341317 0.322103
v 3.496963 6.299710 0.346211
v 3.731848 6.209106 0.369132
v 3.973507 6.125940 0.391697
v 4.228308 6.084895 0.415166
v 4.488594 6.082911 0.439697
v 4.752237 6.105606 0.461371
v 5.014465 6.143686 0.485587
v 5.258336 6.171172 0.516537
v 5.511200 6.137800 0.546107
v 5.761137 6.066689 0.580148
v 5.973191 5.942603 0.601802
v 6.096507 5.712573 0.594545
v 6.159496 5.456784 0.594413
v 6.162980 5.195269 0.588546
v 6.169859 4.936383 0.577313
v 6.269884 4.687626 0.540222
v 6.427675 4.483707 0.552871
v -6.565020 4.169251 -0.102186
v -6.430964 4.383688 -0.100466
v -6.323913 4.614399 -0.098298
v -6.193845 4.833031 -0.097226
v -5.939504 4.846973 -0.098414
v -5.685507 4.851245 -0.101122
v -5.437950 4.908084 -0.107873
v -5.206866 5.014266 -0.119867
v -4.993190 5.152114 -0.136232
v -4.793212 5.308476 -0.156000
v -4.604420 5.476993 -0.178133
v -4.426412 5.653844 -0.200707
v -4.258908 5.834770 -0.219668
v -4.092304 6.007640 -0.230286
v -3.886051 6.115060 -0.229831
v -3.656918 6.072189 -0.229239
v -3.434672 5.975999 -0.224588
v -3.202716 5.877289 -0.212184
v -2.958776 5.794112 -0.196283
v -2.706039 5.730484 -0.181732
v -2.448447 5.683486 -0.170575
v -2.188792 5.649348 -0.162842
v -1.928934 5.624133 -0.158027
v -1.669263 5.607380 -0.154654
v -1.410226 5.607963 -0.150524
v -1.154428 5.637948 -0.143877
v -0.905774 5.697939 -0.134995
v -0.664271 5.776779 -0.125753
v -0.427360 5.861704 -0.116060
v -0.191210 5.943223 -0.105335
v 0.045862 6.018154 -0.092838
v 0.287188 6.073857 -0.078510
v 0.533080 6.099273 -0.062547
v 0.779983 6.105521 -0.045574
v 1.019615 6.170074 -0.028025
v 1.262885 6.218500 -0.008767
v 1.504347 6.283880 0.008403
v 1.745252 6.363871 0.023502
v 1.997707 6.391626 0.044935
v 2.252597 6.400908 0.067700
v 2.508349 6.415233 0.087979
v 2.763600 6.418814 0.108826
v 3.016465 6.387640 0.132303
v 3.266685 6.341651 0.156401
v 3.513040 6.300107 0.181777
v 3.746295 6.207125 0.208458
v 3.987974 6.125575 0.238752
v 4.242485 6.088253 0.267229
v 4.502177 6.095173 0.292480
v 4.760075 6.144104 0.315286
v 5.013975 6.209180 0.339695
v 5.274346 6.347458 0.353932
v 5.549987 6.199394 0.384394
v 5.814033 6.141787 0.412687
v 6.030471 5.996070 0.430717
v 6.118579 5.730128 0.442020
v 6.141944 5.466177 0.449556
v 6.128090 5.202596 0.446976
v 6.211193 4.950741 0.438299
v 6.381729 4.765640 0.486921
v 6.542627 4.573404 0.535923
v -6.577014 4.179518 -0.257168
v -6.435221 4.388615 -0.255544
v -6.325243 4.617393 -0.254207
v -6.192827 4.833692 -0.253417
v -5.940024 4.844241 -0.255556
v -5.687373 4.842736 -0.259540
v -5.440104 4.894377 -0.267227
v -5.210146 4.999930 -0.281296
v -4.997296 5.138533 -0.299760
v -4.796726 5.295921 -0.321569
v -4.606050 5.466007 -0.346446
v -4.425066 5.646102 -0.373762
v -4.254995 5.832683 -0.400175
v -4.087487 6.016593 -0.417933
v -3.884068 6.129165 -0.415997
v -3.661051 6.098798 -0.416899
v -3.429677 5.997664 -0.399453
v -3.195759 5.889587 -0.375407
v -2.949396 5.803343 -0.351344
v -2.695265 5.740277 -0.331821
v -2.436957 5.694791 -0.317569
v -2.177305 5.663260 -0.308150
v -1.917624 5.641976 -0.302706
v -1.658330 5.630038 -0.299279
v -1.399943 5.633441 -0.296250
v -1.144684 5.661350 -0.292082
v -0.895849 5.717079 -0.286018
v -0.655042 5.795646 -0.279535
v -0.419722 5.882896 -0.272496
v -0.182814 5.960888 -0.264083
v 0.056105 6.029437 -0.253366
v 0.298504 6.081727 -0.240134
v 0.543774 6.110069 -0.224698
v 0.790303 6.111633 -0.208454
v 1.034593 6.149695 -0.189001
v 1.277530 6.196494 -0.169639
v 1.518270 6.260268 -0.151349
v 1.761284 6.322514 -0.134239
v 2.011979 6.343538 -0.109865
v 2.264964 6.359037 -0.087788
v 2.519910 6.381488 -0.070978
v 2.776704 6.395497 -0.054970
v 3.030466 6.372091 -0.031347
v 3.286378 6.350917 -0.008831
v 3.535250 6.309547 0.016296
v 3.764609 6.202941 0.049392
v 4.003253 6.115306 0.086019
v 4.255917 6.072738 0.119556
v 4.513490 6.076344 0.146812
v 4.769656 6.116846 0.167169
v 5.027399 6.201585 0.165340
v 5.292469 6.222348 0.173281
v 5.557162 6.184280 0.212877
v 5.832395 6.135004 0.226907
v 6.042828 5.978739 0.250038
v 6.133193 5.722704 0.293209
v 6.155974 5.463651 0.303888
v 6.166261 5.203712 0.305939
v 6.297616 4.989505 0.326743
v 6.445369 4.786442 0.356709
v 6.552234 4.548990 0.391857
v -6.582499 4.185756 -0.412669
v -6.435698 4.391044 -0.411230
v -6.325304 4.618932 -0.410974
v -6.192555 4.833941 -0.411059
v -5.942067 4.843117 -0.414630
v -5.691322 4.837781 -0.420056
v -5.444032 4.879266 -0.427899
v -5.215584 4.984246 -0.443005
v -5.003778 5.124003 -0.462066
v -4.802504 5.281877 -0.484424
v -4.609646 5.452797 -0.510471
v -4.425781 5.635087 -0.540720
v -4.249102 5.833313 -0.579469
v -4.074833 6.041734 -0.615621
v -3.895920 6.172723 -0.597112
v -3.661704 6.136876 -0.603699
v -3.426831 6.013270 -0.569156
v -3.189781 5.896644 -0.534421
v -2.940312 5.809060 -0.503716
v -2.684170 5.747128 -0.479784
v -2.424881 5.702627 -0.463425
v -2.165119 5.671813 -0.453636
v -1.905546 5.651869 -0.448040
v -1.646453 5.642851 -0.444828
v -1.388827 5.651882 -0.442763
v -1.134376 5.681949 -0.440656
v -0.886081 5.735421 -0.437718
v -0.645975 5.812887 -0.434107
v -0.413354 5.905596 -0.429743
v -0.176108 5.983229 -0.423384
v 0.064928 6.044986 -0.414472
v 0.308823 6.093393 -0.402438
v 0.554566 6.123246 -0.388150
v 0.801369 6.118954 -0.371308
v 1.047249 6.133121 -0.352025
v 1.289922 6.179869 -0.332722
v 1.530538 6.238615 -0.313512
v 1.775271 6.282878 -0.292417
v 2.024619 6.297495 -0.266210
v 2.276454 6.304260 -0.240564
v 2.530109 6.313903 -0.219407
v 2.785905 6.330366 -0.206614
v 3.040206 6.307825 -0.180166
v 3.298764 6.315875 -0.169060
v 3.552482 6.292118 -0.148392
v 3.785635 6.189728 -0.108211
v 4.019495 6.092292 -0.065007
v 4.269542 6.040525 -0.026283
v 4.525947 6.032413 0.003936
v 4.783413 6.053811 0.026724
v 5.037852 6.075400 0.044627
v 5.291798 6.083652 0.060038
v 5.549507 6.104297 0.046835
v 5.803782 6.046815 0.061520
v 6.010805 5.910892 0.098795
v 6.133597 5.697781 0.138181
v 6.170016 5.451907 0.158619
v 6.218464 5.211310 0.169432
v 6.322709 4.983672 0.182625
v 6.399513 4.734735 0.226994
v 6.426568 4.498409 0.332807
v -6.582366 4.187807 -0.568323
v -6.433658 4.391436 -0.567486
v -6.324689 4.619149 -0.568659
v -6.194292 4.834070 -0.570143
v -5.945848 4.843219 -0.576034
v -5.697016 4.836357 -0.582697
v -5.449884 4.863801 -0.590331
v -5.223219 4.968294 -0.605220
v -5.012760 5.108474 -0.623265
v -4.810787 5.265372 -0.644614
v -4.615843 5.434999 -0.670118
v -4.428328 5.617431 -0.702396
v -4.244892 5.824662 -0.753324
v -4.080803 6.039253 -0.796330
v -3.938227 6.338050 -0.758618
v -3.607576 6.230064 -0.802131
v -3.416740 6.002358 -0.726919
v -3.177938 5.889652 -0.684527
v -2.927418 5.806836 -0.650237
v -2.670423 5.749605 -0.625377
v -2.411205 5.707705 -0.608912
v -2.151858 5.677039 -0.599142
v -1.892522 5.655718 -0.593555
v -1.633413 5.644702 -0.590525
v -1.375697 5.653142 -0.589962
v -1.122923 5.696115 -0.590252
v -0.875073 5.747742 -0.590368
v -0.633693 5.816735 -0.589816
v -0.399185 5.903984 -0.589323
v -0.160684 5.974788 -0.584362
v 0.079461 6.035334 -0.576826
v 0.322703 6.079321 -0.565635
v 0.567102 6.109355 -0.552629
v 0.812748 6.104992 -0.534850
v 1.058099 6.122142 -0.516605
v 1.299863 6.168057 -0.497163
v 1.541498 6.217844 -0.476264
v 1.787380 6.246516 -0.451787
v 2.036019 6.251686 -0.422909
v 2.286375 6.249721 -0.394007
v 2.538881 6.249336 -0.368993
v 2.792897 6.244374 -0.345755
v 3.048321 6.233706 -0.323536
v 3.306249 6.250102 -0.318491
v 3.565200 6.243119 -0.305999
v 3.806845 6.161073 -0.264935
v 4.035886 6.055052 -0.212711
v 4.282218 5.992455 -0.169503
v 4.536411 5.968530 -0.135522
v 4.790214 5.964177 -0.108922
v 5.040631 5.967259 -0.087932
v 5.289815 5.972302 -0.077956
v 5.534594 5.975823 -0.085969
v 5.772580 5.934580 -0.079322
v 5.999559 5.850916 -0.063878
v 6.155898 5.669113 -0.021381
v 6.195844 5.430866 0.015207
v 6.153112 5.176503 0.043138
v 6.203029 4.930378 0.117333
v 6.264042 4.694937 0.188330
v 6.308614 4.453457 0.258618
v -6.578338 4.186388 -0.723909
v -6.430785 4.390810 -0.724348
v -6.324141 4.618760 -0.727390
v -6.197926 4.833688 -0.730930
v -5.951307 4.844044 -0.739255
v -5.704241 4.835997 -0.747193
v -5.457651 4.849772 -0.755057
v -5.232962 4.954035 -0.768686
v -5.023976 5.092928 -0.784209
v -4.821024 5.246476 -0.803104
v -4.623894 5.411769 -0.826636
v -4.433132 5.589188 -0.857805
v -4.249167 5.784911 -0.902067
v -4.096806 6.014503 -0.963172
v -3.937335 6.319922 -1.084712
v -3.619311 6.082325 -0.950960
v -3.403586 5.952435 -0.872488
v -3.162960 5.854897 -0.827191
v -2.912036 5.785335 -0.794247
v -2.655079 5.742186 -0.770678
v -2.396384 5.709364 -0.754374
v -2.137602 5.681538 -0.744577
v -1.878849 5.658812 -0.739021
v -1.620007 5.642574 -0.736136
v -1.361308 5.643734 -0.736335
v -1.105190 5.670302 -0.737591
v -0.854199 5.718395 -0.740070
v -0.610096 5.784256 -0.742421
v -0.374719 5.868569 -0.745119
v -0.140207 5.947383 -0.744490
v 0.096359 6.014534 -0.739925
v 0.336661 6.063792 -0.730686
v 0.579569 6.092678 -0.717968
v 0.823656 6.095331 -0.701206
v 1.067497 6.116428 -0.683097
v 1.308912 6.158973 -0.662755
v 1.551708 6.197349 -0.639610
v 1.798012 6.211905 -0.611792
v 2.045904 6.207334 -0.579767
v 2.295184 6.195898 -0.547288
v 2.546555 6.182447 -0.516540
v 2.799545 6.166559 -0.487156
v 3.054127 6.153818 -0.463324
v 3.310714 6.152843 -0.450753
v 3.571100 6.161659 -0.450969
v 3.816295 6.095376 -0.410439
v 4.048780 5.998300 -0.355078
v 4.291980 5.928819 -0.309507
v 4.541790 5.889948 -0.273543
v 4.792057 5.869499 -0.245330
v 5.039629 5.861482 -0.225810
v 5.282725 5.859774 -0.220243
v 5.521676 5.856499 -0.226780
v 5.758248 5.828182 -0.224113
v 5.994025 5.783525 -0.224529
v 6.177025 5.631270 -0.181165
v 6.235484 5.396830 -0.127606
v 6.223102 5.147899 -0.082245
v 6.250044 4.904169 -0.018570
v 6.292659 4.658060 0.049816
v 6.298716 4.410581 0.118456
v -6.572031 4.182413 -0.879304
v -6.428659 4.389813 -0.881809
v -6.325292 4.618277 -0.887477
v -6.203153 4.833334 -0.893434
v -5.958402 4.845011 -0.904082
v -5.713021 4.835817 -0.913678
v -5.467770 4.839557 -0.922249
v -5.244712 4.943608 -0.933603
v -5.036002 5.079339 -0.946516
v -4.831220 5.226461 -0.962175
v -4.631406 5.384064 -0.982339
v -4.437042 5.553096 -1.009238
v -4.249032 5.736898 -1.047390
v -4.085800 5.925581 -1.142226
v -3.833235 6.078094 -1.256194
v -3.617520 5.956131 -1.071820
v -3.387857 5.869556 -1.007127
v -3.147449 5.788993 -0.961163
v -2.897519 5.733406 -0.930367
v -2.640800 5.709675 -0.912666
v -2.382157 5.700520 -0.899696
v -2.123442 5.685678 -0.890072
v -1.865239 5.665295 -0.884397
v -1.606853 5.645139 -0.881722
v -1.347753 5.636791 -0.882352
v -1.090184 5.656121 -0.885305
v -0.837240 5.699479 -0.890660
v -0.591596 5.763163 -0.897050
v -0.354790 5.844764 -0.903493
v -0.121982 5.927971 -0.907185
v 0.112006 6.000058 -0.905586
v 0.350034 6.053790 -0.898118
v 0.591282 6.083795 -0.886096
v 0.833736 6.091184 -0.870185
v 1.076272 6.114426 -0.851571
v 1.317646 6.150821 -0.829400
v 1.561469 6.176056 -0.803444
v 1.807716 6.177438 -0.771940
v 2.054858 6.162665 -0.736122
v 2.303226 6.140375 -0.698690
v 2.553121 6.114818 -0.661775
v 2.805049 6.089365 -0.627842
v 3.058607 6.070092 -0.600366
v 3.313486 6.060268 -0.583327
v 3.570086 6.056540 -0.577930
v 3.818049 6.005117 -0.542711
v 4.056209 5.923569 -0.492177
v 4.297885 5.854202 -0.448438
v 4.544012 5.805223 -0.412138
v 4.790674 5.773936 -0.384397
v 5.034746 5.757039 -0.368280
v 5.275119 5.750373 -0.365416
v 5.513293 5.741654 -0.367888
v 5.748761 5.717001 -0.364012
v 5.987352 5.706512 -0.380110
v 6.191909 5.583650 -0.339671
v 6.269003 5.358981 -0.276364
v 6.259492 5.114726 -0.221193
v 6.275051 4.866795 -0.157662
v 6.271457 4.618970 -0.089364
v 6.258096 4.373089 -0.017291
v -6.564071 4.176503 -1.033906
v -6.427891 4.388825 -1.039447
v -6.328617 4.618083 -1.048880
v -6.209656 4.832565 -1.057700
v -5.967111 4.847027 -1.070830
v -5.723910 4.835758 -1.082332
v -5.481450 4.837026 -1.091440
v -5.259399 4.936782 -1.100182
v -5.049324 5.066931 -1.109652
v -4.840383 5.204519 -1.121786
v -4.634964 5.352004 -1.138979
v -4.434146 5.508998 -1.163618
v -4.234677 5.659447 -1.199960
v -4.034510 5.793928 -1.249225
v -3.817049 5.880941 -1.282272
v -3.595787 5.831427 -1.203443
v -3.368849 5.762421 -1.135741
v -3.130641 5.698791 -1.086633
v -2.881545 5.653312 -1.054372
v -2.626015 5.638624 -1.039832
v -2.369525 5.656243 -1.038620
v -2.111728 5.674231 -1.035458
v -1.852926 5.671692 -1.029935
v -1.594686 5.654089 -1.027110
v -1.335942 5.638401 -1.028180
v -1.076997 5.645360 -1.033044
v -0.822185 5.683001 -1.041152
v -0.575108 5.745831 -1.051895
v -0.337345 5.827004 -1.063029
v -0.105397 5.913354 -1.071269
v 0.126660 5.990259 -1.073322
v 0.362704 6.048150 -1.067862
v 0.602170 6.080353 -1.056928
v 0.843075 6.092007 -1.041402
v 1.084641 6.114737 -1.021717
v 1.326425 6.141711 -0.997046
v 1.570967 6.152165 -0.967327
v 1.816897 6.140253 -0.931203
v 2.063351 6.114428 -0.890317
v 2.310524 6.081062 -0.847243
v 2.558835 6.044771 -0.804678
v 2.809375 6.011067 -0.766447
v 3.061789 5.984522 -0.735672
v 3.315141 5.965169 -0.713835
v 3.568831 5.947969 -0.698801
v 3.818642 5.907648 -0.670796
v 4.061851 5.844848 -0.631466
v 4.301402 5.774278 -0.588772
v 4.544047 5.717313 -0.552220
v 4.787397 5.677559 -0.526345
v 5.029580 5.655113 -0.513431
v 5.269600 5.645537 -0.511616
v 5.507777 5.629691 -0.508451
v 5.742900 5.604535 -0.501377
v 5.980385 5.621850 -0.530593
v 6.202363 5.530679 -0.498516
v 6.297015 5.315816 -0.428493
v 6.282480 5.074137 -0.364698
v 6.256247 4.828750 -0.297532
v 6.232155 4.582559 -0.225337
v 6.230022 4.334418 -0.155653
v -6.554131 4.168079 -1.186626
v -6.428223 4.387086 -1.196827
v -6.333188 4.617362 -1.211524
v -6.217385 4.831137 -1.224455
v -5.977443 4.851315 -1.239891
v -5.737513 4.835930 -1.253538
v -5.497530 4.836416 -1.262662
v -5.276120 4.932735 -1.268484
v -5.062301 5.054135 -1.273822
v -4.846974 5.178184 -1.281678
v -4.634037 5.309770 -1.295030
v -4.426945 5.444105 -1.318294
v -4.212902 5.559041 -1.343575
v -4.005785 5.669147 -1.384979
v -3.786092 5.752992 -1.413119
v -3.568618 5.701931 -1.331371
v -3.345045 5.645431 -1.260553
v -3.109185 5.593546 -1.207095
v -2.862052 5.559055 -1.172670
v -2.607737 5.547958 -1.153913
v -2.352184 5.570283 -1.155872
v -2.099633 5.617872 -1.169994
v -1.843723 5.655239 -1.174974
v -1.584576 5.661235 -1.172738
v -1.325993 5.648124 -1.173751
v -1.066881 5.644963 -1.180467
v -0.809877 5.671665 -1.191217
v -0.560577 5.730965 -1.206199
v -0.321719 5.812690 -1.222772
v -0.090121 5.902236 -1.236393
v 0.140370 5.983965 -1.242910
v 0.374746 6.045979 -1.240092
v 0.612328 6.081131 -1.230395
v 0.851708 6.096804 -1.214745
v 1.092800 6.115731 -1.193276
v 1.335476 6.129470 -1.165259
v 1.580394 6.123403 -1.130317
v 1.825836 6.097703 -1.088079
v 2.071316 6.060591 -1.041206
v 2.317003 6.017236 -0.992523
v 2.563739 5.972502 -0.945122
v 2.812839 5.931945 -0.903244
v 3.064001 5.898441 -0.869367
v 3.316291 5.870969 -0.843329
v 3.569135 5.846579 -0.823646
v 3.821407 5.817956 -0.805068
v 4.068718 5.773047 -0.777684
v 4.303508 5.692587 -0.731512
v 4.542415 5.627741 -0.694162
v 4.783654 5.582545 -0.670262
v 5.025358 5.557412 -0.659786
v 5.265820 5.545440 -0.658479
v 5.504010 5.522336 -0.650756
v 5.739682 5.495481 -0.640651
v 5.974427 5.533181 -0.677597
v 6.208626 5.473011 -0.656250
v 6.319840 5.267762 -0.581668
v 6.302441 5.028519 -0.508772
v 6.257347 4.787362 -0.437696
v 6.255488 4.541769 -0.363761
v 6.287001 4.298504 -0.285622
v -6.540822 4.154832 -1.335740
v -6.428992 4.382776 -1.353098
v -6.338381 4.615477 -1.374850
v -6.225629 4.828699 -1.394299
v -5.989438 4.858463 -1.411606
v -5.753762 4.836481 -1.427577
v -5.515518 4.837556 -1.435874
v -5.292168 4.929643 -1.437319
v -5.071807 5.037830 -1.438382
v -4.848853 5.143408 -1.441614
v -4.628770 5.251514 -1.450697
v -4.414859 5.364289 -1.469586
v -4.190175 5.446951 -1.478828
v -3.978024 5.548511 -1.516970
v -3.757026 5.631855 -1.545408
v -3.541781 5.576587 -1.457374
v -3.316872 5.526687 -1.384939
v -3.083812 5.481598 -1.325597
v -2.838403 5.455889 -1.287913
v -2.585762 5.451035 -1.266878
v -2.330335 5.471575 -1.261982
v -2.078787 5.522964 -1.279518
v -1.831320 5.590001 -1.305344
v -1.577604 5.641438 -1.317367
v -1.318483 5.654304 -1.319576
v -1.059742 5.652408 -1.326766
v -0.801744 5.669639 -1.340420
v -0.549641 5.720999 -1.359489
v -0.308437 5.801325 -1.381810
v -0.076391 5.893510 -1.402073
v 0.153219 5.979923 -1.414307
v 0.386264 6.046439 -1.414961
v 0.621901 6.085586 -1.406703
v 0.859844 6.104418 -1.390262
v 1.101352 6.115083 -1.366168
v 1.345090 6.111455 -1.333014
v 1.589985 6.087632 -1.290791
v 1.834533 6.048360 -1.241295
v 2.078709 6.000828 -1.188238
v 2.322918 5.949478 -1.134593
v 2.568231 5.898562 -1.083412
v 2.815964 5.852289 -1.038468
v 3.065908 5.813135 -1.001860
v 3.316900 5.779317 -0.972455
v 3.568902 5.750278 -0.950548
v 3.823277 5.738505 -0.945035
v 4.073765 5.698979 -0.924896
v 4.304625 5.608829 -0.873567
v 4.540285 5.538592 -0.837659
v 4.780676 5.490804 -0.816078
v 5.022457 5.464495 -0.807794
v 5.263403 5.450167 -0.806526
v 5.501585 5.421519 -0.796185
v 5.738201 5.393529 -0.784883
v 5.970811 5.444288 -0.823523
v 6.211563 5.412279 -0.812440
v 6.335756 5.215816 -0.735381
v 6.318738 4.980772 -0.653531
v 6.248776 4.746869 -0.577806
v 6.283573 4.498864 -0.500763
v 6.354264 4.268993 -0.412267
v -6.518917 4.134621 -1.480603
v -6.428387 4.373501 -1.505220
v -6.344707 4.610589 -1.538014
v -6.233336 4.823642 -1.567940
v -6.003446 4.870199 -1.586617
v -5.773328 4.839891 -1.606078
v -5.533934 4.845161 -1.609787
v -5.303494 4.923174 -1.605343
v -5.075437 5.013809 -1.602565
v -4.846289 5.097217 -1.601415
v -4.619810 5.181122 -1.603791
v -4.399638 5.275006 -1.616161
v -4.167019 5.331739 -1.607380
v -3.952103 5.429504 -1.645654
v -3.728988 5.511862 -1.674873
v -3.515861 5.454555 -1.580196
v -3.286758 5.414324 -1.510668
v -3.054819 5.370227 -1.445984
v -2.811599 5.348740 -1.402870
v -2.560439 5.350527 -1.379787
v -2.306095 5.372257 -1.370628
v -2.053054 5.418524 -1.378863
v -1.807035 5.489665 -1.409097
v -1.565290 5.572318 -1.445520
v -1.313607 5.633438 -1.464051
v -1.055297 5.655573 -1.472825
v -0.797656 5.673033 -1.488177
v -0.543620 5.716995 -1.510681
v -0.299228 5.793115 -1.539189
v -0.065317 5.886881 -1.567400
v 0.164340 5.978112 -1.587217
v 0.397531 6.050262 -1.593115
v 0.631210 6.094506 -1.586354
v 0.867755 6.113806 -1.568386
v 1.111029 6.109760 -1.539846
v 1.355726 6.084743 -1.498334
v 1.599789 6.043472 -1.447105
v 1.842972 5.991968 -1.390038
v 2.085715 5.935726 -1.331261
v 2.328724 5.878822 -1.273880
v 2.572768 5.823521 -1.219926
v 2.819224 5.772520 -1.172322
v 3.068292 5.730366 -1.134571
v 3.317531 5.691151 -1.102598
v 3.567675 5.655365 -1.077159
v 3.820390 5.641150 -1.074252
v 4.065649 5.592650 -1.050297
v 4.301594 5.519383 -1.013191
v 4.538219 5.451251 -0.982358
v 4.778671 5.403538 -0.964178
v 5.020827 5.376853 -0.957907
v 5.262029 5.360014 -0.956585
v 5.500383 5.328421 -0.945665
v 5.737973 5.300914 -0.935144
v 5.969867 5.358332 -0.971073
v 6.212348 5.349474 -0.967921
v 6.344495 5.159044 -0.889256
v 6.333065 4.927027 -0.798085
v 6.276515 4.697004 -0.712178
v 6.388881 4.490419 -0.601974
v 6.474260 4.273370 -0.496048
v -6.473493 4.106162 -1.616845
v -6.421722 4.356314 -1.651406
v -6.350972 4.599879 -1.698200
v -6.237399 4.817494 -1.750487
v -6.018458 4.883849 -1.771178
v -5.798990 4.851982 -1.794390
v -5.551558 4.856736 -1.785823
v -5.309814 4.909140 -1.773431
v -5.073971 4.979051 -1.766095
v -4.840130 5.042572 -1.760252
v -4.609128 5.104568 -1.754719
v -4.381614 5.179839 -1.756626
v -4.145251 5.216043 -1.732725
v -3.928382 5.312527 -1.772171
v -3.701634 5.390864 -1.799553
v -3.490198 5.333368 -1.699220
v -3.255552 5.309788 -1.638648
v -3.023560 5.266673 -1.571292
v -2.782149 5.243597 -1.521416
v -2.532720 5.249116 -1.494457
v -2.279616 5.273727 -1.481978
v -2.026249 5.316172 -1.482430
v -1.776932 5.380449 -1.501852
v -1.537944 5.468306 -1.544437
v -1.301689 5.563179 -1.591387
v -1.052386 5.632660 -1.617023
v -0.796380 5.670953 -1.634302
v -0.542380 5.714984 -1.659657
v -0.295408 5.786637 -1.693323
v -0.058942 5.881301 -1.730605
v 0.172852 5.980094 -1.762361
v 0.406650 6.058837 -1.773915
v 0.638636 6.111961 -1.771850
v 0.879372 6.124784 -1.748748
v 1.122827 6.095182 -1.712074
v 1.366578 6.047286 -1.660093
v 1.609717 5.990736 -1.598224
v 1.851347 5.929039 -1.533912
v 2.092939 5.866596 -1.470729
v 2.335248 5.806979 -1.411371
v 2.577831 5.748232 -1.355138
v 2.823050 5.693765 -1.305694
v 3.072725 5.655844 -1.271226
v 3.319439 5.608050 -1.235942
v 3.563617 5.556915 -1.202012
v 3.813051 5.535424 -1.197796
v 4.059633 5.496631 -1.183637
v 4.297728 5.430163 -1.153667
v 4.535850 5.366675 -1.128163
v 4.777336 5.321387 -1.114587
v 5.019986 5.294618 -1.110476
v 5.261551 5.275402 -1.109245
v 5.500432 5.243660 -1.099517
v 5.738975 5.218579 -1.091075
v 5.971557 5.277472 -1.121631
v 6.212991 5.285295 -1.122898
v 6.346524 5.097582 -1.041883
v 6.346609 4.869319 -0.942108
v 6.304497 4.638624 -0.842974
v 6.373881 4.420822 -0.729666
v 6.440623 4.199431 -0.617865
v -6.368337 4.080835 -1.715531
v -6.370945 4.323236 -1.784693
v -6.346741 4.579318 -1.850865
v -6.251384 4.803516 -1.924776
v -6.051676 4.902837 -1.971396
v -5.808472 4.866174 -1.977154
v -5.557647 4.868379 -1.959934
v -5.309379 4.890242 -1.940896
v -5.067374 4.934303 -1.927414
v -4.831712 4.981745 -1.918763
v -4.597438 5.027263 -1.905692
v -4.363877 5.079934 -1.892761
v -4.126059 5.102356 -1.858831
v -3.906268 5.198148 -1.897102
v -3.675076 5.268004 -1.918543
v -3.463526 5.212475 -1.814973
v -3.224276 5.210693 -1.768102
v -2.990460 5.173911 -1.702460
v -2.750944 5.146967 -1.647024
v -2.503160 5.151840 -1.614291
v -2.251641 5.177341 -1.596959
v -1.998524 5.217642 -1.590937
v -1.747180 5.274825 -1.598840
v -1.502900 5.354345 -1.628990
v -1.271639 5.456679 -1.686281
v -1.039527 5.558908 -1.742244
v -0.794551 5.641020 -1.777183
v -0.543432 5.703260 -1.805347
v -0.296321 5.776680 -1.843624
v -0.056939 5.872661 -1.891287
v 0.179044 5.986163 -1.941572
v 0.413550 6.074668 -1.964853
v 0.640272 6.159101 -1.963554
v 0.893888 6.150268 -1.936646
v 1.136976 6.065449 -1.880598
v 1.378732 5.999972 -1.815220
v 1.619344 5.929761 -1.743684
v 1.860039 5.861289 -1.673590
v 2.101621 5.795776 -1.608121
v 2.343724 5.735978 -1.548550
v 2.584018 5.673483 -1.490163
v 2.828041 5.618793 -1.439741
v 3.075989 5.572840 -1.403435
v 3.314111 5.505675 -1.355058
v 3.555868 5.450946 -1.321663
v 3.805303 5.434908 -1.324791
v 4.052459 5.402738 -1.317954
v 4.292343 5.341771 -1.293892
v 4.532936 5.284998 -1.275027
v 4.776192 5.244551 -1.266516
v 5.019789 5.217801 -1.264919
v 5.261957 5.196725 -1.264595
v 5.501669 5.167190 -1.257574
v 5.741143 5.146323 -1.251819
v 5.974838 5.202490 -1.276256
v 6.214324 5.219857 -1.278452
v 6.343397 5.031620 -1.192780
v 6.356147 4.806147 -1.083565
v 6.331079 4.580304 -0.974056
v 6.388890 4.357467 -0.860594
v 6.400608 4.129397 -0.741033
v -6.224852 4.073047 -1.748627
v -6.245475 4.309837 -1.858945
v -6.280160 4.530334 -1.971707
v -6.281798 4.767137 -2.094288
v -6.089338 4.911194 -2.206358
v -5.802694 4.889106 -2.165342
v -5.551892 4.883237 -2.135169
v -5.302827 4.882609 -2.110728
v -5.058019 4.883310 -2.088923
v -4.819476 4.914196 -2.074485
v -4.582458 4.950938 -2.056303
v -4.345315 4.981879 -2.028736
v -4.107947 4.995193 -1.987218
v -3.884566 5.084083 -2.019518
v -3.650517 5.142202 -2.031179
v -3.434062 5.094387 -1.930502
v -3.193564 5.112803 -1.896628
v -2.956594 5.090193 -1.837766
v -2.718053 5.063419 -1.781223
v -2.472475 5.064298 -1.742332
v -2.222626 5.087025 -1.718159
v -1.970517 5.123978 -1.704965
v -1.718078 5.174345 -1.702817
v -1.469610 5.243927 -1.718910
v -1.230263 5.337477 -1.759145
v -1.004618 5.447099 -1.828997
v -0.777535 5.557474 -1.895540
v -0.539244 5.656747 -1.943701
v -0.295197 5.746913 -1.987123
v -0.056928 5.852693 -2.046955
v 0.180459 5.974599 -2.114384
v 0.376469 6.135885 -2.161387
v 0.656218 6.143617 -2.158220
v 0.911693 6.099125 -2.111731
v 1.159946 6.034801 -2.048302
v 1.390840 5.937920 -1.963722
v 1.629391 5.862437 -1.884819
v 1.870387 5.790543 -1.810289
v 2.113621 5.726012 -1.745539
v 2.355464 5.666689 -1.686939
v 2.593199 5.600832 -1.625690
v 2.829494 5.528162 -1.564084
v 3.063979 5.455340 -1.507123
v 3.302087 5.390620 -1.462865
v 3.547356 5.346499 -1.442829
v 3.796264 5.337905 -1.453475
v 4.043948 5.309883 -1.451831
v 4.285837 5.254571 -1.433260
v 4.529369 5.206962 -1.422037
v 4.774490 5.172400 -1.419179
v 5.019376 5.146111 -1.420519
v 5.262861 5.124003 -1.422313
v 5.503998 5.098362 -1.419226
v 5.744390 5.082901 -1.416614
v 5.979133 5.132696 -1.434952
v 6.216992 5.151312 -1.434756
v 6.335302 4.960996 -1.340579
v 6.358068 4.739537 -1.222721
v 6.335173 4.513969 -1.103969
v 6.333337 4.292654 -0.979327
v 6.318471 4.072309 -0.848863
v -6.175297 4.023623 -1.878959
v -6.260190 4.235023 -1.983931
v -6.371516 4.470340 -2.069126
v -6.300540 4.683654 -2.274734
v -6.037360 4.741398 -2.296378
v -5.788496 4.776585 -2.280586
v -5.539547 4.793361 -2.268508
v -5.293001 4.804949 -2.255269
v -5.048076 4.810412 -2.245701
v -4.806823 4.837157 -2.230431
v -4.566738 4.870732 -2.206696
v -4.327483 4.897011 -2.172165
v -4.090611 4.902209 -2.127029
v -3.861416 4.963665 -2.136288
v -3.627199 5.011980 -2.135720
v -3.401181 4.984504 -2.051939
v -3.162028 5.012792 -2.022154
v -2.923008 5.008541 -1.973954
v -2.683688 4.993350 -1.922976
v -2.440720 4.991616 -1.880560
v -2.193107 5.006631 -1.847596
v -1.942470 5.038452 -1.826569
v -1.690491 5.080755 -1.814385
v -1.439519 5.140662 -1.818123
v -1.193811 5.222637 -1.841098
v -0.958761 5.324295 -1.892664
v -0.735845 5.438039 -1.967993
v -0.513545 5.553857 -2.043988
v -0.283462 5.667599 -2.109495
v -0.051497 5.788019 -2.178195
v 0.147428 5.957451 -2.273784
v 0.373877 6.126468 -2.402270
v 0.692720 6.082257 -2.381820
v 0.934636 6.018375 -2.272860
v 1.174535 5.950909 -2.190569
v 1.408017 5.866730 -2.102639
v 1.643583 5.788805 -2.018927
v 1.882448 5.716306 -1.942306
v 2.128243 5.660437 -1.883321
v 2.371603 5.600031 -1.827055
v 2.600915 5.512497 -1.752125
v 2.816762 5.412049 -1.663872
v 3.048978 5.335835 -1.607160
v 3.291337 5.279890 -1.576146
v 3.537972 5.246363 -1.567239
v 3.786393 5.244366 -1.584059
v 4.034018 5.217381 -1.584486
v 4.278231 5.169209 -1.572185
v 4.524497 5.132727 -1.569296
v 4.771371 5.104335 -1.571869
v 5.017846 5.079158 -1.576392
v 5.263346 5.057067 -1.581296
v 5.506922 5.035922 -1.583337
v 5.748785 5.026278 -1.584606
v 5.984461 5.066479 -1.597223
v 6.220948 5.078430 -1.590922
v 6.324337 4.887139 -1.486164
v 6.353915 4.670704 -1.355665
v 6.347936 4.445155 -1.232146
v 6.351649 4.220206 -1.105052
v 6.282635 4.006397 -0.974588
v -6.300861 3.955778 -1.911644
v -6.400177 4.197963 -1.961788
v -6.414156 4.369499 -2.166340
v -6.235170 4.477152 -2.296206
v -6.002143 4.540391 -2.296982
v -5.764376 4.578239 -2.265764
v -5.522885 4.604536 -2.262372
v -5.278363 4.626776 -2.280082
v -5.034162 4.654352 -2.294033
v -4.789715 4.688622 -2.295341
v -4.548542 4.729537 -2.289143
v -4.310116 4.770217 -2.278023
v -4.072610 4.792609 -2.251944
v -3.838028 4.832654 -2.242857
v -3.602491 4.874307 -2.232001
v -3.367702 4.890429 -2.184805
v -3.130874 4.910827 -2.147725
v -2.891870 4.922488 -2.108151
v -2.650589 4.930158 -2.068743
v -2.408330 4.935746 -2.027342
v -2.162280 4.940882 -1.986507
v -1.913534 4.963738 -1.956400
v -1.664002 4.997712 -1.935886
v -1.412366 5.044237 -1.924907
v -1.164787 5.118767 -1.939132
v -0.924015 5.209720 -1.975760
v -0.692447 5.315344 -2.033894
v -0.471128 5.430861 -2.110346
v -0.251962 5.549668 -2.190237
v -0.032688 5.675795 -2.270334
v 0.170180 5.819805 -2.391477
v 0.436108 5.924047 -2.489655
v 0.706230 5.959814 -2.483765
v 0.963676 5.921802 -2.430503
v 1.205535 5.862443 -2.335821
v 1.435135 5.786635 -2.239043
v 1.661260 5.704887 -2.146110
v 1.891462 5.628957 -2.064809
v 2.131173 5.563416 -2.002265
v 2.365537 5.487020 -1.932337
v 2.583839 5.389633 -1.841486
v 2.798579 5.290501 -1.755253
v 3.035458 5.219425 -1.710845
v 3.281334 5.177577 -1.696891
v 3.528270 5.150820 -1.695581
v 3.775644 5.153261 -1.715665
v 4.022960 5.125226 -1.716167
v 4.269603 5.087225 -1.711613
v 4.517892 5.062545 -1.716730
v 4.766254 5.039844 -1.724015
v 5.014416 5.016775 -1.731816
v 5.262252 4.995548 -1.739991
v 5.509190 4.978221 -1.747554
v 5.754808 4.973527 -1.754717
v 5.994872 5.001435 -1.764377
v 6.225145 5.000716 -1.747152
v 6.315866 4.811646 -1.632731
v 6.360849 4.604858 -1.485208
v 6.380918 4.375107 -1.356185
v 6.303783 4.155618 -1.227291
v 6.190945 3.975820 -1.084568
v -6.433078 3.926100 -1.848082
v -6.499929 4.119171 -2.034446
v -6.395358 4.219896 -2.236177
v -6.197980 4.306036 -2.336810
v -5.966908 4.360654 -2.323955
v -5.737517 4.398246 -2.270676
v -5.499105 4.430615 -2.268861
v -5.257806 4.460023 -2.289073
v -5.013878 4.488878 -2.301107
v -4.769984 4.521064 -2.298403
v -4.528872 4.556957 -2.287851
v -4.289461 4.593797 -2.285737
v -4.049734 4.630189 -2.281165
v -3.812609 4.672437 -2.273087
v -3.576521 4.720129 -2.289005
v -3.338244 4.758233 -2.275261
v -3.099988 4.790619 -2.253283
v -2.860480 4.825162 -2.236615
v -2.618125 4.862755 -2.215115
v -2.374606 4.886738 -2.178317
v -2.130494 4.894272 -2.132954
v -1.884391 4.900616 -2.094790
v -1.637423 4.928175 -2.068182
v -1.386789 4.956940 -2.041054
v -1.136757 5.017908 -2.040643
v -0.898081 5.107765 -2.076705
v -0.664490 5.206065 -2.126626
v -0.437253 5.312248 -2.188880
v -0.212375 5.426681 -2.259118
v 0.010936 5.545642 -2.326088
v 0.229274 5.652416 -2.402786
v 0.452847 5.737761 -2.482874
v 0.707479 5.781111 -2.533421
v 0.960751 5.766504 -2.479791
v 1.202156 5.720118 -2.408246
v 1.432768 5.653209 -2.324193
v 1.652551 5.573880 -2.225994
v 1.876204 5.497602 -2.140323
v 2.106419 5.424568 -2.066183
v 2.335239 5.347405 -1.992932
v 2.563687 5.263381 -1.925757
v 2.781608 5.168028 -1.848194
v 3.024267 5.112378 -1.824796
v 3.271582 5.084552 -1.825328
v 3.517892 5.060125 -1.827314
v 3.764607 5.062942 -1.847649
v 4.011536 5.035286 -1.848450
v 4.260177 5.010926 -1.853468
v 4.509582 4.996264 -1.865073
v 4.759180 4.978262 -1.876599
v 5.009185 4.958231 -1.888176
v 5.259465 4.938578 -1.899929
v 5.509787 4.923079 -1.911876
v 5.766545 4.919779 -1.930977
v 6.008279 4.936894 -1.937059
v 6.229775 4.918904 -1.909050
v 6.320939 4.739694 -1.775758
v 6.373832 4.534182 -1.611951
v 6.308289 4.318696 -1.469889
v 6.180015 4.169736 -1.303983
v 6.061757 4.005008 -1.146968
v -6.575681 3.895272 -1.861905
v -6.514187 3.973553 -2.101764
v -6.364103 4.058052 -2.277807
v -6.162709 4.134267 -2.378250
v -5.933221 4.182917 -2.349153
v -5.708760 4.219537 -2.276613
v -5.471941 4.256640 -2.270956
v -5.232800 4.290571 -2.292816
v -4.991189 4.323331 -2.307332
v -4.748688 4.356082 -2.305821
v -4.506929 4.390908 -2.297405
v -4.265428 4.429267 -2.299824
v -4.024188 4.467385 -2.290754
v -3.786663 4.509827 -2.255175
v -3.548406 4.552502 -2.277538
v -3.309029 4.592880 -2.287847
v -3.069218 4.634841 -2.294761
v -2.827977 4.680501 -2.292979
v -2.586160 4.728558 -2.290687
v -2.342580 4.770182 -2.279271
v -2.099036 4.799556 -2.252108
v -1.854479 4.828924 -2.231013
v -1.608266 4.863613 -2.206108
v -1.360183 4.891644 -2.173481
v -1.109948 4.920730 -2.146183
v -0.869698 5.000346 -2.171313
v -0.633161 5.091593 -2.212047
v -0.398938 5.189298 -2.258543
v -0.166774 5.292932 -2.304199
v 0.059792 5.392267 -2.354397
v 0.272262 5.485555 -2.437432
v 0.476658 5.566167 -2.535910
v 0.709485 5.600685 -2.538105
v 0.939269 5.588369 -2.468145
v 1.167499 5.546927 -2.402237
v 1.395124 5.488637 -2.333537
v 1.622661 5.420592 -2.263012
v 1.843693 5.347907 -2.174074
v 2.074526 5.278725 -2.109214
v 2.308587 5.209360 -2.055794
v 2.543239 5.137635 -2.010154
v 2.769695 5.049986 -1.950155
v 3.015749 5.017431 -1.950558
v 3.261742 4.997534 -1.958972
v 3.506710 4.973371 -1.962639
v 3.752521 4.973230 -1.980358
v 3.999801 4.953179 -1.985537
v 4.248620 4.942963 -1.998786
v 4.498442 4.934432 -2.014218
v 4.748816 4.920793 -2.028939
v 4.999902 4.904896 -2.043891
v 5.251868 4.887681 -2.058458
v 5.509707 4.870768 -2.075474
v 5.768040 4.865716 -2.094897
v 6.021504 4.882011 -2.113186
v 6.266387 4.858629 -2.089152
v 6.341107 4.664572 -1.899788
v 6.325967 4.460275 -1.728373
v 6.209258 4.283932 -1.571869
v 6.075201 4.145594 -1.403222
v 5.941183 4.009142 -1.234086
v -6.557977 3.755807 -1.902816
v -6.466866 3.821922 -2.121301
v -6.335036 3.894841 -2.314634
v -6.129354 3.962460 -2.414433
v -5.899876 4.007244 -2.368960
v -5.680106 4.044235 -2.280372
v -5.443423 4.083258 -2.266821
v -5.205813 4.119950 -2.291814
v -4.966236 4.155692 -2.314162
v -4.724747 4.190958 -2.317352
v -4.482279 4.227273 -2.309875
v -4.239479 4.266370 -2.310738
v -3.996920 4.306476 -2.294448
v -3.760321 4.349237 -2.241361
v -3.519727 4.391502 -2.272209
v -3.278799 4.433783 -2.300020
v -3.036850 4.477470 -2.307389
v -2.795595 4.522089 -2.278068
v -2.552893 4.567423 -2.277893
v -2.310867 4.610776 -2.300658
v -2.067433 4.652020 -2.300970
v -1.821990 4.694909 -2.297534
v -1.575347 4.737539 -2.285247
v -1.328384 4.774561 -2.259839
v -1.081703 4.818080 -2.246186
v -0.837483 4.884734 -2.254586
v -0.594926 4.964918 -2.274732
v -0.355537 5.053885 -2.299200
v -0.120267 5.143764 -2.324156
v 0.105902 5.232276 -2.374053
v 0.307469 5.317063 -2.480154
v 0.499159 5.393929 -2.595514
v 0.727371 5.420025 -2.551799
v 0.906828 5.423546 -2.407385
v 1.131203 5.377445 -2.368931
v 1.361978 5.323281 -2.334226
v 1.594243 5.262855 -2.295120
v 1.814170 5.195712 -2.207481
v 2.047084 5.131886 -2.152529
v 2.285517 5.072242 -2.122286
v 2.523108 5.011581 -2.094858
v 2.761020 4.946209 -2.068569
v 3.005680 4.931800 -2.084199
v 3.251088 4.912393 -2.095470
v 3.496342 4.890773 -2.102051
v 3.742323 4.889081 -2.116801
v 3.988939 4.886407 -2.131319
v 4.236372 4.884117 -2.147840
v 4.485699 4.878234 -2.165453
v 4.736099 4.869159 -2.183575
v 4.987728 4.858092 -2.202989
v 5.240715 4.844127 -2.223536
v 5.495277 4.826258 -2.243261
v 5.754437 4.812910 -2.253156
v 6.051565 4.825938 -2.313215
v 6.285205 4.729019 -2.228757
v 6.332012 4.556836 -1.998509
v 6.213847 4.428085 -1.818438
v 6.086010 4.302032 -1.648810
v 5.953142 4.170686 -1.480102
v 5.818739 4.025693 -1.317535
v -6.496248 3.619828 -1.906875
v -6.429972 3.667490 -2.142509
v -6.308429 3.730399 -2.345887
v -6.096391 3.791435 -2.442387
v -5.867496 3.834036 -2.382108
v -5.651861 3.871533 -2.280367
v -5.414999 3.911602 -2.258957
v -5.177660 3.949721 -2.289461
v -4.939756 3.988150 -2.323128
v -4.698565 4.026481 -2.331302
v -4.456099 4.064887 -2.320554
v -4.212475 4.105344 -2.316725
v -3.969455 4.146923 -2.293481
v -3.732337 4.189889 -2.234164
v -3.490295 4.233310 -2.271011
v -3.248410 4.276741 -2.307273
v -3.004191 4.321566 -2.312355
v -2.764093 4.367293 -2.266317
v -2.519425 4.412444 -2.270871
v -2.278462 4.456324 -2.313510
v -2.033735 4.499495 -2.314344
v -1.788337 4.543219 -2.301728
v -1.541751 4.588262 -2.300387
v -1.294397 4.634432 -2.298070
v -1.046931 4.687690 -2.302389
v -0.798785 4.751303 -2.300074
v -0.554155 4.827091 -2.306361
v -0.312810 4.907770 -2.315859
v -0.076167 4.989949 -2.331354
v 0.147561 5.070451 -2.396544
v 0.335102 5.149979 -2.528334
v 0.529292 5.221889 -2.646151
v 0.745362 5.245638 -2.546091
v 0.864685 5.265376 -2.338081
v 1.096774 5.207999 -2.335644
v 1.329458 5.156022 -2.320374
v 1.564749 5.100424 -2.315020
v 1.788545 5.041298 -2.237571
v 2.024134 4.983676 -2.196211
v 2.265580 4.934830 -2.190995
v 2.506768 4.888206 -2.185861
v 2.750858 4.864264 -2.203720
v 2.995121 4.846576 -2.220797
v 3.240307 4.828566 -2.235770
v 3.485911 4.810513 -2.246967
v 3.731728 4.799166 -2.252010
v 3.977504 4.790941 -2.258998
v 4.224286 4.779555 -2.266725
v 4.472641 4.764742 -2.276001
v 4.722958 4.747616 -2.285063
v 4.974872 4.726872 -2.290321
v 5.227587 4.700325 -2.287692
v 5.481769 4.670241 -2.271091
v 5.737688 4.643216 -2.261563
v 5.989374 4.601795 -2.287031
v 6.221101 4.531572 -2.245554
v 6.352398 4.423367 -2.055149
v 6.272295 4.300805 -1.860074
v 6.080171 4.188182 -1.740817
v 5.893838 4.097703 -1.592600
v 5.719075 4.002634 -1.425442
v -6.459991 3.473098 -1.921505
v -6.401672 3.512988 -2.161392
v -6.281764 3.566511 -2.370778
v -6.064052 3.621874 -2.462239
v -5.836282 3.663179 -2.389639
v -5.624281 3.701147 -2.277369
v -5.386528 3.741934 -2.251225
v -5.148940 3.781495 -2.288351
v -4.912158 3.822003 -2.333342
v -4.670879 3.862790 -2.344855
v -4.428412 3.903269 -2.327944
v -4.184642 3.945581 -2.319127
v -3.941582 3.988751 -2.291692
v -3.703349 4.032490 -2.232785
v -3.460343 4.077251 -2.269771
v -3.217500 4.121357 -2.308017
v -2.972063 4.167037 -2.310520
v -2.731973 4.213738 -2.258684
v -2.486270 4.259541 -2.268070
v -2.245484 4.303426 -2.319167
v -1.999676 4.348142 -2.320935
v -1.753926 4.393616 -2.302077
v -1.506743 4.441102 -2.303768
v -1.258924 4.491663 -2.315755
v -1.009772 4.547614 -2.322406
v -0.760749 4.611129 -2.317632
v -0.514842 4.683240 -2.318858
v -0.272464 4.758627 -2.319201
v -0.034643 4.834916 -2.336474
v 0.183399 4.909496 -2.425234
v 0.360678 4.985501 -2.575332
v 0.568804 5.051725 -2.678295
v 0.760222 5.079058 -2.531595
v 0.828247 5.100275 -2.300219
v 1.062313 5.044202 -2.309191
v 1.298868 4.990596 -2.301134
v 1.534896 4.936329 -2.317274
v 1.766159 4.884171 -2.260739
v 2.004721 4.835125 -2.243168
v 2.246868 4.793671 -2.252629
v 2.490934 4.758468 -2.266209
v 2.736410 4.729774 -2.280419
v 2.982569 4.703496 -2.285836
v 3.228454 4.678173 -2.282859
v 3.474404 4.654639 -2.272931
v 3.720861 4.636799 -2.264110
v 3.966839 4.623232 -2.265503
v 4.213037 4.611118 -2.268493
v 4.460178 4.597499 -2.273959
v 4.708933 4.581373 -2.275939
v 4.958984 4.562258 -2.270889
v 5.210065 4.538974 -2.263819
v 5.462020 4.512434 -2.255519
v 5.710509 4.476216 -2.254053
v 5.951506 4.427139 -2.281354
v 6.185666 4.362105 -2.260678
v 6.351429 4.277436 -2.106285
v 6.340094 4.172081 -1.875346
v 6.169004 4.078457 -1.702191
v 5.972460 3.976928 -1.567856
v 5.756640 3.869260 -1.472556
v -6.429136 3.324468 -1.934887
v -6.374435 3.357826 -2.177303
v -6.255615 3.403804 -2.390019
v -6.032565 3.453879 -2.475533
v -5.806420 3.494503 -2.392964
v -5.596892 3.532919 -2.273267
v -5.357761 3.574690 -2.245955
v -5.119710 3.615764 -2.288865
v -4.883807 3.657636 -2.342857
v -4.641938 3.700229 -2.355838
v -4.399652 3.742599 -2.332279
v -4.155799 3.786748 -2.320073
v -3.912773 3.831720 -2.290846
v -3.673653 3.876890 -2.233683
v -3.429548 3.922735 -2.265519
v -3.185956 3.967290 -2.302761
v -2.940099 4.013763 -2.304317
v -2.699085 4.061396 -2.254546
v -2.453025 4.107931 -2.266060
v -2.211678 4.151809 -2.318080
v -1.965242 4.197990 -2.321284
v -1.718963 4.245478 -2.301324
v -1.471059 4.295188 -2.303345
v -1.222733 4.348153 -2.319063
v -0.972780 4.405956 -2.324032
v -0.724133 4.469453 -2.322631
v -0.477215 4.537511 -2.320650
v -0.233999 4.608779 -2.315890
v 0.004474 4.680031 -2.345060
v 0.213547 4.750830 -2.458458
v 0.388896 4.823057 -2.616209
v 0.611220 4.884231 -2.694238
v 0.774396 4.914828 -2.517672
v 0.795231 4.933081 -2.275659
v 1.030618 4.880495 -2.289583
v 1.268889 4.828524 -2.284393
v 1.506949 4.774515 -2.301159
v 1.744634 4.726235 -2.272602
v 1.985843 4.680989 -2.267365
v 2.229841 4.640079 -2.262858
v 2.474998 4.603733 -2.266621
v 2.721774 4.571845 -2.270758
v 2.968233 4.544790 -2.265372
v 3.214537 4.519795 -2.259222
v 3.461389 4.497610 -2.253759
v 3.708693 4.478906 -2.252158
v 3.955420 4.463806 -2.249630
v 4.201608 4.451434 -2.245687
v 4.448035 4.440600 -2.238403
v 4.694385 4.427816 -2.231084
v 4.942514 4.409631 -2.224821
v 5.190895 4.386702 -2.216427
v 5.437294 4.355572 -2.215602
v 5.678724 4.310099 -2.246178
v 5.917800 4.257930 -2.274156
v 6.153913 4.194913 -2.279778
v 6.342510 4.119404 -2.145587
v 6.357903 4.032323 -1.915200
v 6.219406 3.942862 -1.724625
v 5.992382 3.854175 -1.644723
v 5.756799 3.775651 -1.584949
v -6.393764 3.176253 -1.944384
v -6.348704 3.202655 -2.190266
v -6.230397 3.241804 -2.405351
v -6.002552 3.287535 -2.483484
v -5.777956 3.327918 -2.393180
v -5.569086 3.366934 -2.269608
v -5.328495 3.410070 -2.242926
v -5.089914 3.452379 -2.289540
v -4.854515 3.494990 -2.349863
v -4.612055 3.538974 -2.363275
v -4.369943 3.583072 -2.334565
v -4.125947 3.628998 -2.320737
v -3.882869 3.675766 -2.290014
v -3.643359 3.722860 -2.233663
v -3.398051 3.769516 -2.257747
v -3.153824 3.814455 -2.292871
v -2.907817 3.861533 -2.295599
v -2.665573 3.910156 -2.251860
v -2.419358 3.957285 -2.262570
v -2.177012 4.001436 -2.311141
v -1.930382 4.048910 -2.316125
v -1.683596 4.098322 -2.299303
v -1.435328 4.149778 -2.302483
v -1.186409 4.204501 -2.316677
v -0.936760 4.263559 -2.322565
v -0.687966 4.325591 -2.322508
v -0.440701 4.390965 -2.315150
v -0.196500 4.459007 -2.310489
v 0.040674 4.526107 -2.359081
v 0.239711 4.594177 -2.493066
v 0.419823 4.661995 -2.649791
v 0.652300 4.718864 -2.699545
v 0.790457 4.751528 -2.503938
v 0.763954 4.767242 -2.261221
v 1.000804 4.716021 -2.276870
v 1.241328 4.667301 -2.269863
v 1.482149 4.616611 -2.276059
v 1.723537 4.568558 -2.272501
v 1.967269 4.524793 -2.263815
v 2.212629 4.487080 -2.253190
v 2.459202 4.450605 -2.246133
v 2.706404 4.421467 -2.230875
v 2.953485 4.394761 -2.219553
v 3.200622 4.372436 -2.204221
v 3.448432 4.352787 -2.190635
v 3.696268 4.334953 -2.182723
v 3.943383 4.317306 -2.182004
v 4.189839 4.304596 -2.176059
v 4.434925 4.303612 -2.149806
v 4.680183 4.296019 -2.135707
v 4.923864 4.262253 -2.161245
v 5.168077 4.232160 -2.168518
v 5.411798 4.198251 -2.176681
v 5.646383 4.148179 -2.237757
v 5.885036 4.093513 -2.267374
v 6.122257 4.031559 -2.292556
v 6.328642 3.960307 -2.181315
v 6.375344 3.882049 -1.951280
v 6.259809 3.803640 -1.745178
v 6.026734 3.719181 -1.689462
v 5.785768 3.647513 -1.649162
v -6.357010 3.028381 -1.951310
v -6.325708 3.047760 -2.200729
v -6.206255 3.080508 -2.416864
v -5.974087 3.122704 -2.486941
v -5.750644 3.163369 -2.390975
v -5.540525 3.203418 -2.266988
v -5.298678 3.248025 -2.240504
v -5.059328 3.291129 -2.288587
v -4.824215 3.333862 -2.353395
v -4.581316 3.378974 -2.367212
v -4.339309 3.424810 -2.335579
v -4.095121 3.472442 -2.320667
v -3.852123 3.521073 -2.287139
v -3.612559 3.570256 -2.230400
v -3.366234 3.617647 -2.247359
v -3.121266 3.662889 -2.279900
v -2.875038 3.710331 -2.284709
v -2.631691 3.760021 -2.247715
v -2.385237 3.807527 -2.256752
v -2.141834 3.852189 -2.300177
v -1.895147 3.900661 -2.307232
v -1.648011 3.951649 -2.295528
v -1.399584 4.004584 -2.299562
v -1.150296 4.060542 -2.311434
v -0.900887 4.119274 -2.318499
v -0.652163 4.180520 -2.316862
v -0.404875 4.244327 -2.304683
v -0.159576 4.309465 -2.306900
v 0.073533 4.373273 -2.377869
v 0.263807 4.438800 -2.526769
v 0.451965 4.502253 -2.677382
v 0.691207 4.554553 -2.695931
v 0.799947 4.584185 -2.482249
v 0.732907 4.603692 -2.265140
v 0.975144 4.551411 -2.274358
v 1.216976 4.506816 -2.257163
v 1.459566 4.461549 -2.244067
v 1.703292 4.419054 -2.227041
v 1.948799 4.384602 -2.199794
v 2.195613 4.353421 -2.174871
v 2.442567 4.313135 -2.174463
v 2.690156 4.279345 -2.168693
v 2.938134 4.251818 -2.156720
v 3.186190 4.228794 -2.142206
v 3.434843 4.209449 -2.126942
v 3.683199 4.192347 -2.114239
v 3.930866 4.172681 -2.114130
v 4.177928 4.161107 -2.102980
v 4.421254 4.168920 -2.061084
v 4.666874 4.160924 -2.047390
v 4.902017 4.112624 -2.103010
v 5.144375 4.078442 -2.120445
v 5.388538 4.043929 -2.136600
v 5.612989 3.989412 -2.226745
v 5.852235 3.933328 -2.259405
v 6.089223 3.871596 -2.299979
v 6.309267 3.802761 -2.212491
v 6.381117 3.728168 -1.986957
v 6.291625 3.657118 -1.764328
v 6.076267 3.589142 -1.644131
v 5.833306 3.517323 -1.602875
v -6.325377 2.880133 -1.956993
v -6.306097 2.893205 -2.208589
v -6.183060 2.919997 -2.424233
v -5.947101 2.959440 -2.486213
v -5.724069 3.000990 -2.386735
v -5.511277 3.042567 -2.265030
v -5.268396 3.088467 -2.237168
v -5.028083 3.131732 -2.284891
v -4.793041 3.174041 -2.353107
v -4.549780 3.220136 -2.367903
v -4.307775 3.267778 -2.335138
v -4.063478 3.317108 -2.318308
v -3.820829 3.367748 -2.280828
v -3.581357 3.419096 -2.223132
v -3.334283 3.467149 -2.235379
v -3.088498 3.512664 -2.264918
v -2.841900 3.560361 -2.270693
v -2.597682 3.611089 -2.239261
v -2.350880 3.658727 -2.248343
v -2.106540 3.703836 -2.287279
v -1.859740 3.753035 -2.296388
v -1.612388 3.805311 -2.289107
v -1.363915 3.859520 -2.292513
v -1.114582 3.916153 -2.302738
v -0.865378 3.974452 -2.310326
v -0.616708 4.035188 -2.305881
v -0.369431 4.097934 -2.292281
v -0.123499 4.160135 -2.307390
v 0.103208 4.221331 -2.399883
v 0.286826 4.284447 -2.559178
v 0.484527 4.344048 -2.700241
v 0.726126 4.390782 -2.684510
v 0.795934 4.416271 -2.451811
v 0.710231 4.442858 -2.246264
v 0.952822 4.405436 -2.211862
v 1.193917 4.366317 -2.181944
v 1.438470 4.327548 -2.158288
v 1.683679 4.281301 -2.153452
v 1.930155 4.255341 -2.116884
v 2.178060 4.221634 -2.097355
v 2.425711 4.179934 -2.097497
v 2.673699 4.142069 -2.097302
v 2.922319 4.112310 -2.088543
v 3.171284 4.088302 -2.074738
v 3.420518 4.068199 -2.059817
v 3.669564 4.050355 -2.045868
v 3.917968 4.030432 -2.042979
v 4.165614 4.021339 -2.024543
v 4.407733 4.034554 -1.972937
v 4.653964 4.023088 -1.963841
v 4.880024 3.964268 -2.043236
v 5.122451 3.927492 -2.071039
v 5.366773 3.891928 -2.095654
v 5.579839 3.833402 -2.210038
v 5.819222 3.776651 -2.250166
v 6.055400 3.714920 -2.303223
v 6.285513 3.647315 -2.241313
v 6.377379 3.573762 -2.022383
v 6.307746 3.507071 -1.790961
v 6.116355 3.448493 -1.637132
v 5.880640 3.386906 -1.556846
v -6.302362 2.731388 -1.960936
v -6.289533 2.739029 -2.213409
v -6.160642 2.760496 -2.427074
v -5.921366 2.797997 -2.481402
v -5.697874 2.841012 -2.380440
v -5.481699 2.884549 -2.262631
v -5.237957 2.931261 -2.232105
v -4.996372 2.974288 -2.278422
v -4.761167 3.015605 -2.348975
v -4.517572 3.062336 -2.365147
v -4.275483 3.111925 -2.332133
v -4.031234 3.162989 -2.312083
v -3.789149 3.215775 -2.270819
v -3.549807 3.269365 -2.212218
v -3.302195 3.318044 -2.221709
v -3.055603 3.363815 -2.247769
v -2.808621 3.411874 -2.252661
v -2.563698 3.463512 -2.225336
v -2.316524 3.510978 -2.236984
v -2.071419 3.556219 -2.273283
v -1.824380 3.605981 -2.283762
v -1.576880 3.659387 -2.278581
v -1.328444 3.714643 -2.280537
v -1.079279 3.771559 -2.289860
v -0.830226 3.829588 -2.297355
v -0.581732 3.890106 -2.290481
v -0.334094 3.951644 -2.280672
v -0.088870 4.011027 -2.312618
v 0.130170 4.070169 -2.424003
v 0.308808 4.131336 -2.590711
v 0.517364 4.187539 -2.718431
v 0.755921 4.229840 -2.667161
v 0.786772 4.256355 -2.423584
v 0.698848 4.285468 -2.198240
v 0.928577 4.277036 -2.113708
v 1.171628 4.228036 -2.104553
v 1.417593 4.189515 -2.085001
v 1.664753 4.147555 -2.075603
v 1.911688 4.128449 -2.031275
v 2.160651 4.094634 -2.012978
v 2.408777 4.050406 -2.015569
v 2.657180 4.009888 -2.017936
v 2.906316 3.977054 -2.013223
v 3.156034 3.951749 -2.001152
v 3.405856 3.929786 -1.988116
v 3.655461 3.909618 -1.976606
v 3.904625 3.890691 -1.968797
v 4.152582 3.884777 -1.942506
v 4.394650 3.899222 -1.887158
v 4.641542 3.883784 -1.884238
v 4.861207 3.819151 -1.978283
v 5.102505 3.778918 -2.020237
v 5.346444 3.742026 -2.053136
v 5.548761 3.679746 -2.185345
v 5.786866 3.622995 -2.238197
v 6.021021 3.561210 -2.303951
v 6.257796 3.494076 -2.269689
v 6.366886 3.419852 -2.058168
v 6.316332 3.354428 -1.821387
v 6.144125 3.300107 -1.645327
v 5.924862 3.250559 -1.527748
v -6.285593 2.582709 -1.962089
v -6.275005 2.585385 -2.214643
v -6.138759 2.602381 -2.425183
v -5.896555 2.638774 -2.472606
v -5.671854 2.683675 -2.371825
v -5.452296 2.729496 -2.258236
v -5.207710 2.776408 -2.225137
v -4.964686 2.818717 -2.269614
v -4.728786 2.858689 -2.340947
v -4.484813 2.905645 -2.358088
v -4.242641 2.957242 -2.324993
v -3.998639 3.010108 -2.300930
v -3.757064 3.065139 -2.257191
v -3.517941 3.121092 -2.197928
v -3.269916 3.170443 -2.204908
v -3.022601 3.216450 -2.227159
v -2.775335 3.264959 -2.230483
v -2.529815 3.317363 -2.206448
v -2.282324 3.364352 -2.221931
v -2.036584 3.409361 -2.257110
v -1.789217 3.459634 -2.267839
v -1.541598 3.514069 -2.263119
v -1.293212 3.570190 -2.263870
v -1.044285 3.627175 -2.272626
v -0.795419 3.685090 -2.279360
v -0.547200 3.745510 -2.271808
v -0.298946 3.805218 -2.271958
v -0.056181 3.862202 -2.322321
v 0.154809 3.919844 -2.449702
v 0.329929 3.979629 -2.621614
v 0.550166 4.032516 -2.731502
v 0.780679 4.072712 -2.645719
v 0.783174 4.100436 -2.398474
v 0.697271 4.123793 -2.168680
v 0.904491 4.137355 -2.036292
v 1.150118 4.095064 -2.021147
v 1.397605 4.053410 -2.009926
v 1.646453 4.015018 -1.997513
v 1.893587 4.001697 -1.946251
v 2.143509 3.971225 -1.924035
v 2.392008 3.924858 -1.928656
v 2.640756 3.881964 -1.932974
v 2.890300 3.846736 -1.930712
v 3.140565 3.819672 -1.920821
v 3.390833 3.795075 -1.911121
v 3.640880 3.771420 -1.904174
v 3.890770 3.753520 -1.891886
v 4.138891 3.750122 -1.859398
v 4.382215 3.762443 -1.804998
v 4.629734 3.743924 -1.807431
v 4.846890 3.677488 -1.907699
v 5.084571 3.632172 -1.967596
v 5.327692 3.594014 -2.008198
v 5.521505 3.528516 -2.151841
v 5.756312 3.472344 -2.220742
v 5.985386 3.409945 -2.305384
v 6.225527 3.342739 -2.298202
v 6.350494 3.267255 -2.094894
v 6.317506 3.201680 -1.854335
v 6.158781 3.149405 -1.665787
v 5.944176 3.106159 -1.541540
v -6.269914 2.434226 -1.959999
v -6.261543 2.432612 -2.212194
v -6.117082 2.446117 -2.418530
v -5.872324 2.482172 -2.460007
v -5.646008 2.529181 -2.360501
v -5.423733 2.577270 -2.250271
v -5.178066 2.623878 -2.216245
v -4.933552 2.664938 -2.258807
v -4.696273 2.703282 -2.328752
v -4.451736 2.750180 -2.345480
v -4.209544 2.803772 -2.312240
v -3.965919 2.858559 -2.284236
v -3.724627 2.915854 -2.239522
v -3.485841 2.974396 -2.179719
v -3.237497 3.024577 -2.183174
v -2.989580 3.070766 -2.201728
v -2.742102 3.119586 -2.204226
v -2.496113 3.172668 -2.183092
v -2.248374 3.218973 -2.202044
v -2.002046 3.263495 -2.236546
v -1.754339 3.314297 -2.246771
v -1.506585 3.369630 -2.242385
v -1.258259 3.426325 -2.242569
v -1.009526 3.483322 -2.250852
v -0.760919 3.541303 -2.256283
v -0.512939 3.601418 -2.251263
v -0.264597 3.658579 -2.267863
v -0.025754 3.713766 -2.335950
v 0.177257 3.770432 -2.476889
v 0.350819 3.829287 -2.651582
v 0.582426 3.879094 -2.739341
v 0.801388 3.918267 -2.624027
v 0.791308 3.945021 -2.375951
v 0.704542 3.963702 -2.143396
v 0.883183 3.990094 -1.974001
v 1.129735 3.961871 -1.939501
v 1.378404 3.920073 -1.933000
v 1.628792 3.883885 -1.918853
v 1.875869 3.874390 -1.863370
v 2.126267 3.848468 -1.834831
v 2.375522 3.802844 -1.837739
v 2.624540 3.758002 -1.843324
v 2.874448 3.721109 -1.842197
v 3.125121 3.692527 -1.833936
v 3.375628 3.664640 -1.828366
v 3.625880 3.636993 -1.826396
v 3.876378 3.618994 -1.812485
v 4.125007 3.615999 -1.777748
v 4.370316 3.624023 -1.727488
v 4.618539 3.603720 -1.732856
v 4.837507 3.539219 -1.832349
v 5.068705 3.487227 -1.911791
v 5.310762 3.447675 -1.960607
v 5.499896 3.379793 -2.109986
v 5.728848 3.324374 -2.196573
v 5.947242 3.260674 -2.307188
v 6.187918 3.192635 -2.325291
v 6.329645 3.116864 -2.132132
v 6.313539 3.050083 -1.889317
v 6.164533 2.997860 -1.692695
v 5.948851 2.962614 -1.570007
v -6.255671 2.285020 -1.955350
v -6.249508 2.280955 -2.207062
v -6.095306 2.292144 -2.407410
v -5.848329 2.328430 -2.443961
v -5.620478 2.377477 -2.346239
v -5.396450 2.427590 -2.237961
v -5.149414 2.473563 -2.205210
v -4.903407 2.512879 -2.245672
v -4.664035 2.549417 -2.311630
v -4.418741 2.596175 -2.325987
v -4.176543 2.651712 -2.292558
v -3.933311 2.708577 -2.261165
v -3.692078 2.768148 -2.216469
v -3.453669 2.829529 -2.156422
v -3.205144 2.880765 -2.155275
v -2.956728 2.926990 -2.170643
v -2.709002 2.975817 -2.173329
v -2.462706 3.029603 -2.154632
v -2.214743 3.075102 -2.175895
v -1.967815 3.119079 -2.209310
v -1.719824 3.170448 -2.218941
v -1.471913 3.226431 -2.215681
v -1.223557 3.283322 -2.216474
v -0.974910 3.340294 -2.224150
v -0.726737 3.398714 -2.227635
v -0.478547 3.457469 -2.231156
v -0.232119 3.511789 -2.269826
v 0.002101 3.565752 -2.352974
v 0.197111 3.622030 -2.505568
v 0.371986 3.680006 -2.679996
v 0.613190 3.726905 -2.742434
v 0.819878 3.765126 -2.604264
v 0.808740 3.791050 -2.355163
v 0.718586 3.805632 -2.121667
v 0.866669 3.838566 -1.924382
v 1.110428 3.824050 -1.866570
v 1.360130 3.786086 -1.859520
v 1.611383 3.755071 -1.838502
v 1.858233 3.748156 -1.779983
v 2.108739 3.725291 -1.746998
v 2.359109 3.683246 -1.744467
v 2.608651 3.638063 -1.749234
v 2.858894 3.599895 -1.748662
v 3.109900 3.569826 -1.741875
v 3.360431 3.538638 -1.740109
v 3.610587 3.507099 -1.742553
v 3.861566 3.486990 -1.731004
v 4.111156 3.481508 -1.699125
v 4.358580 3.483933 -1.655422
v 4.607774 3.462893 -1.661305
v 4.832054 3.403409 -1.754541
v 5.055415 3.344528 -1.851638
v 5.295843 3.302918 -1.910482
v 5.485312 3.233768 -2.059882
v 5.707920 3.178994 -2.161028
v 5.906695 3.112287 -2.303747
v 6.145422 3.043222 -2.347680
v 6.307082 2.968693 -2.169621
v 6.307112 2.900536 -1.926096
v 6.163188 2.846944 -1.724742
v 5.949376 2.815932 -1.599055
v -6.251052 2.133709 -1.950087
v -6.240250 2.130545 -2.201450
v -6.073336 2.140907 -2.392597
v -5.824382 2.177390 -2.424868
v -5.595496 2.228336 -2.328856
v -5.370485 2.280334 -2.221375
v -5.122049 2.325377 -2.191421
v -4.874624 2.362512 -2.229312
v -4.632528 2.397255 -2.288448
v -4.386333 2.444105 -2.298053
v -4.144074 2.501546 -2.264450
v -3.901163 2.560726 -2.230188
v -3.659822 2.622576 -2.186024
v -3.421611 2.686854 -2.126807
v -3.173172 2.739428 -2.120318
v -2.924317 2.785462 -2.133095
v -2.676251 2.834110 -2.136023
v -2.429728 2.888618 -2.119493
v -2.181525 2.933197 -2.142076
v -1.933948 2.976834 -2.173488
v -1.685754 3.028763 -2.182894
v -1.437654 3.084927 -2.182355
v -1.189123 3.141573 -2.185317
v -0.940391 3.198438 -2.192397
v -0.692616 3.257470 -2.194170
v -0.444371 3.313042 -2.215305
v -0.202624 3.365142 -2.277816
v 0.027246 3.418224 -2.372854
v 0.213808 3.474583 -2.536005
v 0.393774 3.531389 -2.706280
v 0.641642 3.575634 -2.741586
v 0.837327 3.612936 -2.586436
v 0.831041 3.638381 -2.336420
v 0.737859 3.649869 -2.102328
v 0.854904 3.685371 -1.884287
v 1.092868 3.681499 -1.803797
v 1.343231 3.649184 -1.793200
v 1.594084 3.627438 -1.758098
v 1.840192 3.623611 -1.694978
v 2.091015 3.602490 -1.659509
v 2.342539 3.565306 -1.650023
v 2.593107 3.522194 -1.651073
v 2.843749 3.483165 -1.650465
v 3.094964 3.450834 -1.645924
v 3.345419 3.416606 -1.647311
v 3.595350 3.381579 -1.653507
v 3.846500 3.357118 -1.648013
v 4.097166 3.346423 -1.623927
v 4.346568 3.342410 -1.589303
v 4.596807 3.320982 -1.594596
v 4.827495 3.267548 -1.678913
v 5.045405 3.204385 -1.787574
v 5.283296 3.159926 -1.858171
v 5.478895 3.091368 -2.001280
v 5.696893 3.036645 -2.112508
v 5.868268 2.964844 -2.285452
v 6.099742 2.894173 -2.361917
v 6.284829 2.821879 -2.207076
v 6.301679 2.753438 -1.964084
v 6.156351 2.698124 -1.762360
v 5.945867 2.667440 -1.631063
v -6.264257 1.980309 -1.948210
v -6.234559 1.981619 -2.199173
v -6.052188 1.992722 -2.375820
v -5.801285 2.028033 -2.402257
v -5.571444 2.081091 -2.307525
v -5.345786 2.135444 -2.200949
v -5.096290 2.179078 -2.173934
v -4.847522 2.213879 -2.208403
v -4.602214 2.247248 -2.257424
v -4.355206 2.294792 -2.259897
v -4.112713 2.354251 -2.226015
v -3.870026 2.416129 -2.189122
v -3.628428 2.480115 -2.145900
v -3.389920 2.546845 -2.089632
v -3.141943 2.601157 -2.077183
v -2.892705 2.646992 -2.087162
v -2.644272 2.695575 -2.089500
v -2.397369 2.750345 -2.076221
v -2.148853 2.793835 -2.099634
v -1.900555 2.837826 -2.127399
v -1.652201 2.890100 -2.137518
v -1.403855 2.945650 -2.141738
v -1.155062 3.001344 -2.149288
v -0.906199 3.058061 -2.156841
v -0.657897 3.116540 -2.161350
v -0.411676 3.168020 -2.206975
v -0.175334 3.218843 -2.288121
v 0.049849 3.271249 -2.394799
v 0.227186 3.328091 -2.568211
v 0.416361 3.383223 -2.729570
v 0.667551 3.425410 -2.737919
v 0.854061 3.461404 -2.570244
v 0.855004 3.486668 -2.319598
v 0.760810 3.496756 -2.084394
v 0.847143 3.532022 -1.851059
v 1.077441 3.536004 -1.749828
v 1.328437 3.509629 -1.733960
v 1.577166 3.498266 -1.682070
v 1.821846 3.498890 -1.611114
v 2.073087 3.480282 -1.572309
v 2.325711 3.448506 -1.555357
v 2.577707 3.409749 -1.550110
v 2.829067 3.371208 -1.547750
v 3.080376 3.335501 -1.546357
v 3.330767 3.297919 -1.551070
v 3.580465 3.259561 -1.561000
v 3.831349 3.228958 -1.564178
v 4.082785 3.211100 -1.551657
v 4.333803 3.199845 -1.529254
v 4.584815 3.177661 -1.534487
v 4.820824 3.129513 -1.609744
v 5.039106 3.066622 -1.720794
v 5.273453 3.018809 -1.803153
v 5.479148 2.953862 -1.935118
v 5.692101 2.895663 -2.058215
v 5.837670 2.819759 -2.252016
v 6.052032 2.745747 -2.365175
v 6.261714 2.675494 -2.243170
v 6.300039 2.608358 -2.002251
v 6.147537 2.552792 -1.804259
v 5.938204 2.518733 -1.670370
v -6.284255 1.825744 -1.954239
v -6.235862 1.833722 -2.204928
v -6.033554 1.846990 -2.363135
v -5.779010 1.881381 -2.373857
v -5.548779 1.936301 -2.279962
v -5.322589 1.993067 -2.176482
v -5.072491 2.034534 -2.151672
v -4.822337 2.067293 -2.180871
v -4.573609 2.100520 -2.215891
v -4.326069 2.149680 -2.209855
v -4.083141 2.211465 -2.175248
v -3.840713 2.276584 -2.135476
v -3.598731 2.342410 -2.093313
v -3.359028 2.410331 -2.043118
v -3.111962 2.466856 -2.024500
v -2.862442 2.513298 -2.029561
v -2.613719 2.562233 -2.030434
v -2.365956 2.615526 -2.023788
v -2.116885 2.657950 -2.047346
v -1.867848 2.703393 -2.070014
v -1.619203 2.755445 -2.082148
v -1.370544 2.809228 -2.093261
v -1.121475 2.863027 -2.107868
v -0.872620 2.919101 -2.118856
v -0.623176 2.974074 -2.137634
v -0.381450 3.022867 -2.205965
v -0.147960 3.073058 -2.296082
v 0.069754 3.124897 -2.418710
v 0.238271 3.182571 -2.601366
v 0.439541 3.235622 -2.748991
v 0.691105 3.276393 -2.732985
v 0.869750 3.310293 -2.555431
v 0.877314 3.335181 -2.304450
v 0.785461 3.346746 -2.067082
v 0.843159 3.379148 -1.823605
v 1.064232 3.389126 -1.703122
v 1.315736 3.368726 -1.679990
v 1.561760 3.365314 -1.614664
v 1.803766 3.371385 -1.532870
v 2.055014 3.357280 -1.487631
v 2.308446 3.331409 -1.462629
v 2.561967 3.298666 -1.449127
v 2.814630 3.263154 -1.442012
v 3.066173 3.223806 -1.443522
v 3.316598 3.181806 -1.452704
v 3.566197 3.139621 -1.467148
v 3.816404 3.102224 -1.479983
v 4.067945 3.076176 -1.481252
v 4.319846 3.056837 -1.474528
v 4.571209 3.033100 -1.481459
v 4.811616 2.989420 -1.547821
v 5.036025 2.931019 -1.652135
v 5.267698 2.880236 -1.743593
v 5.482633 2.820155 -1.864692
v 5.681940 2.752105 -2.009285
v 5.804408 2.676243 -2.220904
v 6.004634 2.598959 -2.358040
v 6.234939 2.529059 -2.274808
v 6.300003 2.463800 -2.039265
v 6.143782 2.411285 -1.845546
v 5.930025 2.370549 -1.718281
v -6.287995 1.671034 -1.962560
v -6.233321 1.686652 -2.214566
v -6.014218 1.703244 -2.346859
v -5.759400 1.737365 -2.337621
v -5.529864 1.794285 -2.241676
v -5.301070 1.852078 -2.145663
v -5.050779 1.891714 -2.122894
v -4.799043 1.923782 -2.142236
v -4.547926 1.958938 -2.160293
v -4.299694 2.010733 -2.146737
v -4.056259 2.075520 -2.110430
v -3.814372 2.144701 -2.066976
v -3.572000 2.212445 -2.024931
v -3.330171 2.279589 -1.982922
v -3.083883 2.338171 -1.960074
v -2.834464 2.387444 -1.956825
v -2.585323 2.436954 -1.956314
v -2.336096 2.485811 -1.959971
v -2.086015 2.528074 -1.981824
v -1.836170 2.575114 -2.001004
v -1.586736 2.625581 -2.017385
v -1.337490 2.676511 -2.036402
v -1.088443 2.727515 -2.059940
v -0.839017 2.780018 -2.083051
v -0.591306 2.829520 -2.127493
v -0.353214 2.877871 -2.208940
v -0.120074 2.927785 -2.302518
v 0.085493 2.979501 -2.446048
v 0.249409 3.037780 -2.633853
v 0.463087 3.088870 -2.764551
v 0.713011 3.128465 -2.728455
v 0.883608 3.159532 -2.541836
v 0.893504 3.183277 -2.289602
v 0.807931 3.199386 -2.050558
v 0.843011 3.226646 -1.801794
v 1.053202 3.241658 -1.662664
v 1.304614 3.227347 -1.629670
v 1.548670 3.228644 -1.556644
v 1.786827 3.239884 -1.463040
v 2.037136 3.231635 -1.408467
v 2.290842 3.211632 -1.375115
v 2.545454 3.185555 -1.352333
v 2.799827 3.155504 -1.337469
v 3.052213 3.113923 -1.340229
v 3.302804 3.066878 -1.354510
v 3.552481 3.020238 -1.374177
v 3.801934 2.976876 -1.395719
v 4.052923 2.942382 -1.411259
v 4.304532 2.914437 -1.422493
v 4.556070 2.888141 -1.434776
v 4.800212 2.848344 -1.492568
v 5.032902 2.796748 -1.584177
v 5.264338 2.745207 -1.679214
v 5.482072 2.684685 -1.800124
v 5.659387 2.608703 -1.970818
v 5.769345 2.534116 -2.191592
v 5.961144 2.454919 -2.341956
v 6.202960 2.383448 -2.299396
v 6.300361 2.319490 -2.074744
v 6.160243 2.267898 -1.868336
v 5.928141 2.223067 -1.771364
v -6.269663 1.518823 -1.970454
v -6.227336 1.540159 -2.223661
v -5.995983 1.558841 -2.335019
v -5.742947 1.598632 -2.289375
v -5.517875 1.658342 -2.186266
v -5.282366 1.712799 -2.106540
v -5.032183 1.752147 -2.083177
v -4.779410 1.787427 -2.084672
v -4.526643 1.826329 -2.087897
v -4.277003 1.880576 -2.069900
v -4.033091 1.949323 -2.030617
v -3.792377 2.023954 -1.982353
v -3.550251 2.094613 -1.938203
v -3.306209 2.160096 -1.901986
v -3.059316 2.219613 -1.878017
v -2.810046 2.273498 -1.867157
v -2.559467 2.322114 -1.867567
v -2.308029 2.365122 -1.880349
v -2.056528 2.407983 -1.900533
v -1.805400 2.453682 -1.922045
v -1.554726 2.500299 -1.945807
v -1.304600 2.547020 -1.974263
v -1.055303 2.592797 -2.011811
v -0.807279 2.638139 -2.060867
v -0.564399 2.684499 -2.129961
v -0.325885 2.733118 -2.212091
v -0.095556 2.782501 -2.315366
v 0.095396 2.835712 -2.478580
v 0.263026 2.893328 -2.663768
v 0.486654 2.943252 -2.777736
v 0.734042 2.981248 -2.725264
v 0.894515 3.009101 -2.529094
v 0.898280 3.031712 -2.275174
v 0.815401 3.052489 -2.035872
v 0.846250 3.075028 -1.784739
v 1.044329 3.094058 -1.627712
v 1.294502 3.085871 -1.582067
v 1.537784 3.089384 -1.506409
v 1.771444 3.104882 -1.401985
v 2.019694 3.102674 -1.336565
v 2.273153 3.087555 -1.295733
v 2.528248 3.067147 -1.264532
v 2.783935 3.042116 -1.241236
v 3.038067 3.001378 -1.242166
v 3.289122 2.950976 -1.260090
v 3.539085 2.900504 -1.284213
v 3.788367 2.852978 -1.311628
v 4.038327 2.810615 -1.340060
v 4.288649 2.774316 -1.368635
v 4.540226 2.744334 -1.391395
v 4.787227 2.707173 -1.442770
v 5.026514 2.661438 -1.521833
v 5.258719 2.609567 -1.618207
v 5.468689 2.544170 -1.751943
v 5.627871 2.467665 -1.939253
v 5.738716 2.392083 -2.158725
v 5.921832 2.312795 -2.319401
v 6.167105 2.239198 -2.316523
v 6.298205 2.175578 -2.109668
v 6.182288 2.124730 -1.887999
v 5.935300 2.080271 -1.828521
v -6.246359 1.368787 -1.980591
v -6.221531 1.393567 -2.235443
v -5.973638 1.416726 -2.308949
v -5.733452 1.466549 -2.227120
v -5.512327 1.530919 -2.113595
v -5.269021 1.578436 -2.050987
v -5.018309 1.621210 -2.019420
v -4.765543 1.665649 -2.003251
v -4.510940 1.705877 -1.999611
v -4.259197 1.761836 -1.979013
v -4.015159 1.835812 -1.935487
v -3.776094 1.916916 -1.882261
v -3.534890 1.992419 -1.834502
v -3.289246 2.058154 -1.798405
v -3.040603 2.118118 -1.774340
v -2.789643 2.172700 -1.763045
v -2.536243 2.217497 -1.767885
v -2.282458 2.256778 -1.785305
v -2.028891 2.297000 -1.809046
v -1.775827 2.335911 -1.840145
v -1.523557 2.375113 -1.876596
v -1.272640 2.413579 -1.923267
v -1.024810 2.452275 -1.984545
v -0.781198 2.494156 -2.057955
v -0.539941 2.540304 -2.135986
v -0.299865 2.589077 -2.216892
v -0.078239 2.638007 -2.339287
v 0.102401 2.692987 -2.513721
v 0.279520 2.749091 -2.690760
v 0.510033 2.798630 -2.791025
v 0.754047 2.834294 -2.723246
v 0.901454 2.859511 -2.516531
v 0.891975 2.881880 -2.261865
v 0.808924 2.905843 -2.022584
v 0.853174 2.925066 -1.772007
v 1.037534 2.946869 -1.597584
v 1.285058 2.944309 -1.537027
v 1.528370 2.948596 -1.461390
v 1.757230 2.967939 -1.347462
v 2.002422 2.970982 -1.271340
v 2.255398 2.958671 -1.226145
v 2.510462 2.941257 -1.190147
v 2.766615 2.918705 -1.160877
v 3.022419 2.881251 -1.156087
v 3.275026 2.831314 -1.173482
v 3.525908 2.779511 -1.198733
v 3.776093 2.729862 -1.228693
v 4.024988 2.681885 -1.266743
v 4.274008 2.638636 -1.308473
v 4.525071 2.603769 -1.344738
v 4.773773 2.567488 -1.394091
v 5.015923 2.524016 -1.467447
v 5.246003 2.470230 -1.568186
v 5.445942 2.402340 -1.714290
v 5.594775 2.326913 -1.909183
v 5.711984 2.250318 -2.123919
v 5.886352 2.171342 -2.293590
v 6.128632 2.097160 -2.327971
v 6.292198 2.030591 -2.144624
v 6.202737 1.981554 -1.910024
v 5.948537 1.941634 -1.886494
v -6.249962 1.219817 -1.997285
v -6.217035 1.248198 -2.250513
v -5.949722 1.275748 -2.279765
v -5.718417 1.329427 -2.180025
v -5.505163 1.401748 -2.045038
v -5.261483 1.457820 -1.968696
v -5.011069 1.508334 -1.926543
v -4.756908 1.557076 -1.905408
v -4.500237 1.598113 -1.901003
v -4.246973 1.657549 -1.875597
v -4.004372 1.738907 -1.826180
v -3.766281 1.824403 -1.769211
v -3.525372 1.904572 -1.717764
v -3.278728 1.973557 -1.679423
v -3.027390 2.032399 -1.656454
v -2.772412 2.081012 -1.650248
v -2.515488 2.120287 -1.660419
v -2.258054 2.153593 -1.684362
v -2.001751 2.181560 -1.723178
v -1.747297 2.209179 -1.772594
v -1.495039 2.238564 -1.832136
v -1.246343 2.270905 -1.903627
v -1.001374 2.307782 -1.983538
v -0.757496 2.349790 -2.063002
v -0.513691 2.396294 -2.138050
v -0.276823 2.444952 -2.228519
v -0.065090 2.494990 -2.367778
v 0.112567 2.550439 -2.545936
v 0.297646 2.605681 -2.715902
v 0.533136 2.654678 -2.805580
v 0.772825 2.687732 -2.721282
v 0.905718 2.711707 -2.503490
v 0.879831 2.734325 -2.249275
v 0.798387 2.759387 -2.009135
v 0.864772 2.776828 -1.763038
v 1.032467 2.800718 -1.571846
v 1.276079 2.802049 -1.497011
v 1.519617 2.807350 -1.418561
v 1.742102 2.831879 -1.293748
v 1.984918 2.837288 -1.211137
v 2.238325 2.824874 -1.168037
v 2.492735 2.807958 -1.131796
v 2.748378 2.785989 -1.100265
v 3.004615 2.751778 -1.088543
v 3.259119 2.706025 -1.099230
v 3.512284 2.656849 -1.119970
v 3.764194 2.607152 -1.149707
v 4.013811 2.556369 -1.192186
v 4.262404 2.508962 -1.241482
v 4.512229 2.468795 -1.289349
v 4.760849 2.430393 -1.343372
v 5.001999 2.385546 -1.418859
v 5.227492 2.329358 -1.527072
v 5.418800 2.260793 -1.682128
v 5.563308 2.186516 -1.878712
v 5.687113 2.108469 -2.089115
v 5.853740 2.031019 -2.266383
v 6.089739 1.956445 -2.337738
v 6.275198 1.883603 -2.176198
v 6.220806 1.838067 -1.930588
v 5.969377 1.796531 -1.906778
v -6.282490 1.078604 -2.021347
v -6.198910 1.103184 -2.266419
v -5.924220 1.131262 -2.277256
v -5.696737 1.189581 -2.142240
v -5.489667 1.265114 -1.994753
v -5.254972 1.337618 -1.885349
v -5.000352 1.401103 -1.827426
v -4.743581 1.459705 -1.796877
v -4.486066 1.498964 -1.794204
v -4.242299 1.573352 -1.755904
v -4.003142 1.654253 -1.706724
v -3.767470 1.743878 -1.646933
v -3.526491 1.828855 -1.592451
v -3.276953 1.902778 -1.551265
v -3.019511 1.960155 -1.529347
v -2.757164 1.998310 -1.530392
v -2.494159 2.020279 -1.555630
v -2.233972 2.033467 -1.604192
v -1.978017 2.047487 -1.669339
v -1.725270 2.067268 -1.744124
v -1.475381 2.093644 -1.825104
v -1.227525 2.125802 -1.908989
v -0.979807 2.163121 -1.990301
v -0.731036 2.205785 -2.063481
v -0.483625 2.253048 -2.134295
v -0.249160 2.301475 -2.237716
v -0.050878 2.352417 -2.397915
v 0.124049 2.408402 -2.579566
v 0.317730 2.462867 -2.741171
v 0.557854 2.511062 -2.819753
v 0.789558 2.542025 -2.715128
v 0.905332 2.565527 -2.489076
v 0.862714 2.588939 -2.239182
v 0.787836 2.613203 -1.995859
v 0.881064 2.630901 -1.757098
v 1.025424 2.656549 -1.546277
v 1.268463 2.659035 -1.464893
v 1.507995 2.669031 -1.371294
v 1.724721 2.698900 -1.234992
v 1.969489 2.702224 -1.156402
v 2.222825 2.687147 -1.120390
v 2.475251 2.672413 -1.079012
v 2.728822 2.648742 -1.053166
v 2.982482 2.615388 -1.040114
v 3.237541 2.574898 -1.037767
v 3.494570 2.531315 -1.046724
v 3.750579 2.483307 -1.072811
v 4.003269 2.430595 -1.117985
v 4.253872 2.379570 -1.173509
v 4.504359 2.335220 -1.229905
v 4.750849 2.293115 -1.293451
v 4.987549 2.245871 -1.376739
v 5.203532 2.187316 -1.495643
v 5.388213 2.119284 -1.653662
v 5.538595 2.045568 -1.843086
v 5.664578 1.968953 -2.050037
v 5.821053 1.891104 -2.238221
v 6.045307 1.817829 -2.351064
v 6.243047 1.742666 -2.200971
v 6.245158 1.694193 -1.935086
v 5.995644 1.652357 -1.897149
vt 0.000000 0.000000
vt 0.016667 0.000000
vt 0.033333 0.000000
vt 0.050000 0.000000
vt 0.066667 0.000000
vt 0.083333 0.000000
vt 0.100000 0.000000
vt 0.116667 0.000000
vt 0.133333 0.000000
vt 0.150000 0.000000
vt 0.166667 0.000000
vt 0.183333 0.000000
vt 0.200000 0.000000
vt 0.216667 0.000000
vt 0.233333 0.000000
vt 0.250000 0.000000
vt 0.266667 0.000000
vt 0.283333 0.000000
vt 0.300000 0.000000
vt 0.316667 0.000000
vt 0.333333 0.000000
vt 0.350000 0.000000
vt 0.366667 0.000000
vt 0.383333 0.000000
vt 0.400000 0.000000
vt 0.416667 0.000000
vt 0.433333 0.000000
vt 0.450000 0.000000
vt 0.466667 0.000000
vt 0.483333 0.000000
vt 0.500000 0.000000
vt 0.516667 0.000000
vt 0.533333 0.000000
vt 0.550000 0.000000
vt 0.566667 0.000000
vt 0.583333 0.000000
vt 0.600000 0.000000
vt 0.616667 0.000000
vt 0.633333 0.000000
vt 0.650000 0.000000
vt 0.666667 0.000000
vt 0.683333 0.000000
vt 0.700000 0.000000
vt 0.716667 0.000000
vt 0.733333 0.000000
vt 0.750000 0.000000
vt 0.766667 0.000000
vt 0.783333 0.000000
vt 0.800000 0.000000
vt 0.816667 0.000000
vt 0.833333 0.000000
vt 0.850000 0.000000
vt 0.866667 0.000000
vt 0.883333 0.000000
vt 0.900000 0.000000
vt 0.916667 0.000000
vt 0.933333 0.000000
vt 0.950000 0.000000
vt 0.966667 0.000000
vt 0.983333 0.000000
vt 1.000000 0.000000
vt 0.000000 0.016667
vt 0.016667 0.016667
vt 0.033333 0.016667
vt 0.050000 0.016667
vt 0.066667 0.016667
vt 0.083333 0.016667
vt 0.100000 0.016667
vt 0.116667 0.016667
vt 0.133333 0.016667
vt 0.150000 0.016667
vt 0.166667 0.016667
vt 0.183333 0.016667
vt 0.200000 0.016667
vt 0.216667 0.016667
vt 0.233333 0.016667
vt 0.250000 0.016667
vt 0.266667 0.016667
vt 0.283333 0.016667
vt 0.300000 0.016667
vt 0.316667 0.016667
vt 0.333333 0.016667
vt 0.350000 0.016667
vt 0.366667 0.016667
vt 0.383333 0.016667
vt 0.400000 0.016667
vt 0.416667 0.016667
vt 0.433333 0.016667
vt 0.450000 0.016667
vt 0.466667 0.016667
vt 0.483333 0.016667
vt 0.500000 0.016667
vt 0.516667 0.016667
vt 0.533333 0.016667
vt 0.550000 0.016667
vt 0.566667 0.016667
vt 0.583333 0.016667
vt 0.600000 0.016667
vt 0.616667 0.016667
vt 0.633333 0.016667
vt 0.650000 0.016667
vt 0.666667 0.016667
vt 0.683333 0.016667
vt 0.700000 0.016667
vt 0.716667 0.016667
vt 0.733333 0.016667
vt 0.750000 0.016667
vt 0.766667 0.016667
vt 0.783333 0.016667
vt 0.800000 0.016667
vt 0.816667 0.016667
vt 0.833333 0.016667
vt 0.850000 0.016667
vt 0.866667 0.016667
vt 0.883333 0.016667
vt 0.900000 0.016667
vt 0.916667 0.016667
vt 0.933333 0.016667
vt 0.950000 0.016667
vt 0.966667 0.016667
vt 0.983333 0.016667
vt 1.000000 0.016667
vt 0.000000 0.033333
vt 0.016667 0.033333
vt 0.033333 0.033333
vt 0.050000 0.033333
vt 0.066667 0.033333
vt 0.083333 0.033333
vt 0.100000 0.033333
vt 0.116667 0.033333
vt 0.133333 0.033333
vt 0.150000 0.033333
vt 0.166667 0.033333
vt 0.183333 0.033333
vt 0.200000 0.033333
vt 0.216667 0.033333
vt 0.233333 0.033333
vt 0.250000 0.033333
vt 0.266667 0.033333
vt 0.283333 0.033333
vt 0.300000 0.033333
vt 0.316667 0.033333
vt 0.333333 0.033333
vt 0.350000 0.033333
vt 0.366667 0.033333
vt 0.383333 0.033333
vt 0.400000 0.033333
vt 0.416667 0.033333
vt 0.433333 0.033333
vt 0.450000 0.033333
vt 0.466667 0.033333
vt 0.483333 0.033333
vt 0.500000 0.033333
vt 0.516667 0.033333
vt 0.533333 0.033333
vt 0.550000 0.033333
vt 0.566667 0.033333
vt 0.583333 0.033333
vt 0.600000 0.033333
vt 0.616667 0.033333
vt 0.633333 0.033333
vt 0.650000 0.033333
vt 0.666667 0.033333
vt 0.683333 0.033333
vt 0.700000 0.033333
vt 0.716667 0.033333
vt 0.733333 0.033333
vt 0.750000 0.033333
vt 0.766667 0.033333
vt 0.783333 0.033333
vt 0.800000 0.033333
vt 0.816667 0.033333
vt 0.833333 0.033333
vt 0.850000 0.033333
vt 0.866667 0.033333
vt 0.883333 0.033333
vt 0.900000 0.033333
vt 0.916667 0.033333
vt 0.933333 0.033333
vt 0.950000 0.033333
vt 0.966667 0.033333
vt 0.983333 0.033333
vt 1.000000 0.033333
vt 0.000000 0.050000
vt 0.016667 0.050000
vt 0.033333 0.050000
vt 0.050000 0.050000
vt 0.066667 0.050000
vt 0.083333 0.050000
vt 0.100000 0.050000
vt 0.116667 0.050000
vt 0.133333 0.050000
vt 0.150000 0.050000
vt 0.166667 0.050000
vt 0.183333 0.050000
vt 0.200000 0.050000
vt 0.216667 0.050000
vt 0.233333 0.050000
vt 0.250000 0.050000
vt 0.266667 0.050000
vt 0.283333 0.050000
vt 0.300000 0.050000
vt 0.316667 0.050000
vt 0.333333 0.050000
vt 0.350000 0.050000
vt 0.366667 0.050000
vt 0.383333 0.050000
vt 0.400000 0.050000
vt 0.416667 0.050000
vt 0.433333 0.050000
vt 0.450000 0.050000
vt 0.466667 0.050000
vt 0.483333 0.050000
vt 0.500000 0.050000
vt 0.516667 0.050000
vt 0.533333 0.050000
vt 0.550000 0.050000
vt 0.566667 0.050000
vt 0.583333 0.050000
vt 0.600000 0.050000
vt 0.616667 0.050000
vt 0.633333 0.050000
vt 0.650000 0.050000
vt 0.666667 0.050000
vt 0.683333 0.050000
vt 0.700000 0.050000
vt 0.716667 0.050000
vt 0.733333 0.050000
vt 0.750000 0.050000
vt 0.766667 0.050000
vt 0.783333 0.050000
vt 0.800000 0.050000
vt 0.816667 0.050000
vt 0.833333 0.050000
vt 0.850000 0.050000
vt 0.866667 0.050000
vt 0.883333 0.050000
vt 0.900000 0.050000
vt 0.916667 0.050000
vt 0.933333 0.050000
vt 0.950000 0.050000
vt 0.966667 0.050000
vt 0.983333 0.050000
vt 1.000000 0.050000
vt 0.000000 0.066667
vt 0.016667 0.066667
vt 0.033333 0.066667
vt 0.050000 0.066667
vt 0.066667 0.066667
vt 0.083333 0.066667
vt 0.100000 0.066667
vt 0.116667 0.066667
vt 0.133333 0.066667
vt 0.150000 0.066667
vt 0.166667 0.066667
vt 0.183333 0.066667
vt 0.200000 0.066667
vt 0.216667 0.066667
vt 0.233333 0.066667
vt 0.250000 0.066667
vt 0.266667 0.066667
vt 0.283333 0.066667
vt 0.300000 0.066667
vt 0.316667 0.066667
vt 0.333333 0.066667
vt 0.350000 0.066667
vt 0.366667 0.066667
vt 0.383333 0.066667
vt 0.400000 0.066667
vt 0.416667 0.066667
vt 0.433333 0.066667
vt 0.450000 0.066667
vt 0.466667 0.066667
vt 0.483333 0.066667
vt 0.500000 0.066667
vt 0.516667 0.066667
vt 0.533333 0.066667
vt 0.550000 0.066667
vt 0.566667 0.066667
vt 0.583333 0.066667
vt 0.600000 0.066667
vt 0.616667 0.066667
vt 0.633333 0.066667
vt 0.650000 0.066667
vt 0.666667 0.066667
vt 0.683333 0.066667
vt 0.700000 0.066667
vt 0.716667 0.066667
vt 0.733333 0.066667
vt 0.750000 0.066667
vt 0.766667 0.066667
vt 0.783333 0.066667
vt 0.800000 0.066667
vt 0.816667 0.066667
vt 0.833333 0.066667
vt 0.850000 0.066667
vt 0.866667 0.066667
vt 0.883333 0.066667
vt 0.900000 0.066667
vt 0.916667 0.066667
vt 0.933333 0.066667
vt 0.950000 0.066667
vt 0.966667 0.066667
vt 0.983333 0.066667
vt 1.000000 0.066667
vt 0.000000 0.083333
vt 0.016667 0.083333
vt 0.033333 0.083333
vt 0.050000 0.083333
vt 0.066667 0.083333
vt 0.083333 0.083333
vt 0.100000 0.083333
vt 0.116667 0.083333
vt 0.133333 0.083333
vt 0.150000 0.083333
vt 0.166667 0.083333
vt 0.183333 0.083333
vt 0.200000 0.083333
vt 0.216667 0.083333
vt 0.233333 0.083333
vt 0.250000 0.083333
vt 0.266667 0.083333
vt 0.283333 0.083333
vt 0.300000 0.083333
vt 0.316667 0.083333
vt 0.333333 0.083333
vt 0.350000 0.083333
vt 0.366667 0.083333
vt 0.383333 0.083333
vt 0.400000 0.083333
vt 0.416667 0.083333
vt 0.433333 0.083333
vt 0.450000 0.083333
vt 0.466667 0.083333
vt 0.483333 0.083333
vt 0.500000 0.083333
vt 0.516667 0.083333
vt 0.533333 0.083333
vt 0.550000 0.083333
vt 0.566667 0.083333
vt 0.583333 0.083333
vt 0.600000 0.083333
vt 0.616667 0.083333
vt 0.633333 0.083333
vt 0.650000 0.083333
vt 0.666667 0.083333
vt 0.683333 0.083333
vt 0.700000 0.083333
vt 0.716667 0.083333
vt 0.733333 0.083333
vt 0.750000 0.083333
vt 0.766667 0.083333
vt 0.783333 0.083333
vt 0.800000 0.083333
vt 0.816667 0.083333
vt 0.833333 0.083333
vt 0.850000 0.083333
vt 0.866667 0.083333
vt 0.883333 0.083333
vt 0.900000 0.083333
vt 0.916667 0.083333
vt 0.933333 0.083333
vt 0.950000 0.083333
vt 0.966667 0.083333
vt 0.983333 0.083333
vt 1.000000 0.083333
vt 0.000000 0.100000
vt 0.016667 0.100000
vt 0.033333 0.100000
vt 0.050000 0.100000
vt 0.066667 0.100000
vt 0.083333 0.100000
vt 0.100000 0.100000
vt 0.116667 0.100000
vt 0.133333 0.100000
vt 0.150000 0.100000
vt 0.166667 0.100000
vt 0.183333 0.100000
vt 0.200000 0.100000
vt 0.216667 0.100000
vt 0.233333 0.100000
vt 0.250000 0.100000
vt 0.266667 0.100000
vt 0.283333 0.100000
vt 0.300000 0.100000
vt 0.316667 0.100000
vt 0.333333 0.100000
vt 0.350000 0.100000
vt 0.366667 0.100000
vt 0.383333 0.100000
vt 0.400000 0.100000
vt 0.416667 0.100000
vt 0.433333 0.100000
vt 0.450000 0.100000
vt 0.466667 0.100000
vt 0.483333 0.100000
vt 0.500000 0.100000
vt 0.516667 0.100000
vt 0.533333 0.100000
vt 0.550000 0.100000
vt 0.566667 0.100000
vt 0.583333 0.100000
vt 0.600000 0.100000
vt 0.616667 0.100000
vt 0.633333 0.100000
vt 0.650000 0.100000
vt 0.666667 0.100000
vt 0.683333 0.100000
vt 0.700000 0.100000
vt 0.716667 0.100000
vt 0.733333 0.100000
vt 0.750000 0.100000
vt 0.766667 0.100000
vt 0.783333 0.100000
vt 0.800000 0.100000
vt 0.816667 0.100000
vt 0.833333 0.100000
vt 0.850000 0.100000
vt 0.866667 0.100000
vt 0.883333 0.100000
vt 0.900000 0.100000
vt 0.916667 0.100000
vt 0.933333 0.100000
vt 0.950000 0.100000
vt 0.966667 0.100000
vt 0.983333 0.100000
vt 1.000000 0.100000
vt 0.000000 0.116667
vt 0.016667 0.116667
vt 0.033333 0.116667
vt 0.050000 0.116667
vt 0.066667 0.116667
vt 0.083333 0.116667
vt 0.100000 0.116667
vt 0.116667 0.116667
vt 0.133333 0.116667
vt 0.150000 0.116667
vt 0.166667 0.116667
vt 0.183333 0.116667
vt 0.200000 0.116667
vt 0.216667 0.116667
vt 0.233333 0.116667
vt 0.250000 0.116667
vt 0.266667 0.116667
vt 0.283333 0.116667
vt 0.300000 0.116667
vt 0.316667 0.116667
vt 0.333333 0.116667
vt 0.350000 0.116667
vt 0.366667 0.116667
vt 0.383333 0.116667
vt 0.400000 0.116667
vt 0.416667 0.116667
vt 0.433333 0.116667
vt 0.450000 0.116667
vt 0.466667 0.116667
vt 0.483333 0.116667
vt 0.500000 0.116667
vt 0.516667 0.116667
vt 0.533333 0.116667
vt 0.550000 0.116667
vt 0.566667 0.116667
vt 0.583333 0.116667
vt 0.600000 0.116667
vt 0.616667 0.116667
vt 0.633333 0.116667
vt 0.650000 0.116667
vt 0.666667 0.116667
vt 0.683333 0.116667
vt 0.700000 0.116667
vt 0.716667 0.116667
vt 0.733333 0.116667
vt 0.750000 0.116667
vt 0.766667 0.116667
vt 0.783333 0.116667
vt 0.800000 0.116667
vt 0.816667 0.116667
vt 0.833333 0.116667
vt 0.850000 0.116667
vt 0.866667 0.116667
vt 0.883333 0.116667
vt 0.900000 0.116667
vt 0.916667 0.116667
vt 0.933333 0.116667
vt 0.950000 0.116667
vt 0.966667 0.116667
vt 0.983333 0.116667
vt 1.000000 0.116667
vt 0.000000 0.133333
vt 0.016667 0.133333
vt 0.033333 0.133333
vt 0.050000 0.133333
vt 0.066667 0.133333
vt 0.083333 0.133333
vt 0.100000 0.133333
vt 0.116667 0.133333
vt 0.133333 0.133333
vt 0.150000 0.133333
vt 0.166667 0.133333
vt 0.183333 0.133333
vt 0.200000 0.133333
vt 0.216667 0.133333
vt 0.233333 0.133333
vt 0.250000 0.133333
vt 0.266667 0.133333
vt 0.283333 0.133333
vt 0.300000 0.133333
vt 0.316667 0.133333
vt 0.333333 0.133333
vt 0.350000 0.133333
vt 0.366667 0.133333
vt 0.383333 0.133333
vt 0.400000 0.133333
vt 0.416667 0.133333
vt 0.433333 0.133333
vt 0.450000 0.133333
vt 0.466667 0.133333
vt 0.483333 0.133333
vt 0.500000 0.133333
vt 0.516667 0.133333
vt 0.533333 0.133333
vt 0.550000 0.133333
vt 0.566667 0.133333
vt 0.583333 0.133333
vt 0.600000 0.133333
vt 0.616667 0.133333
vt 0.633333 0.133333
vt 0.650000 0.133333
vt 0.666667 0.133333
vt 0.683333 0.133333
vt 0.700000 0.133333
vt 0.716667 0.133333
vt 0.733333 0.133333
vt 0.750000 0.133333
vt 0.766667 0.133333
vt 0.783333 0.133333
vt 0.800000 0.133333
vt 0.816667 0.133333
vt 0.833333 0.133333
vt 0.850000 0.133333
vt 0.866667 0.133333
vt 0.883333 0.133333
vt 0.900000 0.133333
vt 0.916667 0.133333
vt 0.933333 0.133333
vt 0.950000 0.133333
vt 0.966667 0.133333
vt 0.983333 0.133333
vt 1.000000 0.133333
vt 0.000000 0.150000
vt 0.016667 0.150000
vt 0.033333 0.150000
vt 0.050000 0.150000
vt 0.066667 0.150000
vt 0.083333 0.150000
vt 0.100000 0.150000
vt 0.116667 0.150000
vt 0.133333 0.150000
vt 0.150000 0.150000
vt 0.166667 0.150000
vt 0.183333 0.150000
vt 0.200000 0.150000
vt 0.216667 0.150000
vt 0.233333 0.150000
vt 0.250000 0.150000
vt 0.266667 0.150000
vt 0.283333 0.150000
vt 0.300000 0.150000
vt 0.316667 0.150000
vt 0.333333 0.150000
vt 0.350000 0.150000
vt 0.366667 0.150000
vt 0.383333 0.150000
vt 0.400000 0.150000
vt 0.416667 0.150000
vt 0.433333 0.150000
vt 0.450000 0.150000
vt 0.466667 0.150000
vt 0.483333 0.150000
vt 0.500000 0.150000
vt 0.516667 0.150000
vt 0.533333 0.150000
vt 0.550000 0.150000
vt 0.566667 0.150000
vt 0.583333 0.150000
vt 0.600000 0.150000
vt 0.616667 0.150000
vt 0.633333 0.150000
vt 0.650000 0.150000
vt 0.666667 0.150000
vt 0.683333 0.150000
vt 0.700000 0.150000
vt 0.716667 0.150000
vt 0.733333 0.150000
vt 0.750000 0.150000
vt 0.766667 0.150000
vt 0.783333 0.150000
vt 0.800000 0.150000
vt 0.816667 0.150000
vt 0.833333 0.150000
vt 0.850000 0.150000
vt 0.866667 0.150000
vt 0.883333 0.150000
vt 0.900000 0.150000
vt 0.916667 0.150000
vt 0.933333 0.150000
vt 0.950000 0.150000
vt 0.966667 0.150000
vt 0.983333 0.150000
vt 1.000000 0.150000
vt 0.000000 0.166667
vt 0.016667 0.166667
vt 0.033333 0.166667
vt 0.050000 0.166667
vt 0.066667 0.166667
vt 0.083333 0.166667
vt 0.100000 0.166667
vt 0.116667 0.166667
vt 0.133333 0.166667
vt 0.150000 0.166667
vt 0.166667 0.166667
vt 0.183333 0.166667
vt 0.200000 0.166667
vt 0.216667 0.166667
vt 0.233333 0.166667
vt 0.250000 0.166667
vt 0.266667 0.166667
vt 0.283333 0.166667
vt 0.300000 0.166667
vt 0.316667 0.166667
vt 0.333333 0.166667
vt 0.350000 0.166667
vt 0.366667 0.166667
vt 0.383333 0.166667
vt 0.400000 0.166667
vt 0.416667 0.166667
vt 0.433333 0.166667
vt 0.450000 0.166667
vt 0.466667 0.166667
vt 0.483333 0.166667
vt 0.500000 0.166667
vt 0.516667 0.166667
vt 0.533333 0.166667
vt 0.550000 0.166667
vt 0.566667 0.166667
vt 0.583333 0.166667
vt 0.600000 0.166667
vt 0.616667 0.166667
vt 0.633333 0.166667
vt 0.650000 0.166667
vt 0.666667 0.166667
vt 0.683333 0.166667
vt 0.700000 0.166667
vt 0.716667 0.166667
vt 0.733333 0.166667
vt 0.750000 0.166667
vt 0.766667 0.166667
vt 0.783333 0.166667
vt 0.800000 0.166667
vt 0.816667 0.166667
vt 0.833333 0.166667
vt 0.850000 0.166667
vt 0.866667 0.166667
vt 0.883333 0.166667
vt 0.900000 0.166667
vt 0.916667 0.166667
vt 0.933333 0.166667
vt 0.950000 0.166667
vt 0.966667 0.166667
vt 0.983333 0.166667
vt 1.000000 0.166667
vt 0.000000 0.183333
vt 0.016667 0.183333
vt 0.033333 0.183333
vt 0.050000 0.183333
vt 0.066667 0.183333
vt 0.083333 0.183333
vt 0.100000 0.183333
vt 0.116667 0.183333
vt 0.133333 0.183333
vt 0.150000 0.183333
vt 0.166667 0.183333
vt 0.183333 0.183333
vt 0.200000 0.183333
vt 0.216667 0.183333
vt 0.233333 0.183333
vt 0.250000 0.183333
vt 0.266667 0.183333
vt 0.283333 0.183333
vt 0.300000 0.183333
vt 0.316667 0.183333
vt 0.333333 0.183333
vt 0.350000 0.183333
vt 0.366667 0.183333
vt 0.383333 0.183333
vt 0.400000 0.183333
vt 0.416667 0.183333
vt 0.433333 0.183333
vt 0.450000 0.183333
vt 0.466667 0.183333
vt 0.483333 0.183333
vt 0.500000 0.183333
vt 0.516667 0.183333
vt 0.533333 0.183333
vt 0.550000 0.183333
vt 0.566667 0.183333
vt 0.583333 0.183333
vt 0.600000 0.183333
vt 0.616667 0.183333
vt 0.633333 0.183333
vt 0.650000 0.183333
vt 0.666667 0.183333
vt 0.683333 0.183333
vt 0.700000 0.183333
vt 0.716667 0.183333
vt 0.733333 0.183333
vt 0.750000 0.183333
vt 0.766667 0.183333
vt 0.783333 0.183333
vt 0.800000 0.183333
vt 0.816667 0.183333
vt 0.833333 0.183333
vt 0.850000 0.183333
vt 0.866667 0.183333
vt 0.883333 0.183333
vt 0.900000 0.183333
vt 0.916667 0.183333
vt 0.933333 0.183333
vt 0.950000 0.183333
vt 0.966667 0.183333
vt 0.983333 0.183333
vt 1.000000 0.183333
vt 0.000000 0.200000
vt 0.016667 0.200000
vt 0.033333 0.200000
vt 0.050000 0.200000
vt 0.066667 0.200000
vt 0.083333 0.200000
vt 0.100000 0.200000
vt 0.116667 0.200000
vt 0.133333 0.200000
vt 0.150000 0.200000
vt 0.166667 0.200000
vt 0.183333 0.200000
vt 0.200000 0.200000
vt 0.216667 0.200000
vt 0.233333 0.200000
vt 0.250000 0.200000
vt 0.266667 0.200000
vt 0.283333 0.200000
vt 0.300000 0.200000
vt 0.316667 0.200000
vt 0.333333 0.200000
vt 0.350000 0.200000
vt 0.366667 0.200000
vt 0.383333 0.200000
vt 0.400000 0.200000
vt 0.416667 0.200000
vt 0.433333 0.200000
vt 0.450000 0.200000
vt 0.466667 0.200000
vt 0.483333 0.200000
vt 0.500000 0.200000
vt 0.516667 0.200000
vt 0.533333 0.200000
vt 0.550000 0.200000
vt 0.566667 0.200000
vt 0.583333 0.200000
vt 0.600000 0.200000
vt 0.616667 0.200000
vt 0.633333 0.200000
vt 0.650000 0.200000
vt 0.666667 0.200000
vt 0.683333 0.200000
vt 0.700000 0.200000
vt 0.716667 0.200000
vt 0.733333 0.200000
vt 0.750000 0.200000
vt 0.766667 0.200000
vt 0.783333 0.200000
vt 0.800000 0.200000
vt 0.816667 0.200000
vt 0.833333 0.200000
vt 0.850000 0.200000
vt 0.866667 0.200000
vt 0.883333 0.200000
vt 0.900000 0.200000
vt 0.916667 0.200000
vt 0.933333 0.200000
vt 0.950000 0.200000
vt 0.966667 0.200000
vt 0.983333 0.200000
vt 1.000000 0.200000
vt 0.000000 0.216667
vt 0.016667 0.216667
vt 0.033333 0.216667
vt 0.050000 0.216667
vt 0.066667 0.216667
vt 0.083333 0.216667
vt 0.100000 0.216667
vt 0.116667 0.216667
vt 0.133333 0.216667
vt 0.150000 0.216667
vt 0.166667 0.216667
vt 0.183333 0.216667
vt 0.200000 0.216667
vt 0.216667 0.216667
vt 0.233333 0.216667
vt 0.250000 0.216667
vt 0.266667 0.216667
vt 0.283333 0.216667
vt 0.300000 0.216667
vt 0.316667 0.216667
vt 0.333333 0.216667
vt 0.350000 0.216667
vt 0.366667 0.216667
vt 0.383333 0.216667
vt 0.400000 0.216667
vt 0.416667 0.216667
vt 0.433333 0.216667
vt 0.450000 0.216667
vt 0.466667 0.216667
vt 0.483333 0.216667
vt 0.500000 0.216667
vt 0.516667 0.216667
vt 0.533333 0.216667
vt 0.550000 0.216667
vt 0.566667 0.216667
vt 0.583333 0.216667
vt 0.600000 0.216667
vt 0.616667 0.216667
vt 0.633333 0.216667
vt 0.650000 0.216667
vt 0.666667 0.216667
vt 0.683333 0.216667
vt 0.700000 0.216667
vt 0.716667 0.216667
vt 0.733333 0.216667
vt 0.750000 0.216667
vt 0.766667 0.216667
vt 0.783333 0.216667
vt 0.800000 0.216667
vt 0.816667 0.216667
vt 0.833333 0.216667
vt 0.850000 0.216667
vt 0.866667 0.216667
vt 0.883333 0.216667
vt 0.900000 0.216667
vt 0.916667 0.216667
vt 0.933333 0.216667
vt 0.950000 0.216667
vt 0.966667 0.216667
vt 0.983333 0.216667
vt 1.000000 0.216667
vt 0.000000 0.233333
vt 0.016667 0.233333
vt 0.033333 0.233333
vt 0.050000 0.233333
vt 0.066667 0.233333
vt 0.083333 0.233333
vt 0.100000 0.233333
vt 0.116667 0.233333
vt 0.133333 0.233333
vt 0.150000 0.233333
vt 0.166667 0.233333
vt 0.183333 0.233333
vt 0.200000 0.233333
vt 0.216667 0.233333
vt 0.233333 0.233333
vt 0.250000 0.233333
vt 0.266667 0.233333
vt 0.283333 0.233333
vt 0.300000 0.233333
vt 0.316667 0.233333
vt 0.333333 0.233333
vt 0.350000 0.233333
vt 0.366667 0.233333
vt 0.383333 0.233333
vt 0.400000 0.233333
vt 0.416667 0.233333
vt 0.433333 0.233333
vt 0.450000 0.233333
vt 0.466667 0.233333
vt 0.483333 0.233333
vt 0.500000 0.233333
vt 0.516667 0.233333
vt 0.533333 0.233333
vt 0.550000 0.233333
vt 0.566667 0.233333
vt 0.583333 0.233333
vt 0.600000 0.233333
vt 0.616667 0.233333
vt 0.633333 0.233333
vt 0.650000 0.233333
vt 0.666667 0.233333
vt 0.683333 0.233333
vt 0.700000 0.233333
vt 0.716667 0.233333
vt 0.733333 0.233333
vt 0.750000 0.233333
vt 0.766667 0.233333
vt 0.783333 0.233333
vt 0.800000 0.233333
vt 0.816667 0.233333
vt 0.833333 0.233333
vt 0.850000 0.233333
vt 0.866667 0.233333
vt 0.883333 0.233333
vt 0.900000 0.233333
vt 0.916667 0.233333
vt 0.933333 0.233333
vt 0.950000 0.233333
vt 0.966667 0.233333
vt 0.983333 0.233333
vt 1.000000 0.233333
vt 0.000000 0.250000
vt 0.016667 0.250000
vt 0.033333 0.250000
vt 0.050000 0.250000
vt 0.066667 0.250000
vt 0.083333 0.250000
vt 0.100000 0.250000
vt 0.116667 0.250000
vt 0.133333 0.250000
vt 0.150000 0.250000
vt 0.166667 0.250000
vt 0.183333 0.250000
vt 0.200000 0.250000
vt 0.216667 0.250000
vt 0.233333 0.250000
vt 0.250000 0.250000
vt 0.266667 0.250000
vt 0.283333 0.250000
vt 0.300000 0.250000
vt 0.316667 0.250000
vt 0.333333 0.250000
vt 0.350000 0.250000
vt 0.366667 0.250000
vt 0.383333 0.250000
vt 0.400000 0.250000
vt 0.416667 0.250000
vt 0.433333 0.250000
vt 0.450000 0.250000
vt 0.466667 0.250000
vt 0.483333 0.250000
vt 0.500000 0.250000
vt 0.516667 0.250000
vt 0.533333 0.250000
vt 0.550000 0.250000
vt 0.566667 0.250000
vt 0.583333 0.250000
vt 0.600000 0.250000
vt 0.616667 0.250000
vt 0.633333 0.250000
vt 0.650000 0.250000
vt 0.666667 0.250000
vt 0.683333 0.250000
vt 0.700000 0.250000
vt 0.716667 0.250000
vt 0.733333 0.250000
vt 0.750000 0.250000
vt 0.766667 0.250000
vt 0.783333 0.250000
vt 0.800000 0.250000
vt 0.816667 0.250000
vt 0.833333 0.250000
vt 0.850000 0.250000
vt 0.866667 0.250000
vt 0.883333 0.250000
vt 0.900000 0.250000
vt 0.916667 0.250000
vt 0.933333 0.250000
vt 0.950000 0.250000
vt 0.966667 0.250000
vt 0.983333 0.250000
vt 1.000000 0.250000
vt 0.000000 0.266667
vt 0.016667 0.266667
vt 0.033333 0.266667
vt 0.050000 0.266667
vt 0.066667 0.266667
vt 0.083333 0.266667
vt 0.100000 0.266667
vt 0.116667 0.266667
vt 0.133333 0.266667
vt 0.150000 0.266667
vt 0.166667 0.266667
vt 0.183333 0.266667
vt 0.200000 0.266667
vt 0.216667 0.266667
vt 0.233333 0.266667
vt 0.250000 0.266667
vt 0.266667 0.266667
vt 0.283333 0.266667
vt 0.300000 0.266667
vt 0.316667 0.266667
vt 0.333333 0.266667
vt 0.350000 0.266667
vt 0.366667 0.266667
vt 0.383333 0.266667
vt 0.400000 0.266667
vt 0.416667 0.266667
vt 0.433333 0.266667
vt 0.450000 0.266667
vt 0.466667 0.266667
vt 0.483333 0.266667
vt 0.500000 0.266667
vt 0.516667 0.266667
vt 0.533333 0.266667
vt 0.550000 0.266667
vt 0.566667 0.266667
vt 0.583333 0.266667
vt 0.600000 0.266667
vt 0.616667 0.266667
vt 0.633333 0.266667
vt 0.650000 0.266667
vt 0.666667 0.266667
vt 0.683333 0.266667
vt 0.700000 0.266667
vt 0.716667 0.266667
vt 0.733333 0.266667
vt 0.750000 0.266667
vt 0.766667 0.266667
vt 0.783333 0.266667
vt 0.800000 0.266667
vt 0.816667 0.266667
vt 0.833333 0.266667
vt 0.850000 0.266667
vt 0.866667 0.266667
vt 0.883333 0.266667
vt 0.900000 0.266667
vt 0.916667 0.266667
vt 0.933333 0.266667
vt 0.950000 0.266667
vt 0.966667 0.266667
vt 0.983333 0.266667
vt 1.000000 0.266667
vt 0.000000 0.283333
vt 0.016667 0.283333
vt 0.033333 0.283333
vt 0.050000 0.283333
vt 0.066667 0.283333
vt 0.083333 0.283333
vt 0.100000 0.283333
vt 0.116667 0.283333
vt 0.133333 0.283333
vt 0.150000 0.283333
vt 0.166667 0.283333
vt 0.183333 0.283333
vt 0.200000 0.283333
vt 0.216667 0.283333
vt 0.233333 0.283333
vt 0.250000 0.283333
vt 0.266667 0.283333
vt 0.283333 0.283333
vt 0.300000 0.283333
vt 0.316667 0.283333
vt 0.333333 0.283333
vt 0.350000 0.283333
vt 0.366667 0.283333
vt 0.383333 0.283333
vt 0.400000 0.283333
vt 0.416667 0.283333
vt 0.433333 0.283333
vt 0.450000 0.283333
vt 0.466667 0.283333
vt 0.483333 0.283333
vt 0.500000 0.283333
vt 0.516667 0.283333
vt 0.533333 0.283333
vt 0.550000 0.283333
vt 0.566667 0.283333
vt 0.583333 0.283333
vt 0.600000 0.283333
vt 0.616667 0.283333
vt 0.633333 0.283333
vt 0.650000 0.283333
vt 0.666667 0.283333
vt 0.683333 0.283333
vt 0.700000 0.283333
vt 0.716667 0.283333
vt 0.733333 0.283333
vt 0.750000 0.283333
vt 0.766667 0.283333
vt 0.783333 0.283333
vt 0.800000 0.283333
vt 0.816667 0.283333
vt 0.833333 0.283333
vt 0.850000 0.283333
vt 0.866667 0.283333
vt 0.883333 0.283333
vt 0.900000 0.283333
vt 0.916667 0.283333
vt 0.933333 0.283333
vt 0.950000 0.283333
vt 0.966667 0.283333
vt 0.983333 0.283333
vt 1.000000 0.283333
vt 0.000000 0.300000
vt 0.016667 0.300000
vt 0.033333 0.300000
vt 0.050000 0.300000
vt 0.066667 0.300000
vt 0.083333 0.300000
vt 0.100000 0.300000
vt 0.116667 0.300000
vt 0.133333 0.300000
vt 0.150000 0.300000
vt 0.166667 0.300000
vt 0.183333 0.300000
vt 0.200000 0.300000
vt 0.216667 0.300000
vt 0.233333 0.300000
vt 0.250000 0.300000
vt 0.266667 0.300000
vt 0.283333 0.300000
vt 0.300000 0.300000
vt 0.316667 0.300000
vt 0.333333 0.300000
vt 0.350000 0.300000
vt 0.366667 0.300000
vt 0.383333 0.300000
vt 0.400000 0.300000
vt 0.416667 0.300000
vt 0.433333 0.300000
vt 0.450000 0.300000
vt 0.466667 0.300000
vt 0.483333 0.300000
vt 0.500000 0.300000
vt 0.516667 0.300000
vt 0.533333 0.300000
vt 0.550000 0.300000
vt 0.566667 0.300000
vt 0.583333 0.300000
vt 0.600000 0.300000
vt 0.616667 0.300000
vt 0.633333 0.300000
vt 0.650000 0.300000
vt 0.666667 0.300000
vt 0.683333 0.300000
vt 0.700000 0.300000
vt 0.716667 0.300000
vt 0.733333 0.300000
vt 0.750000 0.300000
vt 0.766667 0.300000
vt 0.783333 0.300000
vt 0.800000 0.300000
vt 0.816667 0.300000
vt 0.833333 0.300000
vt 0.850000 0.300000
vt 0.866667 0.300000
vt 0.883333 0.300000
vt 0.900000 0.300000
vt 0.916667 0.300000
vt 0.933333 0.300000
vt 0.950000 0.300000
vt 0.966667 0.300000
vt 0.983333 0.300000
vt 1.000000 0.300000
vt 0.000000 0.316667
vt 0.016667 0.316667
vt 0.033333 0.316667
vt 0.050000 0.316667
vt 0.066667 0.316667
vt 0.083333 0.316667
vt 0.100000 0.316667
vt 0.116667 0.316667
vt 0.133333 0.316667
vt 0.150000 0.316667
vt 0.166667 0.316667
vt 0.183333 0.316667
vt 0.200000 0.316667
vt 0.216667 0.316667
vt 0.233333 0.316667
vt 0.250000 0.316667
vt 0.266667 0.316667
vt 0.283333 0.316667
vt 0.300000 0.316667
vt 0.316667 0.316667
vt 0.333333 0.316667
vt 0.350000 0.316667
vt 0.366667 0.316667
vt 0.383333 0.316667
vt 0.400000 0.316667
vt 0.416667 0.316667
vt 0.433333 0.316667
vt 0.450000 0.316667
vt 0.466667 0.316667
vt 0.483333 0.316667
vt 0.500000 0.316667
vt 0.516667 0.316667
vt 0.533333 0.316667
vt 0.550000 0.316667
vt 0.566667 0.316667
vt 0.583333 0.316667
vt 0.600000 0.316667
vt 0.616667 0.316667
vt 0.633333 0.316667
vt 0.650000 0.316667
vt 0.666667 0.316667
vt 0.683333 0.316667
vt 0.700000 0.316667
vt 0.716667 0.316667
vt 0.733333 0.316667
vt 0.750000 0.316667
vt 0.766667 0.316667
vt 0.783333 0.316667
vt 0.800000 0.316667
vt 0.816667 0.316667
vt 0.833333 0.316667
vt 0.850000 0.316667
vt 0.866667 0.316667
vt 0.883333 0.316667
vt 0.900000 0.316667
vt 0.916667 0.316667
vt 0.933333 0.316667
vt 0.950000 0.316667
vt 0.966667 0.316667
vt 0.983333 0.316667
vt 1.000000 0.316667
vt 0.000000 0.333333
vt 0.016667 0.333333
vt 0.033333 0.333333
vt 0.050000 0.333333
vt 0.066667 0.333333
vt 0.083333 0.333333
vt 0.100000 0.333333
vt 0.116667 0.333333
vt 0.133333 0.333333
vt 0.150000 0.333333
vt 0.166667 0.333333
vt 0.183333 0.333333
vt 0.200000 0.333333
vt 0.216667 0.333333
vt 0.233333 0.333333
vt 0.250000 0.333333
vt 0.266667 0.333333
vt 0.283333 0.333333
vt 0.300000 0.333333
vt 0.316667 0.333333
vt 0.333333 0.333333
vt 0.350000 0.333333
vt 0.366667 0.333333
vt 0.383333 0.333333
vt 0.400000 0.333333
vt 0.416667 0.333333
vt 0.433333 0.333333
vt 0.450000 0.333333
vt 0.466667 0.333333
vt 0.483333 0.333333
vt 0.500000 0.333333
vt 0.516667 0.333333
vt 0.533333 0.333333
vt 0.550000 0.333333
vt 0.566667 0.333333
vt 0.583333 0.333333
vt 0.600000 0.333333
vt 0.616667 0.333333
vt 0.633333 0.333333
vt 0.650000 0.333333
vt 0.666667 0.333333
vt 0.683333 0.333333
vt 0.700000 0.333333
vt 0.716667 0.333333
vt 0.733333 0.333333
vt 0.750000 0.333333
vt 0.766667 0.333333
vt 0.783333 0.333333
vt 0.800000 0.333333
vt 0.816667 0.333333
vt 0.833333 0.333333
vt 0.850000 0.333333
vt 0.866667 0.333333
vt 0.883333 0.333333
vt 0.900000 0.333333
vt 0.916667 0.333333
vt 0.933333 0.333333
vt 0.950000 0.333333
vt 0.966667 0.333333
vt 0.983333 0.333333
vt 1.000000 0.333333
vt 0.000000 0.350000
vt 0.016667 0.350000
vt 0.033333 0.350000
vt 0.050000 0.350000
vt 0.066667 0.350000
vt 0.083333 0.350000
vt 0.100000 0.350000
vt 0.116667 0.350000
vt 0.133333 0.350000
vt 0.150000 0.350000
vt 0.166667 0.350000
vt 0.183333 0.350000
vt 0.200000 0.350000
vt 0.216667 0.350000
vt 0.233333 0.350000
vt 0.250000 0.350000
vt 0.266667 0.350000
vt 0.283333 0.350000
vt 0.300000 0.350000
vt 0.316667 0.350000
vt 0.333333 0.350000
vt 0.350000 0.350000
vt 0.366667 0.350000
vt 0.383333 0.350000
vt 0.400000 0.350000
vt 0.416667 0.350000
vt 0.433333 0.350000
vt 0.450000 0.350000
vt 0.466667 0.350000
vt 0.483333 0.350000
vt 0.500000 0.350000
vt 0.516667 0.350000
vt 0.533333 0.350000
vt 0.550000 0.350000
vt 0.566667 0.350000
vt 0.583333 0.350000
vt 0.600000 0.350000
vt 0.616667 0.350000
vt 0.633333 0.350000
vt 0.650000 0.350000
vt 0.666667 0.350000
vt 0.683333 0.350000
vt 0.700000 0.350000
vt 0.716667 0.350000
vt 0.733333 0.350000
vt 0.750000 0.350000
vt 0.766667 0.350000
vt 0.783333 0.350000
vt 0.800000 0.350000
vt 0.816667 0.350000
vt 0.833333 0.350000
vt 0.850000 0.350000
vt 0.866667 0.350000
vt 0.883333 0.350000
vt 0.900000 0.350000
vt 0.916667 0.350000
vt 0.933333 0.350000
vt 0.950000 0.350000
vt 0.966667 0.350000
vt 0.983333 0.350000
vt 1.000000 0.350000
vt 0.000000 0.366667
vt 0.016667 0.366667
vt 0.033333 0.366667
vt 0.050000 0.366667
vt 0.066667 0.366667
vt 0.083333 0.366667
vt 0.100000 0.366667
vt 0.116667 0.366667
vt 0.133333 0.366667
vt 0.150000 0.366667
vt 0.166667 0.366667
vt 0.183333 0.366667
vt 0.200000 0.366667
vt 0.216667 0.366667
vt 0.233333 0.366667
vt 0.250000 0.366667
vt 0.266667 0.366667
vt 0.283333 0.366667
vt 0.300000 0.366667
vt 0.316667 0.366667
vt 0.333333 0.366667
vt 0.350000 0.366667
vt 0.366667 0.366667
vt 0.383333 0.366667
vt 0.400000 0.366667
vt 0.416667 0.366667
vt 0.433333 0.366667
vt 0.450000 0.366667
vt 0.466667 0.366667
vt 0.483333 0.366667
vt 0.500000 0.366667
vt 0.516667 0.366667
vt 0.533333 0.366667
vt 0.550000 0.366667
vt 0.566667 0.366667
vt 0.583333 0.366667
vt 0.600000 0.366667
vt 0.616667 0.366667
vt 0.633333 0.366667
vt 0.650000 0.366667
vt 0.666667 0.366667
vt 0.683333 0.366667
vt 0.700000 0.366667
vt 0.716667 0.366667
vt 0.733333 0.366667
vt 0.750000 0.366667
vt 0.766667 0.366667
vt 0.783333 0.366667
vt 0.800000 0.366667
vt 0.816667 0.366667
vt 0.833333 0.366667
vt 0.850000 0.366667
vt 0.866667 0.366667
vt 0.883333 0.366667
vt 0.900000 0.366667
vt 0.916667 0.366667
vt 0.933333 0.366667
vt 0.950000 0.366667
vt 0.966667 0.366667
vt 0.983333 0.366667
vt 1.000000 0.366667
vt 0.000000 0.383333
vt 0.016667 0.383333
vt 0.033333 0.383333
vt 0.050000 0.383333
vt 0.066667 0.383333
vt 0.083333 0.383333
vt 0.100000 0.383333
vt 0.116667 0.383333
vt 0.133333 0.383333
vt 0.150000 0.383333
vt 0.166667 0.383333
vt 0.183333 0.383333
vt 0.200000 0.383333
vt 0.216667 0.383333
vt 0.233333 0.383333
vt 0.250000 0.383333
vt 0.266667 0.383333
vt 0.283333 0.383333
vt 0.300000 0.383333
vt 0.316667 0.383333
vt 0.333333 0.383333
vt 0.350000 0.383333
vt 0.366667 0.383333
vt 0.383333 0.383333
vt 0.400000 0.383333
vt 0.416667 0.383333
vt 0.433333 0.383333
vt 0.450000 0.383333
vt 0.466667 0.383333
vt 0.483333 0.383333
vt 0.500000 0.383333
vt 0.516667 0.383333
vt 0.533333 0.383333
vt 0.550000 0.383333
vt 0.566667 0.383333
vt 0.583333 0.383333
vt 0.600000 0.383333
vt 0.616667 0.383333
vt 0.633333 0.383333
vt 0.650000 0.383333
vt 0.666667 0.383333
vt 0.683333 0.383333
vt 0.700000 0.383333
vt 0.716667 0.383333
vt 0.733333 0.383333
vt 0.750000 0.383333
vt 0.766667 0.383333
vt 0.783333 0.383333
vt 0.800000 0.383333
vt 0.816667 0.383333
vt 0.833333 0.383333
vt 0.850000 0.383333
vt 0.866667 0.383333
vt 0.883333 0.383333
vt 0.900000 0.383333
vt 0.916667 0.383333
vt 0.933333 0.383333
vt 0.950000 0.383333
vt 0.966667 0.383333
vt 0.983333 0.383333
vt 1.000000 0.383333
vt 0.000000 0.400000
vt 0.016667 0.400000
vt 0.033333 0.400000
vt 0.050000 0.400000
vt 0.066667 0.400000
vt 0.083333 0.400000
vt 0.100000 0.400000
vt 0.116667 0.400000
vt 0.133333 0.400000
vt 0.150000 0.400000
vt 0.166667 0.400000
vt 0.183333 0.400000
vt 0.200000 0.400000
vt 0.216667 0.400000
vt 0.233333 0.400000
vt 0.250000 0.400000
vt 0.266667 0.400000
vt 0.283333 0.400000
vt 0.300000 0.400000
vt 0.316667 0.400000
vt 0.333333 0.400000
vt 0.350000 0.400000
vt 0.366667 0.400000
vt 0.383333 0.400000
vt 0.400000 0.400000
vt 0.416667 0.400000
vt 0.433333 0.400000
vt 0.450000 0.400000
vt 0.466667 0.400000
vt 0.483333 0.400000
vt 0.500000 0.400000
vt 0.516667 0.400000
vt 0.533333 0.400000
vt 0.550000 0.400000
vt 0.566667 0.400000
vt 0.583333 0.400000
vt 0.600000 0.400000
vt 0.616667 0.400000
vt 0.633333 0.400000
vt 0.650000 0.400000
vt 0.666667 0.400000
vt 0.683333 0.400000
vt 0.700000 0.400000
vt 0.716667 0.400000
vt 0.733333 0.400000
vt 0.750000 0.400000
vt 0.766667 0.400000
vt 0.783333 0.400000
vt 0.800000 0.400000
vt 0.816667 0.400000
vt 0.833333 0.400000
vt 0.850000 0.400000
vt 0.866667 0.400000
vt 0.883333 0.400000
vt 0.900000 0.400000
vt 0.916667 0.400000
vt 0.933333 0.400000
vt 0.950000 0.400000
vt 0.966667 0.400000
vt 0.983333 0.400000
vt 1.000000 0.400000
vt 0.000000 0.416667
vt 0.016667 0.416667
vt 0.033333 0.416667
vt 0.050000 0.416667
vt 0.066667 0.416667
vt 0.083333 0.416667
vt 0.100000 0.416667
vt 0.116667 0.416667
vt 0.133333 0.416667
vt 0.150000 0.416667
vt 0.166667 0.416667
vt 0.183333 0.416667
vt 0.200000 0.416667
vt 0.216667 0.416667
vt 0.233333 0.416667
vt 0.250000 0.416667
vt 0.266667 0.416667
vt 0.283333 0.416667
vt 0.300000 0.416667
vt 0.316667 0.416667
vt 0.333333 0.416667
vt 0.350000 0.416667
vt 0.366667 0.416667
vt 0.383333 0.416667
vt 0.400000 0.416667
vt 0.416667 0.416667
vt 0.433333 0.416667
vt 0.450000 0.416667
vt 0.466667 0.416667
vt 0.483333 0.416667
vt 0.500000 0.416667
vt 0.516667 0.416667
vt 0.533333 0.416667
vt 0.550000 0.416667
vt 0.566667 0.416667
vt 0.583333 0.416667
vt 0.600000 0.416667
vt 0.616667 0.416667
vt 0.633333 0.416667
vt 0.650000 0.416667
vt 0.666667 0.416667
vt 0.683333 0.416667
vt 0.700000 0.416667
vt 0.716667 0.416667
vt 0.733333 0.416667
vt 0.750000 0.416667
vt 0.766667 0.416667
vt 0.783333 0.416667
vt 0.800000 0.416667
vt 0.816667 0.416667
vt 0.833333 0.416667
vt 0.850000 0.416667
vt 0.866667 0.416667
vt 0.883333 0.416667
vt 0.900000 0.416667
vt 0.916667 0.416667
vt 0.933333 0.416667
vt 0.950000 0.416667
vt 0.966667 0.416667
vt 0.983333 0.416667
vt 1.000000 0.416667
vt 0.000000 0.433333
vt 0.016667 0.433333
vt 0.033333 0.433333
vt 0.050000 0.433333
vt 0.066667 0.433333
vt 0.083333 0.433333
vt 0.100000 0.433333
vt 0.116667 0.433333
vt 0.133333 0.433333
vt 0.150000 0.433333
vt 0.166667 0.433333
vt 0.183333 0.433333
vt 0.200000 0.433333
vt 0.216667 0.433333
vt 0.233333 0.433333
vt 0.250000 0.433333
vt 0.266667 0.433333
vt 0.283333 0.433333
vt 0.300000 0.433333
vt 0.316667 0.433333
vt 0.333333 0.433333
vt 0.350000 0.433333
vt 0.366667 0.433333
vt 0.383333 0.433333
vt 0.400000 0.433333
vt 0.416667 0.433333
vt 0.433333 0.433333
vt 0.450000 0.433333
vt 0.466667 0.433333
vt 0.483333 0.433333
vt 0.500000 0.433333
vt 0.516667 0.433333
vt 0.533333 0.433333
vt 0.550000 0.433333
vt 0.566667 0.433333
vt 0.583333 0.433333
vt 0.600000 0.433333
vt 0.616667 0.433333
vt 0.633333 0.433333
vt 0.650000 0.433333
vt 0.666667 0.433333
vt 0.683333 0.433333
vt 0.700000 0.433333
vt 0.716667 0.433333
vt 0.733333 0.433333
vt 0.750000 0.433333
vt 0.766667 0.433333
vt 0.783333 0.433333
vt 0.800000 0.433333
vt 0.816667 0.433333
vt 0.833333 0.433333
vt 0.850000 0.433333
vt 0.866667 0.433333
vt 0.883333 0.433333
vt 0.900000 0.433333
vt 0.916667 0.433333
vt 0.933333 0.433333
vt 0.950000 0.433333
vt 0.966667 0.433333
vt 0.983333 0.433333
vt 1.000000 0.433333
vt 0.000000 0.450000
vt 0.016667 0.450000
vt 0.033333 0.450000
vt 0.050000 0.450000
vt 0.066667 0.450000
vt 0.083333 0.450000
vt 0.100000 0.450000
vt 0.116667 0.450000
vt 0.133333 0.450000
vt 0.150000 0.450000
vt 0.166667 0.450000
vt 0.183333 0.450000
vt 0.200000 0.450000
vt 0.216667 0.450000
vt 0.233333 0.450000
vt 0.250000 0.450000
vt 0.266667 0.450000
vt 0.283333 0.450000
vt 0.300000 0.450000
vt 0.316667 0.450000
vt 0.333333 0.450000
vt 0.350000 0.450000
vt 0.366667 0.450000
vt 0.383333 0.450000
vt 0.400000 0.450000
vt 0.416667 0.450000
vt 0.433333 0.450000
vt 0.450000 0.450000
vt 0.466667 0.450000
vt 0.483333 0.450000
vt 0.500000 0.450000
vt 0.516667 0.450000
vt 0.533333 0.450000
vt 0.550000 0.450000
vt 0.566667 0.450000
vt 0.583333 0.450000
vt 0.600000 0.450000
vt 0.616667 0.450000
vt 0.633333 0.450000
vt 0.650000 0.450000
vt 0.666667 0.450000
vt 0.683333 0.450000
vt 0.700000 0.450000
vt 0.716667 0.450000
vt 0.733333 0.450000
vt 0.750000 0.450000
vt 0.766667 0.450000
vt 0.783333 0.450000
vt 0.800000 0.450000
vt 0.816667 0.450000
vt 0.833333 0.450000
vt 0.850000 0.450000
vt 0.866667 0.450000
vt 0.883333 0.450000
vt 0.900000 0.450000
vt 0.916667 0.450000
vt 0.933333 0.450000
vt 0.950000 0.450000
vt 0.966667 0.450000
vt 0.983333 0.450000
vt 1.000000 0.450000
vt 0.000000 0.466667
vt 0.016667 0.466667
vt 0.033333 0.466667
vt 0.050000 0.466667
vt 0.066667 0.466667
vt 0.083333 0.466667
vt 0.100000 0.466667
vt 0.116667 0.466667
vt 0.133333 0.466667
vt 0.150000 0.466667
vt 0.166667 0.466667
vt 0.183333 0.466667
vt 0.200000 0.466667
vt 0.216667 0.466667
vt 0.233333 0.466667
vt 0.250000 0.466667
vt 0.266667 0.466667
vt 0.283333 0.466667
vt 0.300000 0.466667
vt 0.316667 0.466667
vt 0.333333 0.466667
vt 0.350000 0.466667
vt 0.366667 0.466667
vt 0.383333 0.466667
vt 0.400000 0.466667
vt 0.416667 0.466667
vt 0.433333 0.466667
vt 0.450000 0.466667
vt 0.466667 0.466667
vt 0.483333 0.466667
vt 0.500000 0.466667
vt 0.516667 0.466667
vt 0.533333 0.466667
vt 0.550000 0.466667
vt 0.566667 0.466667
vt 0.583333 0.466667
vt 0.600000 0.466667
vt 0.616667 0.466667
vt 0.633333 0.466667
vt 0.650000 0.466667
vt 0.666667 0.466667
vt 0.683333 0.466667
vt 0.700000 0.466667
vt 0.716667 0.466667
vt 0.733333 0.466667
vt 0.750000 0.466667
vt 0.766667 0.466667
vt 0.783333 0.466667
vt 0.800000 0.466667
vt 0.816667 0.466667
vt 0.833333 0.466667
vt 0.850000 0.466667
vt 0.866667 0.466667
vt 0.883333 0.466667
vt 0.900000 0.466667
vt 0.916667 0.466667
vt 0.933333 0.466667
vt 0.950000 0.466667
vt 0.966667 0.466667
vt 0.983333 0.466667
vt 1.000000 0.466667
vt 0.000000 0.483333
vt 0.016667 0.483333
vt 0.033333 0.483333
vt 0.050000 0.483333
vt 0.066667 0.483333
vt 0.083333 0.483333
vt 0.100000 0.483333
vt 0.116667 0.483333
vt 0.133333 0.483333
vt 0.150000 0.483333
vt 0.166667 0.483333
vt 0.183333 0.483333
vt 0.200000 0.483333
vt 0.216667 0.483333
vt 0.233333 0.483333
vt 0.250000 0.483333
vt 0.266667 0.483333
vt 0.283333 0.483333
vt 0.300000 0.483333
vt 0.316667 0.483333
vt 0.333333 0.483333
vt 0.350000 0.483333
vt 0.366667 0.483333
vt 0.383333 0.483333
vt 0.400000 0.483333
vt 0.416667 0.483333
vt 0.433333 0.483333
vt 0.450000 0.483333
vt 0.466667 0.483333
vt 0.483333 0.483333
vt 0.500000 0.483333
vt 0.516667 0.483333
vt 0.533333 0.483333
vt 0.550000 0.483333
vt 0.566667 0.483333
vt 0.583333 0.483333
vt 0.600000 0.483333
vt 0.616667 0.483333
vt 0.633333 0.483333
vt 0.650000 0.483333
vt 0.666667 0.483333
vt 0.683333 0.483333
vt 0.700000 0.483333
vt 0.716667 0.483333
vt 0.733333 0.483333
vt 0.750000 0.483333
vt 0.766667 0.483333
vt 0.783333 0.483333
vt 0.800000 0.483333
vt 0.816667 0.483333
vt 0.833333 0.483333
vt 0.850000 0.483333
vt 0.866667 0.483333
vt 0.883333 0.483333
vt 0.900000 0.483333
vt 0.916667 0.483333
vt 0.933333 0.483333
vt 0.950000 0.483333
vt 0.966667 0.483333
vt 0.983333 0.483333
vt 1.000000 0.483333
vt 0.000000 0.500000
vt 0.016667 0.500000
vt 0.033333 0.500000
vt 0.050000 0.500000
vt 0.066667 0.500000
vt 0.083333 0.500000
vt 0.100000 0.500000
vt 0.116667 0.500000
vt 0.133333 0.500000
vt 0.150000 0.500000
vt 0.166667 0.500000
vt 0.183333 0.500000
vt 0.200000 0.500000
vt 0.216667 0.500000
vt 0.233333 0.500000
vt 0.250000 0.500000
vt 0.266667 0.500000
vt 0.283333 0.500000
vt 0.300000 0.500000
vt 0.316667 0.500000
vt 0.333333 0.500000
vt 0.350000 0.500000
vt 0.366667 0.500000
vt 0.383333 0.500000
vt 0.400000 0.500000
vt 0.416667 0.500000
vt 0.433333 0.500000
vt 0.450000 0.500000
vt 0.466667 0.500000
vt 0.483333 0.500000
vt 0.500000 0.500000
vt 0.516667 0.500000
vt 0.533333 0.500000
vt 0.550000 0.500000
vt 0.566667 0.500000
vt 0.583333 0.500000
vt 0.600000 0.500000
vt 0.616667 0.500000
vt 0.633333 0.500000
vt 0.650000 0.500000
vt 0.666667 0.500000
vt 0.683333 0.500000
vt 0.700000 0.500000
vt 0.716667 0.500000
vt 0.733333 0.500000
vt 0.750000 0.500000
vt 0.766667 0.500000
vt 0.783333 0.500000
vt 0.800000 0.500000
vt 0.816667 0.500000
vt 0.833333 0.500000
vt 0.850000 0.500000
vt 0.866667 0.500000
vt 0.883333 0.500000
vt 0.900000 0.500000
vt 0.916667 0.500000
vt 0.933333 0.500000
vt 0.950000 0.500000
vt 0.966667 0.500000
vt 0.983333 0.500000
vt 1.000000 0.500000
vt 0.000000 0.516667
vt 0.016667 0.516667
vt 0.033333 0.516667
vt 0.050000 0.516667
vt 0.066667 0.516667
vt 0.083333 0.516667
vt 0.100000 0.516667
vt 0.116667 0.516667
vt 0.133333 0.516667
vt 0.150000 0.516667
vt 0.166667 0.516667
vt 0.183333 0.516667
vt 0.200000 0.516667
vt 0.216667 0.516667
vt 0.233333 0.516667
vt 0.250000 0.516667
vt 0.266667 0.516667
vt 0.283333 0.516667
vt 0.300000 0.516667
vt 0.316667 0.516667
vt 0.333333 0.516667
vt 0.350000 0.516667
vt 0.366667 0.516667
vt 0.383333 0.516667
vt 0.400000 0.516667
vt 0.416667 0.516667
vt 0.433333 0.516667
vt 0.450000 0.516667
vt 0.466667 0.516667
vt 0.483333 0.516667
vt 0.500000 0.516667
vt 0.516667 0.516667
vt 0.533333 0.516667
vt 0.550000 0.516667
vt 0.566667 0.516667
vt 0.583333 0.516667
vt 0.600000 0.516667
vt 0.616667 0.516667
vt 0.633333 0.516667
vt 0.650000 0.516667
vt 0.666667 0.516667
vt 0.683333 0.516667
vt 0.700000 0.516667
vt 0.716667 0.516667
vt 0.733333 0.516667
vt 0.750000 0.516667
vt 0.766667 0.516667
vt 0.783333 0.516667
vt 0.800000 0.516667
vt 0.816667 0.516667
vt 0.833333 0.516667
vt 0.850000 0.516667
vt 0.866667 0.516667
vt 0.883333 0.516667
vt 0.900000 0.516667
vt 0.916667 0.516667
vt 0.933333 0.516667
vt 0.950000 0.516667
vt 0.966667 0.516667
vt 0.983333 0.516667
vt 1.000000 0.516667
vt 0.000000 0.533333
vt 0.016667 0.533333
vt 0.033333 0.533333
vt 0.050000 0.533333
vt 0.066667 0.533333
vt 0.083333 0.533333
vt 0.100000 0.533333
vt 0.116667 0.533333
vt 0.133333 0.533333
vt 0.150000 0.533333
vt 0.166667 0.533333
vt 0.183333 0.533333
vt 0.200000 0.533333
vt 0.216667 0.533333
vt 0.233333 0.533333
vt 0.250000 0.533333
vt 0.266667 0.533333
vt 0.283333 0.533333
vt 0.300000 0.533333
vt 0.316667 0.533333
vt 0.333333 0.533333
vt 0.350000 0.533333
vt 0.366667 0.533333
vt 0.383333 0.533333
vt 0.400000 0.533333
vt 0.416667 0.533333
vt 0.433333 0.533333
vt 0.450000 0.533333
vt 0.466667 0.533333
vt 0.483333 0.533333
vt 0.500000 0.533333
vt 0.516667 0.533333
vt 0.533333 0.533333
vt 0.550000 0.533333
vt 0.566667 0.533333
vt 0.583333 0.533333
vt 0.600000 0.533333
vt 0.616667 0.533333
vt 0.633333 0.533333
vt 0.650000 0.533333
vt 0.666667 0.533333
vt 0.683333 0.533333
vt 0.700000 0.533333
vt 0.716667 0.533333
vt 0.733333 0.533333
vt 0.750000 0.533333
vt 0.766667 0.533333
vt 0.783333 0.533333
vt 0.800000 0.533333
vt 0.816667 0.533333
vt 0.833333 0.533333
vt 0.850000 0.533333
vt 0.866667 0.533333
vt 0.883333 0.533333
vt 0.900000 0.533333
vt 0.916667 0.533333
vt 0.933333 0.533333
vt 0.950000 0.533333
vt 0.966667 0.533333
vt 0.983333 0.533333
vt 1.000000 0.533333
vt 0.000000 0.550000
vt 0.016667 0.550000
vt 0.033333 0.550000
vt 0.050000 0.550000
vt 0.066667 0.550000
vt 0.083333 0.550000
vt 0.100000 0.550000
vt 0.116667 0.550000
vt 0.133333 0.550000
vt 0.150000 0.550000
vt 0.166667 0.550000
vt 0.183333 0.550000
vt 0.200000 0.550000
vt 0.216667 0.550000
vt 0.233333 0.550000
vt 0.250000 0.550000
vt 0.266667 0.550000
vt 0.283333 0.550000
vt 0.300000 0.550000
vt 0.316667 0.550000
vt 0.333333 0.550000
vt 0.350000 0.550000
vt 0.366667 0.550000
vt 0.383333 0.550000
vt 0.400000 0.550000
vt 0.416667 0.550000
vt 0.433333 0.550000
vt 0.450000 0.550000
vt 0.466667 0.550000
vt 0.483333 0.550000
vt 0.500000 0.550000
vt 0.516667 0.550000
vt 0.533333 0.550000
vt 0.550000 0.550000
vt 0.566667 0.550000
vt 0.583333 0.550000
vt 0.600000 0.550000
vt 0.616667 0.550000
vt 0.633333 0.550000
vt 0.650000 0.550000
vt 0.666667 0.550000
vt 0.683333 0.550000
vt 0.700000 0.550000
vt 0.716667 0.550000
vt 0.733333 0.550000
vt 0.750000 0.550000
vt 0.766667 0.550000
vt 0.783333 0.550000
vt 0.800000 0.550000
vt 0.816667 0.550000
vt 0.833333 0.550000
vt 0.850000 0.550000
vt 0.866667 0.550000
vt 0.883333 0.550000
vt 0.900000 0.550000
vt 0.916667 0.550000
vt 0.933333 0.550000
vt 0.950000 0.550000
vt 0.966667 0.550000
vt 0.983333 0.550000
vt 1.000000 0.550000
vt 0.000000 0.566667
vt 0.016667 0.566667
vt 0.033333 0.566667
vt 0.050000 0.566667
vt 0.066667 0.566667
vt 0.083333 0.566667
vt 0.100000 0.566667
vt 0.116667 0.566667
vt 0.133333 0.566667
vt 0.150000 0.566667
vt 0.166667 0.566667
vt 0.183333 0.566667
vt 0.200000 0.566667
vt 0.216667 0.566667
vt 0.233333 0.566667
vt 0.250000 0.566667
vt 0.266667 0.566667
vt 0.283333 0.566667
vt 0.300000 0.566667
vt 0.316667 0.566667
vt 0.333333 0.566667
vt 0.350000 0.566667
vt 0.366667 0.566667
vt 0.383333 0.566667
vt 0.400000 0.566667
vt 0.416667 0.566667
vt 0.433333 0.566667
vt 0.450000 0.566667
vt 0.466667 0.566667
vt 0.483333 0.566667
vt 0.500000 0.566667
vt 0.516667 0.566667
vt 0.533333 0.566667
vt 0.550000 0.566667
vt 0.566667 0.566667
vt 0.583333 0.566667
vt 0.600000 0.566667
vt 0.616667 0.566667
vt 0.633333 0.566667
vt 0.650000 0.566667
vt 0.666667 0.566667
vt 0.683333 0.566667
vt 0.700000 0.566667
vt 0.716667 0.566667
vt 0.733333 0.566667
vt 0.750000 0.566667
vt 0.766667 0.566667
vt 0.783333 0.566667
vt 0.800000 0.566667
vt 0.816667 0.566667
vt 0.833333 0.566667
vt 0.850000 0.566667
vt 0.866667 0.566667
vt 0.883333 0.566667
vt 0.900000 0.566667
vt 0.916667 0.566667
vt 0.933333 0.566667
vt 0.950000 0.566667
vt 0.966667 0.566667
vt 0.983333 0.566667
vt 1.000000 0.566667
vt 0.000000 0.583333
vt 0.016667 0.583333
vt 0.033333 0.583333
vt 0.050000 0.583333
vt 0.066667 0.583333
vt 0.083333 0.583333
vt 0.100000 0.583333
vt 0.116667 0.583333
vt 0.133333 0.583333
vt 0.150000 0.583333
vt 0.166667 0.583333
vt 0.183333 0.583333
vt 0.200000 0.583333
vt 0.216667 0.583333
vt 0.233333 0.583333
vt 0.250000 0.583333
vt 0.266667 0.583333
vt 0.283333 0.583333
vt 0.300000 0.583333
vt 0.316667 0.583333
vt 0.333333 0.583333
vt 0.350000 0.583333
vt 0.366667 0.583333
vt 0.383333 0.583333
vt 0.400000 0.583333
vt 0.416667 0.583333
vt 0.433333 0.583333
vt 0.450000 0.583333
vt 0.466667 0.583333
vt 0.483333 0.583333
vt 0.500000 0.583333
vt 0.516667 0.583333
vt 0.533333 0.583333
vt 0.550000 0.583333
vt 0.566667 0.583333
vt 0.583333 0.583333
vt 0.600000 0.583333
vt 0.616667 0.583333
vt 0.633333 0.583333
vt 0.650000 0.583333
vt 0.666667 0.583333
vt 0.683333 0.583333
vt 0.700000 0.583333
vt 0.716667 0.583333
vt 0.733333 0.583333
vt 0.750000 0.583333
vt 0.766667 0.583333
vt 0.783333 0.583333
vt 0.800000 0.583333
vt 0.816667 0.583333
vt 0.833333 0.583333
vt 0.850000 0.583333
vt 0.866667 0.583333
vt 0.883333 0.583333
vt 0.900000 0.583333
vt 0.916667 0.583333
vt 0.933333 0.583333
vt 0.950000 0.583333
vt 0.966667 0.583333
vt 0.983333 0.583333
vt 1.000000 0.583333
vt 0.000000 0.600000
vt 0.016667 0.600000
vt 0.033333 0.600000
vt 0.050000 0.600000
vt 0.066667 0.600000
vt 0.083333 0.600000
vt 0.100000 0.600000
vt 0.116667 0.600000
vt 0.133333 0.600000
vt 0.150000 0.600000
vt 0.166667 0.600000
vt 0.183333 0.600000
vt 0.200000 0.600000
vt 0.216667 0.600000
vt 0.233333 0.600000
vt 0.250000 0.600000
vt 0.266667 0.600000
vt 0.283333 0.600000
vt 0.300000 0.600000
vt 0.316667 0.600000
vt 0.333333 0.600000
vt 0.350000 0.600000
vt 0.366667 0.600000
vt 0.383333 0.600000
vt 0.400000 0.600000
vt 0.416667 0.600000
vt 0.433333 0.600000
vt 0.450000 0.600000
vt 0.466667 0.600000
vt 0.483333 0.600000
vt 0.500000 0.600000
vt 0.516667 0.600000
vt 0.533333 0.600000
vt 0.550000 0.600000
vt 0.566667 0.600000
vt 0.583333 0.600000
vt 0.600000 0.600000
vt 0.616667 0.600000
vt 0.633333 0.600000
vt 0.650000 0.600000
vt 0.666667 0.600000
vt 0.683333 0.600000
vt 0.700000 0.600000
vt 0.716667 0.600000
vt 0.733333 0.600000
vt 0.750000 0.600000
vt 0.766667 0.600000
vt 0.783333 0.600000
vt 0.800000 0.600000
vt 0.816667 0.600000
vt 0.833333 0.600000
vt 0.850000 0.600000
vt 0.866667 0.600000
vt 0.883333 0.600000
vt 0.900000 0.600000
vt 0.916667 0.600000
vt 0.933333 0.600000
vt 0.950000 0.600000
vt 0.966667 0.600000
vt 0.983333 0.600000
vt 1.000000 0.600000
vt 0.000000 0.616667
vt 0.016667 0.616667
vt 0.033333 0.616667
vt 0.050000 0.616667
vt 0.066667 0.616667
vt 0.083333 0.616667
vt 0.100000 0.616667
vt 0.116667 0.616667
vt 0.133333 0.616667
vt 0.150000 0.616667
vt 0.166667 0.616667
vt 0.183333 0.616667
vt 0.200000 0.616667
vt 0.216667 0.616667
vt 0.233333 0.616667
vt 0.250000 0.616667
vt 0.266667 0.616667
vt 0.283333 0.616667
vt 0.300000 0.616667
vt 0.316667 0.616667
vt 0.333333 0.616667
vt 0.350000 0.616667
vt 0.366667 0.616667
vt 0.383333 0.616667
vt 0.400000 0.616667
vt 0.416667 0.616667
vt 0.433333 0.616667
vt 0.450000 0.616667
vt 0.466667 0.616667
vt 0.483333 0.616667
vt 0.500000 0.616667
vt 0.516667 0.616667
vt 0.533333 0.616667
vt 0.550000 0.616667
vt 0.566667 0.616667
vt 0.583333 0.616667
vt 0.600000 0.616667
vt 0.616667 0.616667
vt 0.633333 0.616667
vt 0.650000 0.616667
vt 0.666667 0.616667
vt 0.683333 0.616667
vt 0.700000 0.616667
vt 0.716667 0.616667
vt 0.733333 0.616667
vt 0.750000 0.616667
vt 0.766667 0.616667
vt 0.783333 0.616667
vt 0.800000 0.616667
vt 0.816667 0.616667
vt 0.833333 0.616667
vt 0.850000 0.616667
vt 0.866667 0.616667
vt 0.883333 0.616667
vt 0.900000 0.616667
vt 0.916667 0.616667
vt 0.933333 0.616667
vt 0.950000 0.616667
vt 0.966667 0.616667
vt 0.983333 0.616667
vt 1.000000 0.616667
vt 0.000000 0.633333
vt 0.016667 0.633333
vt 0.033333 0.633333
vt 0.050000 0.633333
vt 0.066667 0.633333
vt 0.083333 0.633333
vt 0.100000 0.633333
vt 0.116667 0.633333
vt 0.133333 0.633333
vt 0.150000 0.633333
vt 0.166667 0.633333
vt 0.183333 0.633333
vt 0.200000 0.633333
vt 0.216667 0.633333
vt 0.233333 0.633333
vt 0.250000 0.633333
vt 0.266667 0.633333
vt 0.283333 0.633333
vt 0.300000 0.633333
vt 0.316667 0.633333
vt 0.333333 0.633333
vt 0.350000 0.633333
vt 0.366667 0.633333
vt 0.383333 0.633333
vt 0.400000 0.633333
vt 0.416667 0.633333
vt 0.433333 0.633333
vt 0.450000 0.633333
vt 0.466667 0.633333
vt 0.483333 0.633333
vt 0.500000 0.633333
vt 0.516667 0.633333
vt 0.533333 0.633333
vt 0.550000 0.633333
vt 0.566667 0.633333
vt 0.583333 0.633333
vt 0.600000 0.633333
vt 0.616667 0.633333
vt 0.633333 0.633333
vt 0.650000 0.633333
vt 0.666667 0.633333
vt 0.683333 0.633333
vt 0.700000 0.633333
vt 0.716667 0.633333
vt 0.733333 0.633333
vt 0.750000 0.633333
vt 0.766667 0.633333
vt 0.783333 0.633333
vt 0.800000 0.633333
vt 0.816667 0.633333
vt 0.833333 0.633333
vt 0.850000 0.633333
vt 0.866667 0.633333
vt 0.883333 0.633333
vt 0.900000 0.633333
vt 0.916667 0.633333
vt 0.933333 0.633333
vt 0.950000 0.633333
vt 0.966667 0.633333
vt 0.983333 0.633333
vt 1.000000 0.633333
vt 0.000000 0.650000
vt 0.016667 0.650000
vt 0.033333 0.650000
vt 0.050000 0.650000
vt 0.066667 0.650000
vt 0.083333 0.650000
vt 0.100000 0.650000
vt 0.116667 0.650000
vt 0.133333 0.650000
vt 0.150000 0.650000
vt 0.166667 0.650000
vt 0.183333 0.650000
vt 0.200000 0.650000
vt 0.216667 0.650000
vt 0.233333 0.650000
vt 0.250000 0.650000
vt 0.266667 0.650000
vt 0.283333 0.650000
vt 0.300000 0.650000
vt 0.316667 0.650000
vt 0.333333 0.650000
vt 0.350000 0.650000
vt 0.366667 0.650000
vt 0.383333 0.650000
vt 0.400000 0.650000
vt 0.416667 0.650000
vt 0.433333 0.650000
vt 0.450000 0.650000
vt 0.466667 0.650000
vt 0.483333 0.650000
vt 0.500000 0.650000
vt 0.516667 0.650000
vt 0.533333 0.650000
vt 0.550000 0.650000
vt 0.566667 0.650000
vt 0.583333 0.650000
vt 0.600000 0.650000
vt 0.616667 0.650000
vt 0.633333 0.650000
vt 0.650000 0.650000
vt 0.666667 0.650000
vt 0.683333 0.650000
vt 0.700000 0.650000
vt 0.716667 0.650000
vt 0.733333 0.650000
vt 0.750000 0.650000
vt 0.766667 0.650000
vt 0.783333 0.650000
vt 0.800000 0.650000
vt 0.816667 0.650000
vt 0.833333 0.650000
vt 0.850000 0.650000
vt 0.866667 0.650000
vt 0.883333 0.650000
vt 0.900000 0.650000
vt 0.916667 0.650000
vt 0.933333 0.650000
vt 0.950000 0.650000
vt 0.966667 0.650000
vt 0.983333 0.650000
vt 1.000000 0.650000
vt 0.000000 0.666667
vt 0.016667 0.666667
vt 0.033333 0.666667
vt 0.050000 0.666667
vt 0.066667 0.666667
vt 0.083333 0.666667
vt 0.100000 0.666667
vt 0.116667 0.666667
vt 0.133333 0.666667
vt 0.150000 0.666667
vt 0.166667 0.666667
vt 0.183333 0.666667
vt 0.200000 0.666667
vt 0.216667 0.666667
vt 0.233333 0.666667
vt 0.250000 0.666667
vt 0.266667 0.666667
vt 0.283333 0.666667
vt 0.300000 0.666667
vt 0.316667 0.666667
vt 0.333333 0.666667
vt 0.350000 0.666667
vt 0.366667 0.666667
vt 0.383333 0.666667
vt 0.400000 0.666667
vt 0.416667 0.666667
vt 0.433333 0.666667
vt 0.450000 0.666667
vt 0.466667 0.666667
vt 0.483333 0.666667
vt 0.500000 0.666667
vt 0.516667 0.666667
vt 0.533333 0.666667
vt 0.550000 0.666667
vt 0.566667 0.666667
vt 0.583333 0.666667
vt 0.600000 0.666667
vt 0.616667 0.666667
vt 0.633333 0.666667
vt 0.650000 0.666667
vt 0.666667 0.666667
vt 0.683333 0.666667
vt 0.700000 0.666667
vt 0.716667 0.666667
vt 0.733333 0.666667
vt 0.750000 0.666667
vt 0.766667 0.666667
vt 0.783333 0.666667
vt 0.800000 0.666667
vt 0.816667 0.666667
vt 0.833333 0.666667
vt 0.850000 0.666667
vt 0.866667 0.666667
vt 0.883333 0.666667
vt 0.900000 0.666667
vt 0.916667 0.666667
vt 0.933333 0.666667
vt 0.950000 0.666667
vt 0.966667 0.666667
vt 0.983333 0.666667
vt 1.000000 0.666667
vt 0.000000 0.683333
vt 0.016667 0.683333
vt 0.033333 0.683333
vt 0.050000 0.683333
vt 0.066667 0.683333
vt 0.083333 0.683333
vt 0.100000 0.683333
vt 0.116667 0.683333
vt 0.133333 0.683333
vt 0.150000 0.683333
vt 0.166667 0.683333
vt 0.183333 0.683333
vt 0.200000 0.683333
vt 0.216667 0.683333
vt 0.233333 0.683333
vt 0.250000 0.683333
vt 0.266667 0.683333
vt 0.283333 0.683333
vt 0.300000 0.683333
vt 0.316667 0.683333
vt 0.333333 0.683333
vt 0.350000 0.683333
vt 0.366667 0.683333
vt 0.383333 0.683333
vt 0.400000 0.683333
vt 0.416667 0.683333
vt 0.433333 0.683333
vt 0.450000 0.683333
vt 0.466667 0.683333
vt 0.483333 0.683333
vt 0.500000 0.683333
vt 0.516667 0.683333
vt 0.533333 0.683333
vt 0.550000 0.683333
vt 0.566667 0.683333
vt 0.583333 0.683333
vt 0.600000 0.683333
vt 0.616667 0.683333
vt 0.633333 0.683333
vt 0.650000 0.683333
vt 0.666667 0.683333
vt 0.683333 0.683333
vt 0.700000 0.683333
vt 0.716667 0.683333
vt 0.733333 0.683333
vt 0.750000 0.683333
vt 0.766667 0.683333
vt 0.783333 0.683333
vt 0.800000 0.683333
vt 0.816667 0.683333
vt 0.833333 0.683333
vt 0.850000 0.683333
vt 0.866667 0.683333
vt 0.883333 0.683333
vt 0.900000 0.683333
vt 0.916667 0.683333
vt 0.933333 0.683333
vt 0.950000 0.683333
vt 0.966667 0.683333
vt 0.983333 0.683333
vt 1.000000 0.683333
vt 0.000000 0.700000
vt 0.016667 0.700000
vt 0.033333 0.700000
vt 0.050000 0.700000
vt 0.066667 0.700000
vt 0.083333 0.700000
vt 0.100000 0.700000
vt 0.116667 0.700000
vt 0.133333 0.700000
vt 0.150000 0.700000
vt 0.166667 0.700000
vt 0.183333 0.700000
vt 0.200000 0.700000
vt 0.216667 0.700000
vt 0.233333 0.700000
vt 0.250000 0.700000
vt 0.266667 0.700000
vt 0.283333 0.700000
vt 0.300000 0.700000
vt 0.316667 0.700000
vt 0.333333 0.700000
vt 0.350000 0.700000
vt 0.366667 0.700000
vt 0.383333 0.700000
vt 0.400000 0.700000
vt 0.416667 0.700000
vt 0.433333 0.700000
vt 0.450000 0.700000
vt 0.466667 0.700000
vt 0.483333 0.700000
vt 0.500000 0.700000
vt 0.516667 0.700000
vt 0.533333 0.700000
vt 0.550000 0.700000
vt 0.566667 0.700000
vt 0.583333 0.700000
vt 0.600000 0.700000
vt 0.616667 0.700000
vt 0.633333 0.700000
vt 0.650000 0.700000
vt 0.666667 0.700000
vt 0.683333 0.700000
vt 0.700000 0.700000
vt 0.716667 0.700000
vt 0.733333 0.700000
vt 0.750000 0.700000
vt 0.766667 0.700000
vt 0.783333 0.700000
vt 0.800000 0.700000
vt 0.816667 0.700000
vt 0.833333 0.700000
vt 0.850000 0.700000
vt 0.866667 0.700000
vt 0.883333 0.700000
vt 0.900000 0.700000
vt 0.916667 0.700000
vt 0.933333 0.700000
vt 0.950000 0.700000
vt 0.966667 0.700000
vt 0.983333 0.700000
vt 1.000000 0.700000
vt 0.000000 0.716667
vt 0.016667 0.716667
vt 0.033333 0.716667
vt 0.050000 0.716667
vt 0.066667 0.716667
vt 0.083333 0.716667
vt 0.100000 0.716667
vt 0.116667 0.716667
vt 0.133333 0.716667
vt 0.150000 0.716667
vt 0.166667 0.716667
vt 0.183333 0.716667
vt 0.200000 0.716667
vt 0.216667 0.716667
vt 0.233333 0.716667
vt 0.250000 0.716667
vt 0.266667 0.716667
vt 0.283333 0.716667
vt 0.300000 0.716667
vt 0.316667 0.716667
vt 0.333333 0.716667
vt 0.350000 0.716667
vt 0.366667 0.716667
vt 0.383333 0.716667
vt 0.400000 0.716667
vt 0.416667 0.716667
vt 0.433333 0.716667
vt 0.450000 0.716667
vt 0.466667 0.716667
vt 0.483333 0.716667
vt 0.500000 0.716667
vt 0.516667 0.716667
vt 0.533333 0.716667
vt 0.550000 0.716667
vt 0.566667 0.716667
vt 0.583333 0.716667
vt 0.600000 0.716667
vt 0.616667 0.716667
vt 0.633333 0.716667
vt 0.650000 0.716667
vt 0.666667 0.716667
vt 0.683333 0.716667
vt 0.700000 0.716667
vt 0.716667 0.716667
vt 0.733333 0.716667
vt 0.750000 0.716667
vt 0.766667 0.716667
vt 0.783333 0.716667
vt 0.800000 0.716667
vt 0.816667 0.716667
vt 0.833333 0.716667
vt 0.850000 0.716667
vt 0.866667 0.716667
vt 0.883333 0.716667
vt 0.900000 0.716667
vt 0.916667 0.716667
vt 0.933333 0.716667
vt 0.950000 0.716667
vt 0.966667 0.716667
vt 0.983333 0.716667
vt 1.000000 0.716667
vt 0.000000 0.733333
vt 0.016667 0.733333
vt 0.033333 0.733333
vt 0.050000 0.733333
vt 0.066667 0.733333
vt 0.083333 0.733333
vt 0.100000 0.733333
vt 0.116667 0.733333
vt 0.133333 0.733333
vt 0.150000 0.733333
vt 0.166667 0.733333
vt 0.183333 0.733333
vt 0.200000 0.733333
vt 0.216667 0.733333
vt 0.233333 0.733333
vt 0.250000 0.733333
vt 0.266667 0.733333
vt 0.283333 0.733333
vt 0.300000 0.733333
vt 0.316667 0.733333
vt 0.333333 0.733333
vt 0.350000 0.733333
vt 0.366667 0.733333
vt 0.383333 0.733333
vt 0.400000 0.733333
vt 0.416667 0.733333
vt 0.433333 0.733333
vt 0.450000 0.733333
vt 0.466667 0.733333
vt 0.483333 0.733333
vt 0.500000 0.733333
vt 0.516667 0.733333
vt 0.533333 0.733333
vt 0.550000 0.733333
vt 0.566667 0.733333
vt 0.583333 0.733333
vt 0.600000 0.733333
vt 0.616667 0.733333
vt 0.633333 0.733333
vt 0.650000 0.733333
vt 0.666667 0.733333
vt 0.683333 0.733333
vt 0.700000 0.733333
vt 0.716667 0.733333
vt 0.733333 0.733333
vt 0.750000 0.733333
vt 0.766667 0.733333
vt 0.783333 0.733333
vt 0.800000 0.733333
vt 0.816667 0.733333
vt 0.833333 0.733333
vt 0.850000 0.733333
vt 0.866667 0.733333
vt 0.883333 0.733333
vt 0.900000 0.733333
vt 0.916667 0.733333
vt 0.933333 0.733333
vt 0.950000 0.733333
vt 0.966667 0.733333
vt 0.983333 0.733333
vt 1.000000 0.733333
vt 0.000000 0.750000
vt 0.016667 0.750000
vt 0.033333 0.750000
vt 0.050000 0.750000
vt 0.066667 0.750000
vt 0.083333 0.750000
vt 0.100000 0.750000
vt 0.116667 0.750000
vt 0.133333 0.750000
vt 0.150000 0.750000
vt 0.166667 0.750000
vt 0.183333 0.750000
vt 0.200000 0.750000
vt 0.216667 0.750000
vt 0.233333 0.750000
vt 0.250000 0.750000
vt 0.266667 0.750000
vt 0.283333 0.750000
vt 0.300000 0.750000
vt 0.316667 0.750000
vt 0.333333 0.750000
vt 0.350000 0.750000
vt 0.366667 0.750000
vt 0.383333 0.750000
vt 0.400000 0.750000
vt 0.416667 0.750000
vt 0.433333 0.750000
vt 0.450000 0.750000
vt 0.466667 0.750000
vt 0.483333 0.750000
vt 0.500000 0.750000
vt 0.516667 0.750000
vt 0.533333 0.750000
vt 0.550000 0.750000
vt 0.566667 0.750000
vt 0.583333 0.750000
vt 0.600000 0.750000
vt 0.616667 0.750000
vt 0.633333 0.750000
vt 0.650000 0.750000
vt 0.666667 0.750000
vt 0.683333 0.750000
vt 0.700000 0.750000
vt 0.716667 0.750000
vt 0.733333 0.750000
vt 0.750000 0.750000
vt 0.766667 0.750000
vt 0.783333 0.750000
vt 0.800000 0.750000
vt 0.816667 0.750000
vt 0.833333 0.750000
vt 0.850000 0.750000
vt 0.866667 0.750000
vt 0.883333 0.750000
vt 0.900000 0.750000
vt 0.916667 0.750000
vt 0.933333 0.750000
vt 0.950000 0.750000
vt 0.966667 0.750000
vt 0.983333 0.750000
vt 1.000000 0.750000
vt 0.000000 0.766667
vt 0.016667 0.766667
vt 0.033333 0.766667
vt 0.050000 0.766667
vt 0.066667 0.766667
vt 0.083333 0.766667
vt 0.100000 0.766667
vt 0.116667 0.766667
vt 0.133333 0.766667
vt 0.150000 0.766667
vt 0.166667 0.766667
vt 0.183333 0.766667
vt 0.200000 0.766667
vt 0.216667 0.766667
vt 0.233333 0.766667
vt 0.250000 0.766667
vt 0.266667 0.766667
vt 0.283333 0.766667
vt 0.300000 0.766667
vt 0.316667 0.766667
vt 0.333333 0.766667
vt 0.350000 0.766667
vt 0.366667 0.766667
vt 0.383333 0.766667
vt 0.400000 0.766667
vt 0.416667 0.766667
vt 0.433333 0.766667
vt 0.450000 0.766667
vt 0.466667 0.766667
vt 0.483333 0.766667
vt 0.500000 0.766667
vt 0.516667 0.766667
vt 0.533333 0.766667
vt 0.550000 0.766667
vt 0.566667 0.766667
vt 0.583333 0.766667
vt 0.600000 0.766667
vt 0.616667 0.766667
vt 0.633333 0.766667
vt 0.650000 0.766667
vt 0.666667 0.766667
vt 0.683333 0.766667
vt 0.700000 0.766667
vt 0.716667 0.766667
vt 0.733333 0.766667
vt 0.750000 0.766667
vt 0.766667 0.766667
vt 0.783333 0.766667
vt 0.800000 0.766667
vt 0.816667 0.766667
vt 0.833333 0.766667
vt 0.850000 0.766667
vt 0.866667 0.766667
vt 0.883333 0.766667
vt 0.900000 0.766667
vt 0.916667 0.766667
vt 0.933333 0.766667
vt 0.950000 0.766667
vt 0.966667 0.766667
vt 0.983333 0.766667
vt 1.000000 0.766667
vt 0.000000 0.783333
vt 0.016667 0.783333
vt 0.033333 0.783333
vt 0.050000 0.783333
vt 0.066667 0.783333
vt 0.083333 0.783333
vt 0.100000 0.783333
vt 0.116667 0.783333
vt 0.133333 0.783333
vt 0.150000 0.783333
vt 0.166667 0.783333
vt 0.183333 0.783333
vt 0.200000 0.783333
vt 0.216667 0.783333
vt 0.233333 0.783333
vt 0.250000 0.783333
vt 0.266667 0.783333
vt 0.283333 0.783333
vt 0.300000 0.783333
vt 0.316667 0.783333
vt 0.333333 0.783333
vt 0.350000 0.783333
vt 0.366667 0.783333
vt 0.383333 0.783333
vt 0.400000 0.783333
vt 0.416667 0.783333
vt 0.433333 0.783333
vt 0.450000 0.783333
vt 0.466667 0.783333
vt 0.483333 0.783333
vt 0.500000 0.783333
vt 0.516667 0.783333
vt 0.533333 0.783333
vt 0.550000 0.783333
vt 0.566667 0.783333
vt 0.583333 0.783333
vt 0.600000 0.783333
vt 0.616667 0.783333
vt 0.633333 0.783333
vt 0.650000 0.783333
vt 0.666667 0.783333
vt 0.683333 0.783333
vt 0.700000 0.783333
vt 0.716667 0.783333
vt 0.733333 0.783333
vt 0.750000 0.783333
vt 0.766667 0.783333
vt 0.783333 0.783333
vt 0.800000 0.783333
vt 0.816667 0.783333
vt 0.833333 0.783333
vt 0.850000 0.783333
vt 0.866667 0.783333
vt 0.883333 0.783333
vt 0.900000 0.783333
vt 0.916667 0.783333
vt 0.933333 0.783333
vt 0.950000 0.783333
vt 0.966667 0.783333
vt 0.983333 0.783333
vt 1.000000 0.783333
vt 0.000000 0.800000
vt 0.016667 0.800000
vt 0.033333 0.800000
vt 0.050000 0.800000
vt 0.066667 0.800000
vt 0.083333 0.800000
vt 0.100000 0.800000
vt 0.116667 0.800000
vt 0.133333 0.800000
vt 0.150000 0.800000
vt 0.166667 0.800000
vt 0.183333 0.800000
vt 0.200000 0.800000
vt 0.216667 0.800000
vt 0.233333 0.800000
vt 0.250000 0.800000
vt 0.266667 0.800000
vt 0.283333 0.800000
vt 0.300000 0.800000
vt 0.316667 0.800000
vt 0.333333 0.800000
vt 0.350000 0.800000
vt 0.366667 0.800000
vt 0.383333 0.800000
vt 0.400000 0.800000
vt 0.416667 0.800000
vt 0.433333 0.800000
vt 0.450000 0.800000
vt 0.466667 0.800000
vt 0.483333 0.800000
vt 0.500000 0.800000
vt 0.516667 0.800000
vt 0.533333 0.800000
vt 0.550000 0.800000
vt 0.566667 0.800000
vt 0.583333 0.800000
vt 0.600000 0.800000
vt 0.616667 0.800000
vt 0.633333 0.800000
vt 0.650000 0.800000
vt 0.666667 0.800000
vt 0.683333 0.800000
vt 0.700000 0.800000
vt 0.716667 0.800000
vt 0.733333 0.800000
vt 0.750000 0.800000
vt 0.766667 0.800000
vt 0.783333 0.800000
vt 0.800000 0.800000
vt 0.816667 0.800000
vt 0.833333 0.800000
vt 0.850000 0.800000
vt 0.866667 0.800000
vt 0.883333 0.800000
vt 0.900000 0.800000
vt 0.916667 0.800000
vt 0.933333 0.800000
vt 0.950000 0.800000
vt 0.966667 0.800000
vt 0.983333 0.800000
vt 1.000000 0.800000
vt 0.000000 0.816667
vt 0.016667 0.816667
vt 0.033333 0.816667
vt 0.050000 0.816667
vt 0.066667 0.816667
vt 0.083333 0.816667
vt 0.100000 0.816667
vt 0.116667 0.816667
vt 0.133333 0.816667
vt 0.150000 0.816667
vt 0.166667 0.816667
vt 0.183333 0.816667
vt 0.200000 0.816667
vt 0.216667 0.816667
vt 0.233333 0.816667
vt 0.250000 0.816667
vt 0.266667 0.816667
vt 0.283333 0.816667
vt 0.300000 0.816667
vt 0.316667 0.816667
vt 0.333333 0.816667
vt 0.350000 0.816667
vt 0.366667 0.816667
vt 0.383333 0.816667
vt 0.400000 0.816667
vt 0.416667 0.816667
vt 0.433333 0.816667
vt 0.450000 0.816667
vt 0.466667 0.816667
vt 0.483333 0.816667
vt 0.500000 0.816667
vt 0.516667 0.816667
vt 0.533333 0.816667
vt 0.550000 0.816667
vt 0.566667 0.816667
vt 0.583333 0.816667
vt 0.600000 0.816667
vt 0.616667 0.816667
vt 0.633333 0.816667
vt 0.650000 0.816667
vt 0.666667 0.816667
vt 0.683333 0.816667
vt 0.700000 0.816667
vt 0.716667 0.816667
vt 0.733333 0.816667
vt 0.750000 0.816667
vt 0.766667 0.816667
vt 0.783333 0.816667
vt 0.800000 0.816667
vt 0.816667 0.816667
vt 0.833333 0.816667
vt 0.850000 0.816667
vt 0.866667 0.816667
vt 0.883333 0.816667
vt 0.900000 0.816667
vt 0.916667 0.816667
vt 0.933333 0.816667
vt 0.950000 0.816667
vt 0.966667 0.816667
vt 0.983333 0.816667
vt 1.000000 0.816667
vt 0.000000 0.833333
vt 0.016667 0.833333
vt 0.033333 0.833333
vt 0.050000 0.833333
vt 0.066667 0.833333
vt 0.083333 0.833333
vt 0.100000 0.833333
vt 0.116667 0.833333
vt 0.133333 0.833333
vt 0.150000 0.833333
vt 0.166667 0.833333
vt 0.183333 0.833333
vt 0.200000 0.833333
vt 0.216667 0.833333
vt 0.233333 0.833333
vt 0.250000 0.833333
vt 0.266667 0.833333
vt 0.283333 0.833333
vt 0.300000 0.833333
vt 0.316667 0.833333
vt 0.333333 0.833333
vt 0.350000 0.833333
vt 0.366667 0.833333
vt 0.383333 0.833333
vt 0.400000 0.833333
vt 0.416667 0.833333
vt 0.433333 0.833333
vt 0.450000 0.833333
vt 0.466667 0.833333
vt 0.483333 0.833333
vt 0.500000 0.833333
vt 0.516667 0.833333
vt 0.533333 0.833333
vt 0.550000 0.833333
vt 0.566667 0.833333
vt 0.583333 0.833333
vt 0.600000 0.833333
vt 0.616667 0.833333
vt 0.633333 0.833333
vt 0.650000 0.833333
vt 0.666667 0.833333
vt 0.683333 0.833333
vt 0.700000 0.833333
vt 0.716667 0.833333
vt 0.733333 0.833333
vt 0.750000 0.833333
vt 0.766667 0.833333
vt 0.783333 0.833333
vt 0.800000 0.833333
vt 0.816667 0.833333
vt 0.833333 0.833333
vt 0.850000 0.833333
vt 0.866667 0.833333
vt 0.883333 0.833333
vt 0.900000 0.833333
vt 0.916667 0.833333
vt 0.933333 0.833333
vt 0.950000 0.833333
vt 0.966667 0.833333
vt 0.983333 0.833333
vt 1.000000 0.833333
vt 0.000000 0.850000
vt 0.016667 0.850000
vt 0.033333 0.850000
vt 0.050000 0.850000
vt 0.066667 0.850000
vt 0.083333 0.850000
vt 0.100000 0.850000
vt 0.116667 0.850000
vt 0.133333 0.850000
vt 0.150000 0.850000
vt 0.166667 0.850000
vt 0.183333 0.850000
vt 0.200000 0.850000
vt 0.216667 0.850000
vt 0.233333 0.850000
vt 0.250000 0.850000
vt 0.266667 0.850000
vt 0.283333 0.850000
vt 0.300000 0.850000
vt 0.316667 0.850000
vt 0.333333 0.850000
vt 0.350000 0.850000
vt 0.366667 0.850000
vt 0.383333 0.850000
vt 0.400000 0.850000
vt 0.416667 0.850000
vt 0.433333 0.850000
vt 0.450000 0.850000
vt 0.466667 0.850000
vt 0.483333 0.850000
vt 0.500000 0.850000
vt 0.516667 0.850000
vt 0.533333 0.850000
vt 0.550000 0.850000
vt 0.566667 0.850000
vt 0.583333 0.850000
vt 0.600000 0.850000
vt 0.616667 0.850000
vt 0.633333 0.850000
vt 0.650000 0.850000
vt 0.666667 0.850000
vt 0.683333 0.850000
vt 0.700000 0.850000
vt 0.716667 0.850000
vt 0.733333 0.850000
vt 0.750000 0.850000
vt 0.766667 0.850000
vt 0.783333 0.850000
vt 0.800000 0.850000
vt 0.816667 0.850000
vt 0.833333 0.850000
vt 0.850000 0.850000
vt 0.866667 0.850000
vt 0.883333 0.850000
vt 0.900000 0.850000
vt 0.916667 0.850000
vt 0.933333 0.850000
vt 0.950000 0.850000
vt 0.966667 0.850000
vt 0.983333 0.850000
vt 1.000000 0.850000
vt 0.000000 0.866667
vt 0.016667 0.866667
vt 0.033333 0.866667
vt 0.050000 0.866667
vt 0.066667 0.866667
vt 0.083333 0.866667
vt 0.100000 0.866667
vt 0.116667 0.866667
vt 0.133333 0.866667
vt 0.150000 0.866667
vt 0.166667 0.866667
vt 0.183333 0.866667
vt 0.200000 0.866667
vt 0.216667 0.866667
vt 0.233333 0.866667
vt 0.250000 0.866667
vt 0.266667 0.866667
vt 0.283333 0.866667
vt 0.300000 0.866667
vt 0.316667 0.866667
vt 0.333333 0.866667
vt 0.350000 0.866667
vt 0.366667 0.866667
vt 0.383333 0.866667
vt 0.400000 0.866667
vt 0.416667 0.866667
vt 0.433333 0.866667
vt 0.450000 0.866667
vt 0.466667 0.866667
vt 0.483333 0.866667
vt 0.500000 0.866667
vt 0.516667 0.866667
vt 0.533333 0.866667
vt 0.550000 0.866667
vt 0.566667 0.866667
vt 0.583333 0.866667
vt 0.600000 0.866667
vt 0.616667 0.866667
vt 0.633333 0.866667
vt 0.650000 0.866667
vt 0.666667 0.866667
vt 0.683333 0.866667
vt 0.700000 0.866667
vt 0.716667 0.866667
vt 0.733333 0.866667
vt 0.750000 0.866667
vt 0.766667 0.866667
vt 0.783333 0.866667
vt 0.800000 0.866667
vt 0.816667 0.866667
vt 0.833333 0.866667
vt 0.850000 0.866667
vt 0.866667 0.866667
vt 0.883333 0.866667
vt 0.900000 0.866667
vt 0.916667 0.866667
vt 0.933333 0.866667
vt 0.950000 0.866667
vt 0.966667 0.866667
vt 0.983333 0.866667
vt 1.000000 0.866667
vt 0.000000 0.883333
vt 0.016667 0.883333
vt 0.033333 0.883333
vt 0.050000 0.883333
vt 0.066667 0.883333
vt 0.083333 0.883333
vt 0.100000 0.883333
vt 0.116667 0.883333
vt 0.133333 0.883333
vt 0.150000 0.883333
vt 0.166667 0.883333
vt 0.183333 0.883333
vt 0.200000 0.883333
vt 0.216667 0.883333
vt 0.233333 0.883333
vt 0.250000 0.883333
vt 0.266667 0.883333
vt 0.283333 0.883333
vt 0.300000 0.883333
vt 0.316667 0.883333
vt 0.333333 0.883333
vt 0.350000 0.883333
vt 0.366667 0.883333
vt 0.383333 0.883333
vt 0.400000 0.883333
vt 0.416667 0.883333
vt 0.433333 0.883333
vt 0.450000 0.883333
vt 0.466667 0.883333
vt 0.483333 0.883333
vt 0.500000 0.883333
vt 0.516667 0.883333
vt 0.533333 0.883333
vt 0.550000 0.883333
vt 0.566667 0.883333
vt 0.583333 0.883333
vt 0.600000 0.883333
vt 0.616667 0.883333
vt 0.633333 0.883333
vt 0.650000 0.883333
vt 0.666667 0.883333
vt 0.683333 0.883333
vt 0.700000 0.883333
vt 0.716667 0.883333
vt 0.733333 0.883333
vt 0.750000 0.883333
vt 0.766667 0.883333
vt 0.783333 0.883333
vt 0.800000 0.883333
vt 0.816667 0.883333
vt 0.833333 0.883333
vt 0.850000 0.883333
vt 0.866667 0.883333
vt 0.883333 0.883333
vt 0.900000 0.883333
vt 0.916667 0.883333
vt 0.933333 0.883333
vt 0.950000 0.883333
vt 0.966667 0.883333
vt 0.983333 0.883333
vt 1.000000 0.883333
vt 0.000000 0.900000
vt 0.016667 0.900000
vt 0.033333 0.900000
vt 0.050000 0.900000
vt 0.066667 0.900000
vt 0.083333 0.900000
vt 0.100000 0.900000
vt 0.116667 0.900000
vt 0.133333 0.900000
vt 0.150000 0.900000
vt 0.166667 0.900000
vt 0.183333 0.900000
vt 0.200000 0.900000
vt 0.216667 0.900000
vt 0.233333 0.900000
vt 0.250000 0.900000
vt 0.266667 0.900000
vt 0.283333 0.900000
vt 0.300000 0.900000
vt 0.316667 0.900000
vt 0.333333 0.900000
vt 0.350000 0.900000
vt 0.366667 0.900000
vt 0.383333 0.900000
vt 0.400000 0.900000
vt 0.416667 0.900000
vt 0.433333 0.900000
vt 0.450000 0.900000
vt 0.466667 0.900000
vt 0.483333 0.900000
vt 0.500000 0.900000
vt 0.516667 0.900000
vt 0.533333 0.900000
vt 0.550000 0.900000
vt 0.566667 0.900000
vt 0.583333 0.900000
vt 0.600000 0.900000
vt 0.616667 0.900000
vt 0.633333 0.900000
vt 0.650000 0.900000
vt 0.666667 0.900000
vt 0.683333 0.900000
vt 0.700000 0.900000
vt 0.716667 0.900000
vt 0.733333 0.900000
vt 0.750000 0.900000
vt 0.766667 0.900000
vt 0.783333 0.900000
vt 0.800000 0.900000
vt 0.816667 0.900000
vt 0.833333 0.900000
vt 0.850000 0.900000
vt 0.866667 0.900000
vt 0.883333 0.900000
vt 0.900000 0.900000
vt 0.916667 0.900000
vt 0.933333 0.900000
vt 0.950000 0.900000
vt 0.966667 0.900000
vt 0.983333 0.900000
vt 1.000000 0.900000
vt 0.000000 0.916667
vt 0.016667 0.916667
vt 0.033333 0.916667
vt 0.050000 0.916667
vt 0.066667 0.916667
vt 0.083333 0.916667
vt 0.100000 0.916667
vt 0.116667 0.916667
vt 0.133333 0.916667
vt 0.150000 0.916667
vt 0.166667 0.916667
vt 0.183333 0.916667
vt 0.200000 0.916667
vt 0.216667 0.916667
vt 0.233333 0.916667
vt 0.250000 0.916667
vt 0.266667 0.916667
vt 0.283333 0.916667
vt 0.300000 0.916667
vt 0.316667 0.916667
vt 0.333333 0.916667
vt 0.350000 0.916667
vt 0.366667 0.916667
vt 0.383333 0.916667
vt 0.400000 0.916667
vt 0.416667 0.916667
vt 0.433333 0.916667
vt 0.450000 0.916667
vt 0.466667 0.916667
vt 0.483333 0.916667
vt 0.500000 0.916667
vt 0.516667 0.916667
vt 0.533333 0.916667
vt 0.550000 0.916667
vt 0.566667 0.916667
vt 0.583333 0.916667
vt 0.600000 0.916667
vt 0.616667 0.916667
vt 0.633333 0.916667
vt 0.650000 0.916667
vt 0.666667 0.916667
vt 0.683333 0.916667
vt 0.700000 0.916667
vt 0.716667 0.916667
vt 0.733333 0.916667
vt 0.750000 0.916667
vt 0.766667 0.916667
vt 0.783333 0.916667
vt 0.800000 0.916667
vt 0.816667 0.916667
vt 0.833333 0.916667
vt 0.850000 0.916667
vt 0.866667 0.916667
vt 0.883333 0.916667
vt 0.900000 0.916667
vt 0.916667 0.916667
vt 0.933333 0.916667
vt 0.950000 0.916667
vt 0.966667 0.916667
vt 0.983333 0.916667
vt 1.000000 0.916667
vt 0.000000 0.933333
vt 0.016667 0.933333
vt 0.033333 0.933333
vt 0.050000 0.933333
vt 0.066667 0.933333
vt 0.083333 0.933333
vt 0.100000 0.933333
vt 0.116667 0.933333
vt 0.133333 0.933333
vt 0.150000 0.933333
vt 0.166667 0.933333
vt 0.183333 0.933333
vt 0.200000 0.933333
vt 0.216667 0.933333
vt 0.233333 0.933333
vt 0.250000 0.933333
vt 0.266667 0.933333
vt 0.283333 0.933333
vt 0.300000 0.933333
vt 0.316667 0.933333
vt 0.333333 0.933333
vt 0.350000 0.933333
vt 0.366667 0.933333
vt 0.383333 0.933333
vt 0.400000 0.933333
vt 0.416667 0.933333
vt 0.433333 0.933333
vt 0.450000 0.933333
vt 0.466667 0.933333
vt 0.483333 0.933333
vt 0.500000 0.933333
vt 0.516667 0.933333
vt 0.533333 0.933333
vt 0.550000 0.933333
vt 0.566667 0.933333
vt 0.583333 0.933333
vt 0.600000 0.933333
vt 0.616667 0.933333
vt 0.633333 0.933333
vt 0.650000 0.933333
vt 0.666667 0.933333
vt 0.683333 0.933333
vt 0.700000 0.933333
vt 0.716667 0.933333
vt 0.733333 0.933333
vt 0.750000 0.933333
vt 0.766667 0.933333
vt 0.783333 0.933333
vt 0.800000 0.933333
vt 0.816667 0.933333
vt 0.833333 0.933333
vt 0.850000 0.933333
vt 0.866667 0.933333
vt 0.883333 0.933333
vt 0.900000 0.933333
vt 0.916667 0.933333
vt 0.933333 0.933333
vt 0.950000 0.933333
vt 0.966667 0.933333
vt 0.983333 0.933333
vt 1.000000 0.933333
vt 0.000000 0.950000
vt 0.016667 0.950000
vt 0.033333 0.950000
vt 0.050000 0.950000
vt 0.066667 0.950000
vt 0.083333 0.950000
vt 0.100000 0.950000
vt 0.116667 0.950000
vt 0.133333 0.950000
vt 0.150000 0.950000
vt 0.166667 0.950000
vt 0.183333 0.950000
vt 0.200000 0.950000
vt 0.216667 0.950000
vt 0.233333 0.950000
vt 0.250000 0.950000
vt 0.266667 0.950000
vt 0.283333 0.950000
vt 0.300000 0.950000
vt 0.316667 0.950000
vt 0.333333 0.950000
vt 0.350000 0.950000
vt 0.366667 0.950000
vt 0.383333 0.950000
vt 0.400000 0.950000
vt 0.416667 0.950000
vt 0.433333 0.950000
vt 0.450000 0.950000
vt 0.466667 0.950000
vt 0.483333 0.950000
vt 0.500000 0.950000
vt 0.516667 0.950000
vt 0.533333 0.950000
vt 0.550000 0.950000
vt 0.566667 0.950000
vt 0.583333 0.950000
vt 0.600000 0.950000
vt 0.616667 0.950000
vt 0.633333 0.950000
vt 0.650000 0.950000
vt 0.666667 0.950000
vt 0.683333 0.950000
vt 0.700000 0.950000
vt 0.716667 0.950000
vt 0.733333 0.950000
vt 0.750000 0.950000
vt 0.766667 0.950000
vt 0.783333 0.950000
vt 0.800000 0.950000
vt 0.816667 0.950000
vt 0.833333 0.950000
vt 0.850000 0.950000
vt 0.866667 0.950000
vt 0.883333 0.950000
vt 0.900000 0.950000
vt 0.916667 0.950000
vt 0.933333 0.950000
vt 0.950000 0.950000
vt 0.966667 0.950000
vt 0.983333 0.950000
vt 1.000000 0.950000
vt 0.000000 0.966667
vt 0.016667 0.966667
vt 0.033333 0.966667
vt 0.050000 0.966667
vt 0.066667 0.966667
vt 0.083333 0.966667
vt 0.100000 0.966667
vt 0.116667 0.966667
vt 0.133333 0.966667
vt 0.150000 0.966667
vt 0.166667 0.966667
vt 0.183333 0.966667
vt 0.200000 0.966667
vt 0.216667 0.966667
vt 0.233333 0.966667
vt 0.250000 0.966667
vt 0.266667 0.966667
vt 0.283333 0.966667
vt 0.300000 0.966667
vt 0.316667 0.966667
vt 0.333333 0.966667
vt 0.350000 0.966667
vt 0.366667 0.966667
vt 0.383333 0.966667
vt 0.400000 0.966667
vt 0.416667 0.966667
vt 0.433333 0.966667
vt 0.450000 0.966667
vt 0.466667 0.966667
vt 0.483333 0.966667
vt 0.500000 0.966667
vt 0.516667 0.966667
vt 0.533333 0.966667
vt 0.550000 0.966667
vt 0.566667 0.966667
vt 0.583333 0.966667
vt 0.600000 0.966667
vt 0.616667 0.966667
vt 0.633333 0.966667
vt 0.650000 0.966667
vt 0.666667 0.966667
vt 0.683333 0.966667
vt 0.700000 0.966667
vt 0.716667 0.966667
vt 0.733333 0.966667
vt 0.750000 0.966667
vt 0.766667 0.966667
vt 0.783333 0.966667
vt 0.800000 0.966667
vt 0.816667 0.966667
vt 0.833333 0.966667
vt 0.850000 0.966667
vt 0.866667 0.966667
vt 0.883333 0.966667
vt 0.900000 0.966667
vt 0.916667 0.966667
vt 0.933333 0.966667
vt 0.950000 0.966667
vt 0.966667 0.966667
vt 0.983333 0.966667
vt 1.000000 0.966667
vt 0.000000 0.983333
vt 0.016667 0.983333
vt 0.033333 0.983333
vt 0.050000 0.983333
vt 0.066667 0.983333
vt 0.083333 0.983333
vt 0.100000 0.983333
vt 0.116667 0.983333
vt 0.133333 0.983333
vt 0.150000 0.983333
vt 0.166667 0.983333
vt 0.183333 0.983333
vt 0.200000 0.983333
vt 0.216667 0.983333
vt 0.233333 0.983333
vt 0.250000 0.983333
vt 0.266667 0.983333
vt 0.283333 0.983333
vt 0.300000 0.983333
vt 0.316667 0.983333
vt 0.333333 0.983333
vt 0.350000 0.983333
vt 0.366667 0.983333
vt 0.383333 0.983333
vt 0.400000 0.983333
vt 0.416667 0.983333
vt 0.433333 0.983333
vt 0.450000 0.983333
vt 0.466667 0.983333
vt 0.483333 0.983333
vt 0.500000 0.983333
vt 0.516667 0.983333
vt 0.533333 0.983333
vt 0.550000 0.983333
vt 0.566667 0.983333
vt 0.583333 0.983333
vt 0.600000 0.983333
vt 0.616667 0.983333
vt 0.633333 0.983333
vt 0.650000 0.983333
vt 0.666667 0.983333
vt 0.683333 0.983333
vt 0.700000 0.983333
vt 0.716667 0.983333
vt 0.733333 0.983333
vt 0.750000 0.983333
vt 0.766667 0.983333
vt 0.783333 0.983333
vt 0.800000 0.983333
vt 0.816667 0.983333
vt 0.833333 0.983333
vt 0.850000 0.983333
vt 0.866667 0.983333
vt 0.883333 0.983333
vt 0.900000 0.983333
vt 0.916667 0.983333
vt 0.933333 0.983333
vt 0.950000 0.983333
vt 0.966667 0.983333
vt 0.983333 0.983333
vt 1.000000 0.983333
vt 0.000000 1.000000
vt 0.016667 1.000000
vt 0.033333 1.000000
vt 0.050000 1.000000
vt 0.066667 1.000000
vt 0.083333 1.000000
vt 0.100000 1.000000
vt 0.116667 1.000000
vt 0.133333 1.000000
vt 0.150000 1.000000
vt 0.166667 1.000000
vt 0.183333 1.000000
vt 0.200000 1.000000
vt 0.216667 1.000000
vt 0.233333 1.000000
vt 0.250000 1.000000
vt 0.266667 1.000000
vt 0.283333 1.000000
vt 0.300000 1.000000
vt 0.316667 1.000000
vt 0.333333 1.000000
vt 0.350000 1.000000
vt 0.366667 1.000000
vt 0.383333 1.000000
vt 0.400000 1.000000
vt 0.416667 1.000000
vt 0.433333 1.000000
vt 0.450000 1.000000
vt 0.466667 1.000000
vt 0.483333 1.000000
vt 0.500000 1.000000
vt 0.516667 1.000000
vt 0.533333 1.000000
vt 0.550000 1.000000
vt 0.566667 1.000000
vt 0.583333 1.000000
vt 0.600000 1.000000
vt 0.616667 1.000000
vt 0.633333 1.000000
vt 0.650000 1.000000
vt 0.666667 1.000000
vt 0.683333 1.000000
vt 0.700000 1.000000
vt 0.716667 1.000000
vt 0.733333 1.000000
vt 0.750000 1.000000
vt 0.766667 1.000000
vt 0.783333 1.000000
vt 0.800000 1.000000
vt 0.816667 1.000000
vt 0.833333 1.000000
vt 0.850000 1.000000
vt 0.866667 1.000000
vt 0.883333 1.000000
vt 0.900000 1.000000
vt 0.916667 1.000000
vt 0.933333 1.000000
vt 0.950000 1.000000
vt 0.966667 1.000000
vt 0.983333 1.000000
vt 1.000000 1.000000
vn 0.199431 0.269169 0.942218
vn 0.193040 0.135733 0.971757
vn 0.146115 0.079246 0.986089
vn 0.109243 0.206384 0.972354
vn 0.374970 0.040343 0.926159
vn 0.362991 -0.021894 0.931535
vn 0.655020 0.086770 0.750613
vn 0.651746 0.048026 0.756916
vn 0.759160 0.149552 0.633491
vn 0.773767 0.135094 0.618898
vn 0.778437 0.209579 0.591703
vn 0.794692 0.180898 0.579431
vn 0.785124 0.152950 0.600155
vn 0.791399 0.100680 0.602953
vn 0.730233 -0.070672 0.679534
vn 0.719451 -0.156840 0.676603
vn 0.516641 -0.424979 0.743287
vn 0.476639 -0.542594 0.691669
vn 0.298723 -0.704305 0.643986
vn 0.256729 -0.801414 0.540209
vn 0.254913 -0.854770 0.452093
vn 0.218616 -0.907456 0.358792
vn 0.271282 -0.931362 0.242840
vn 0.228474 -0.955318 0.187528
vn 0.141792 -0.987129 0.073973
vn 0.124284 -0.990857 0.052501
vn 0.000154 -1.000000 0.000322
vn -0.002767 -0.999988 -0.004026
vn -0.005245 -0.999903 -0.012910
vn -0.008608 -0.999797 -0.018195
vn -0.008518 -0.999627 -0.025943
vn -0.009807 -0.999543 -0.028586
vn -0.010991 -0.999325 -0.035045
vn -0.011468 -0.999429 -0.031788
vn -0.017750 -0.999108 -0.038310
vn -0.018820 -0.999263 -0.033448
vn -0.023806 -0.998975 -0.038493
vn -0.026159 -0.998838 -0.040475
vn -0.022259 -0.999009 -0.038537
vn -0.023818 -0.998171 -0.055558
vn -0.014676 -0.999076 -0.040406
vn -0.010058 -0.997629 -0.068078
vn -0.004825 -0.999051 -0.043290
vn 0.003420 -0.997591 -0.069281
vn 0.005749 -0.998630 -0.052011
vn 0.008800 -0.997113 -0.075419
vn 0.019881 -0.996236 -0.084368
vn 0.016314 -0.995591 -0.092370
vn 0.047528 -0.990813 -0.126617
vn 0.047560 -0.998692 -0.018759
vn 0.082160 -0.996352 0.023078
vn 0.084749 -0.948462 0.305348
vn 0.019858 -0.865181 0.501066
vn -0.007762 -0.602891 0.797786
vn -0.260070 -0.422484 0.868257
vn -0.283152 -0.174108 0.943139
vn -0.579682 -0.128284 0.804681
vn -0.579156 -0.047881 0.813809
vn -0.766449 -0.164660 0.620841
vn -0.786686 -0.130386 0.603428
vn -0.786201 -0.282923 0.549402
vn -0.827687 -0.225436 0.513919
vn -0.348387 -0.124748 0.929013
vn -0.424615 -0.115981 0.897915
vn 0.764911 0.439723 0.470696
vn 0.763300 0.385357 0.518529
vn 0.966188 0.248234 -0.069723
vn 0.987399 0.157233 0.017945
vn 0.332390 -0.375239 0.865282
vn 0.163437 -0.505239 0.847362
vn -0.591963 -0.318510 0.740359
vn -0.625404 -0.365350 0.689485
vn -0.585533 -0.295498 0.754872
vn -0.500033 -0.322981 0.803523
vn -0.063717 -0.347592 0.935478
vn 0.051440 -0.332496 0.941701
vn 0.343029 -0.285000 0.895045
vn 0.354402 -0.287286 0.889868
vn 0.347878 -0.300757 0.887990
vn 0.297028 -0.316012 0.901061
vn 0.182398 -0.497403 0.848128
vn 0.132147 -0.451243 0.882563
vn 0.030841 -0.771737 0.635193
vn 0.015400 -0.664596 0.747045
vn -0.040272 -0.945428 0.323332
vn -0.035106 -0.863313 0.503446
vn -0.079917 -0.993957 0.075249
vn -0.054379 -0.963351 0.262675
vn -0.116515 -0.992848 -0.026028
vn -0.046771 -0.987976 0.147364
vn -0.102934 -0.994094 0.034371
vn 0.012793 -0.981487 0.191099
vn -0.033100 -0.971691 0.233925
vn 0.080123 -0.934833 0.345930
vn 0.005634 -0.866782 0.498655
vn 0.075677 -0.844565 0.530078
vn 0.005664 -0.701183 0.712959
vn 0.042068 -0.726520 0.685856
vn 0.025594 -0.534056 0.845062
vn 0.041829 -0.600952 0.798190
vn 0.057294 -0.399184 0.915079
vn 0.049679 -0.493037 0.868589
vn 0.066958 -0.321986 0.944374
vn 0.034121 -0.428006 0.903132
vn 0.044776 -0.277993 0.959539
vn 0.005799 -0.390819 0.920449
vn 0.021228 -0.262520 0.964693
vn -0.024753 -0.366876 0.929941
vn -0.102018 -0.248339 0.963286
vn -0.148615 -0.325504 0.933788
vn -0.394749 -0.162345 0.904332
vn -0.429664 -0.203370 0.879790
vn -0.712792 0.065645 0.698297
vn -0.729151 0.027384 0.683804
vn -0.804073 0.265066 0.532173
vn -0.830941 0.205066 0.517190
vn -0.794664 0.286869 0.534991
vn -0.831123 0.234768 0.504102
vn -0.816492 0.239622 0.525283
vn -0.832400 0.215821 0.510423
vn -0.829082 0.213659 0.516694
vn -0.831885 0.207148 0.514837
vn 0.010626 -0.012744 0.999862
vn -0.104771 0.105440 0.988891
vn 0.309323 -0.103623 0.945294
vn 0.630815 -0.006006 0.775910
vn 0.794593 0.107211 0.597601
vn 0.817480 0.137991 0.559183
vn 0.785631 0.003248 0.618687
vn 0.662931 -0.336015 0.669042
vn 0.343292 -0.737897 0.581084
vn 0.158127 -0.913297 0.375346
vn 0.148627 -0.961173 0.232502
vn 0.145563 -0.983116 0.110884
vn 0.098065 -0.994925 0.022542
vn -0.009935 -0.999875 -0.012310
vn -0.015934 -0.999447 -0.029174
vn -0.009643 -0.999353 -0.034641
vn -0.008137 -0.999648 -0.025239
vn -0.022865 -0.999436 -0.024578
vn -0.040553 -0.997300 -0.061217
vn -0.030674 -0.992798 -0.115807
vn 0.004742 -0.990656 -0.136305
vn 0.026218 -0.992563 -0.118876
vn 0.020515 -0.996356 -0.082783
vn 0.017855 -0.999451 0.027917
vn 0.072810 -0.932317 0.354236
vn 0.116694 -0.557367 0.822025
vn 0.002870 -0.105925 0.994370
vn -0.227591 0.002196 0.973754
vn -0.512156 -0.049402 0.857470
vn -0.782218 -0.100431 0.614857
vn -0.879134 -0.136923 0.456481
vn -0.587777 -0.101802 0.802593
vn 0.676357 0.226117 0.701008
vn 0.953624 -0.063999 0.294118
vn -0.134829 -0.586003 0.799013
vn -0.588719 -0.417689 0.692059
vn -0.251155 -0.347322 0.903487
vn 0.227864 -0.295063 0.927909
vn 0.333834 -0.298922 0.893980
vn 0.198119 -0.350202 0.915482
vn 0.056549 -0.394367 0.917212
vn -0.010692 -0.483702 0.875167
vn -0.033308 -0.646642 0.762066
vn -0.023363 -0.818562 0.573944
vn 0.045818 -0.912573 0.406340
vn 0.154473 -0.923118 0.352123
vn 0.199150 -0.891110 0.407752
vn 0.143283 -0.848479 0.509464
vn 0.078468 -0.792375 0.604967
vn 0.055335 -0.724622 0.686921
vn 0.030799 -0.652602 0.757075
vn -0.019806 -0.593657 0.804475
vn -0.049777 -0.555599 0.829959
vn -0.082663 -0.513522 0.854085
vn -0.198142 -0.432030 0.879824
vn -0.465697 -0.256421 0.846979
vn -0.750321 -0.015928 0.660882
vn -0.863236 0.125324 0.488997
vn -0.868241 0.159956 0.469650
vn -0.836690 0.187481 0.514588
vn -0.817339 0.211962 0.535751
vn -0.201928 -0.033989 0.978811
vn -0.385471 0.070665 0.920010
vn 0.202418 -0.113362 0.972716
vn 0.579915 -0.035439 0.813906
vn 0.800431 0.088547 0.592849
vn 0.828361 0.118949 0.547420
vn 0.751411 -0.112954 0.650095
vn 0.548026 -0.538223 0.640299
vn 0.171389 -0.868241 0.465601
vn 0.069725 -0.957124 0.281163
vn 0.089765 -0.981435 0.169495
vn 0.075253 -0.994686 0.070258
vn 0.084002 -0.996448 0.005915
vn -0.020426 -0.999388 -0.028404
vn -0.023190 -0.998477 -0.050055
vn -0.003042 -0.998714 -0.050617
vn 0.003909 -0.999406 -0.034231
vn -0.033175 -0.997769 -0.057930
vn -0.064514 -0.989240 -0.131309
vn -0.035143 -0.985975 -0.163151
vn 0.016692 -0.993342 -0.113990
vn 0.034410 -0.999218 -0.019489
vn 0.021394 -0.991304 0.129839
vn 0.036129 -0.918347 0.394123
vn 0.151592 -0.643636 0.750168
vn 0.221934 -0.237050 0.945808
vn 0.120329 -0.083227 0.989239
vn -0.108254 -0.102028 0.988874
vn -0.404072 -0.092960 0.909991
vn -0.728826 -0.074192 0.680668
vn -0.895570 -0.073174 0.438861
vn -0.738005 -0.055804 0.672484
vn 0.393205 0.066686 0.917029
vn 0.730787 -0.216929 0.647219
vn -0.245722 -0.460902 0.852755
vn -0.384726 -0.359039 0.850339
vn 0.037312 -0.292160 0.955641
vn 0.308835 -0.252821 0.916898
vn 0.263999 -0.297740 0.917418
vn 0.129256 -0.356151 0.925445
vn 0.027019 -0.372909 0.927475
vn -0.003477 -0.385366 0.922757
vn -0.024269 -0.447417 0.893996
vn -0.030508 -0.616311 0.786912
vn 0.045169 -0.810642 0.583798
vn 0.158307 -0.909464 0.384466
vn 0.195549 -0.925047 0.325652
vn 0.139138 -0.904318 0.403546
vn 0.074786 -0.863436 0.498884
vn 0.049251 -0.819937 0.570331
vn 0.017643 -0.765569 0.643112
vn -0.045403 -0.700212 0.712490
vn -0.067768 -0.648868 0.757878
vn -0.092325 -0.592768 0.800064
vn -0.192439 -0.492895 0.848541
vn -0.464217 -0.287620 0.837721
vn -0.764825 -0.027203 0.643664
vn -0.878259 0.098414 0.467949
vn -0.868814 0.121246 0.480064
vn -0.805860 0.170670 0.566976
vn -0.772009 0.221765 0.595669
vn -0.451118 -0.009690 0.892412
vn -0.653030 0.080711 0.753019
vn 0.041011 -0.094069 0.994721
vn 0.488906 -0.057931 0.870411
vn 0.790262 0.098004 0.604881
vn 0.830364 0.098386 0.548466
vn 0.676834 -0.302827 0.670963
vn 0.379125 -0.759383 0.528774
vn 0.028817 -0.952546 0.303029
vn 0.014663 -0.983388 0.180921
vn 0.038049 -0.993689 0.105522
vn 0.023261 -0.999174 0.033324
vn 0.064085 -0.997640 -0.024659
vn -0.029652 -0.997269 -0.067637
vn -0.025114 -0.996635 -0.078021
vn 0.005907 -0.997613 -0.068801
vn 0.014379 -0.997852 -0.063912
vn -0.042478 -0.996401 -0.073356
vn -0.079079 -0.996551 -0.025172
vn -0.054922 -0.990792 0.123752
vn -0.033080 -0.952955 0.301302
vn -0.038991 -0.887165 0.459801
vn -0.044168 -0.785228 0.617630
vn 0.012220 -0.651680 0.758396
vn 0.217181 -0.505525 0.835031
vn 0.401553 -0.425279 0.811106
vn 0.371673 -0.408279 0.833767
vn 0.153227 -0.296963 0.942515
vn -0.231850 -0.136341 0.963149
vn -0.637948 -0.048708 0.768538
vn -0.882557 -0.005306 0.470176
vn -0.839379 0.042824 0.541857
vn -0.039869 0.051485 0.997878
vn 0.408419 -0.250923 0.877628
vn -0.211750 -0.320736 0.923196
vn -0.105804 -0.212786 0.971353
vn 0.240065 -0.179065 0.954099
vn 0.314892 -0.199415 0.927942
vn 0.206066 -0.259131 0.943604
vn 0.109218 -0.307065 0.945401
vn 0.067148 -0.303609 0.950428
vn 0.077232 -0.266177 0.960825
vn 0.007054 -0.260204 0.965528
vn -0.055698 -0.395617 0.916725
vn 0.002988 -0.639024 0.769181
vn 0.116420 -0.845102 0.521774
vn 0.175871 -0.928127 0.328101
vn 0.129040 -0.940388 0.314672
vn 0.056924 -0.922449 0.381901
vn 0.034679 -0.895097 0.444522
vn 0.011262 -0.853534 0.520916
vn -0.050471 -0.788826 0.612541
vn -0.066139 -0.727024 0.683419
vn -0.082577 -0.661434 0.745443
vn -0.166863 -0.556672 0.813802
vn -0.454774 -0.334603 0.825362
vn -0.784960 -0.039569 0.618282
vn -0.891282 0.081065 0.446144
vn -0.858932 0.078783 0.505994
vn -0.754349 0.134014 0.642649
vn -0.697157 0.203896 0.687313
vn -0.677101 0.017627 0.735679
vn -0.842008 0.097211 0.530634
vn -0.171944 -0.064625 0.982985
vn 0.345250 -0.065242 0.936240
vn 0.769518 0.110603 0.628975
vn 0.836465 -0.005252 0.547996
vn 0.527106 -0.608032 0.593681
vn 0.186893 -0.938136 0.291499
vn -0.040995 -0.992083 0.118708
vn -0.014960 -0.997272 0.072275
vn 0.000417 -0.999835 0.018188
vn -0.008749 -0.999463 -0.031590
vn 0.037672 -0.996292 -0.077347
vn -0.013312 -0.997042 -0.075692
vn -0.002943 -0.999973 0.006688
vn 0.014476 -0.994747 0.101332
vn 0.007922 -0.981893 0.189271
vn -0.038241 -0.943704 0.328573
vn -0.066740 -0.831896 0.550903
vn -0.086529 -0.668748 0.738437
vn -0.112949 -0.529709 0.840625
vn -0.130469 -0.401813 0.906380
vn -0.136636 -0.266943 0.953977
vn -0.112377 -0.148431 0.982517
vn 0.022015 -0.139379 0.989994
vn 0.245731 -0.326747 0.912608
vn 0.387877 -0.440172 0.809815
vn 0.385740 -0.396455 0.833083
vn 0.094000 -0.274114 0.957092
vn -0.438515 -0.122207 0.890377
vn -0.813718 0.005040 0.581237
vn -0.864222 0.136786 0.484159
vn -0.340445 0.186354 0.921612
vn 0.151724 -0.106634 0.982654
vn -0.062496 -0.150811 0.986585
vn 0.122915 -0.053680 0.990964
vn 0.311856 -0.076199 0.947069
vn 0.281022 -0.145643 0.948586
vn 0.181103 -0.196913 0.963549
vn 0.135114 -0.221127 0.965840
vn 0.160895 -0.200962 0.966295
vn 0.145023 -0.163624 0.975805
vn 0.014889 -0.144388 0.989409
vn -0.007067 -0.164961 0.986275
vn 0.044045 -0.278291 0.959486
vn 0.100977 -0.550742 0.828545
vn 0.159372 -0.815154 0.556888
vn 0.102936 -0.929185 0.354993
vn 0.021916 -0.956689 0.290288
vn 0.006968 -0.954115 0.299359
vn -0.000059 -0.931241 0.364405
vn -0.051087 -0.880268 0.471718
vn -0.058343 -0.818289 0.571838
vn -0.070042 -0.747108 0.661002
vn -0.136920 -0.644265 0.752446
vn -0.438801 -0.408410 0.800409
vn -0.806510 -0.056927 0.588473
vn -0.903083 0.065800 0.424395
vn -0.833209 0.034109 0.551905
vn -0.661451 0.094669 0.743990
vn -0.568415 0.176658 0.803552
vn -0.856011 0.069002 0.512331
vn -0.953736 0.142605 0.264673
vn -0.417732 -0.009229 0.908523
vn 0.130603 -0.051387 0.990102
vn 0.703740 0.045225 0.709016
vn 0.806238 -0.304230 0.507370
vn 0.274427 -0.909484 0.312296
vn 0.056782 -0.997774 0.034971
vn -0.025740 -0.999522 0.017141
vn -0.016388 -0.996958 0.076195
vn -0.012319 -0.992498 0.121640
vn -0.015948 -0.981090 0.192892
vn 0.008193 -0.960701 0.277466
vn 0.002113 -0.917115 0.398618
vn 0.014137 -0.827635 0.561088
vn 0.013084 -0.711209 0.702859
vn -0.008560 -0.574947 0.818146
vn -0.020866 -0.420032 0.907269
vn -0.025639 -0.283385 0.958664
vn -0.070231 -0.173734 0.982285
vn -0.109243 -0.047058 0.992901
vn -0.130459 0.118806 0.984310
vn -0.147137 0.317855 0.936653
vn -0.164595 0.551686 0.817650
vn -0.301638 0.659129 0.688886
vn -0.407391 0.483329 0.774871
vn -0.170471 0.117793 0.978297
vn 0.176322 -0.136809 0.974779
vn 0.211248 -0.213478 0.953835
vn -0.162996 -0.188233 0.968504
vn -0.653330 -0.082091 0.752609
vn -0.801381 0.126855 0.584547
vn -0.406670 0.344701 0.846050
vn 0.039365 0.246434 0.968360
vn 0.115135 0.138526 0.983644
vn 0.234110 0.099831 0.967071
vn 0.289133 -0.005869 0.957271
vn 0.252620 -0.093454 0.963042
vn 0.201234 -0.111807 0.973141
vn 0.197500 -0.108911 0.974234
vn 0.237545 -0.113432 0.964731
vn 0.171615 -0.086015 0.981402
vn 0.114892 0.000914 0.993378
vn 0.231583 0.152254 0.960827
vn 0.179844 0.257265 0.949458
vn 0.066922 0.048503 0.996579
vn 0.110109 -0.403555 0.908306
vn 0.080197 -0.747432 0.659480
vn 0.013033 -0.899815 0.436078
vn -0.014235 -0.954179 0.298898
vn -0.019465 -0.969391 0.244750
vn -0.052447 -0.952419 0.300247
vn -0.042164 -0.909841 0.412809
vn -0.058645 -0.845596 0.530592
vn -0.102541 -0.754666 0.648046
vn -0.400431 -0.517080 0.756494
vn -0.822785 -0.080300 0.562652
vn -0.900745 0.070179 0.428642
vn -0.753280 0.022115 0.657329
vn -0.494039 0.100540 0.863607
vn -0.380661 0.184466 0.906129
vn -0.934190 0.044504 0.353989
vn -0.979611 0.059207 0.191981
vn -0.644451 0.054911 0.762671
vn -0.153701 0.003873 0.988110
vn 0.461946 -0.057107 0.885067
vn 0.598894 -0.478866 0.641883
vn 0.066299 -0.876259 0.477258
vn 0.018898 -0.908835 0.416728
vn 0.011060 -0.856302 0.516357
vn 0.001879 -0.755412 0.655247
vn -0.013549 -0.634774 0.772579
vn -0.027714 -0.506597 0.861737
vn -0.020382 -0.407544 0.912958
vn -0.004813 -0.306583 0.951832
vn 0.011519 -0.200073 0.979713
vn 0.016836 -0.089497 0.995845
vn 0.000356 0.010759 0.999942
vn -0.010457 0.082346 0.996549
vn -0.009427 0.143798 0.989562
vn -0.030768 0.247550 0.968387
vn -0.046695 0.416788 0.907804
vn -0.067804 0.592216 0.802922
vn -0.058816 0.757651 0.650004
vn -0.057325 0.886895 0.458401
vn -0.329079 0.874425 0.356494
vn -0.640133 0.670802 0.374506
vn -0.667853 0.479056 0.569629
vn -0.403446 0.274268 0.872931
vn -0.058678 0.034782 0.997671
vn -0.068514 -0.130955 0.989018
vn -0.447964 -0.122655 0.885598
vn -0.661428 0.183742 0.727153
vn -0.355667 0.527375 0.771606
vn 0.056963 0.610445 0.790008
vn 0.236651 0.541666 0.806594
vn 0.317449 0.424726 0.847841
vn 0.351271 0.287068 0.891180
vn 0.338351 0.173912 0.924810
vn 0.285226 0.104769 0.952717
vn 0.269389 0.051823 0.961636
vn 0.281650 -0.004610 0.959506
vn 0.237516 0.023975 0.971088
vn 0.315715 0.147125 0.937379
vn 0.453355 0.312785 0.834647
vn 0.246951 0.518718 0.818503
vn -0.007497 0.498182 0.867040
vn 0.034427 0.200579 0.979072
vn 0.079456 -0.195475 0.977485
vn 0.041681 -0.553636 0.831715
vn -0.003724 -0.788558 0.614950
vn -0.016852 -0.910930 0.412217
vn -0.045108 -0.952849 0.300073
vn -0.019174 -0.956002 0.292734
vn -0.047942 -0.925385 0.375984
vn -0.053461 -0.862248 0.503658
vn -0.317562 -0.655335 0.685340
vn -0.827470 -0.120994 0.548320
vn -0.875311 0.084277 0.476160
vn -0.607561 0.005592 0.794254
vn -0.306605 0.102884 0.946260
vn -0.206524 0.185121 0.960770
vn -0.865534 -0.145138 0.479360
vn -0.824439 -0.237900 0.513521
vn -0.746513 0.044047 0.663911
vn -0.414201 0.103706 0.904258
vn 0.085956 0.093546 0.991898
vn 0.275211 -0.118597 0.954041
vn -0.001793 -0.294699 0.955588
vn 0.007576 -0.250120 0.968185
vn 0.021248 -0.172206 0.984832
vn 0.022695 -0.075640 0.996877
vn -0.001983 0.011797 0.999928
vn -0.020502 0.085221 0.996151
vn -0.015121 0.158442 0.987252
vn -0.032166 0.189774 0.981301
vn 0.022128 0.221799 0.974841
vn 0.054079 0.336194 0.940239
vn -0.010797 0.411115 0.911519
vn 0.004431 0.472972 0.881066
vn 0.029847 0.600639 0.798963
vn 0.023137 0.735699 0.676913
vn 0.007829 0.819559 0.572942
vn -0.004957 0.873294 0.487168
vn 0.032297 0.925965 0.376225
vn -0.015531 0.939341 0.342632
vn -0.356646 0.827745 0.433176
vn -0.670568 0.595903 0.441857
vn -0.772375 0.470078 0.427158
vn -0.718578 0.428736 0.547568
vn -0.515191 0.395817 0.760202
vn -0.369132 0.309176 0.876443
vn -0.476401 0.377850 0.793897
vn -0.558998 0.673353 0.483856
vn -0.249203 0.893884 0.372651
vn 0.101260 0.905595 0.411879
vn 0.257824 0.817758 0.514586
vn 0.375751 0.734348 0.565283
vn 0.438441 0.670643 0.598337
vn 0.420737 0.586338 0.692234
vn 0.356995 0.462544 0.811546
vn 0.323627 0.318800 0.890860
vn 0.320603 0.188342 0.928300
vn 0.336157 0.154669 0.929019
vn 0.455821 0.186819 0.870245
vn 0.532542 0.266184 0.803458
vn 0.284995 0.513800 0.809189
vn -0.035625 0.658145 0.752048
vn -0.016231 0.571975 0.820110
vn 0.069494 0.361481 0.929786
vn 0.056205 0.084200 0.994862
vn 0.038520 -0.254099 0.966411
vn 0.009627 -0.555039 0.831768
vn -0.022989 -0.767660 0.640445
vn 0.004986 -0.891172 0.453639
vn -0.039878 -0.929802 0.365895
vn -0.010614 -0.927241 0.374316
vn -0.200284 -0.810677 0.550172
vn -0.829243 -0.213481 0.516508
vn -0.822482 0.058362 0.565789
vn -0.412753 -0.025336 0.910491
vn -0.135582 0.094055 0.986292
vn -0.046520 0.161247 0.985817
vn -0.659160 -0.264539 0.703937
vn -0.521132 -0.356873 0.775282
vn -0.713110 0.011480 0.700958
vn -0.561125 0.167294 0.810649
vn -0.138906 0.249255 0.958424
vn 0.141509 0.261844 0.954679
vn -0.001898 0.230421 0.973089
vn 0.002162 0.273101 0.961983
vn 0.016502 0.325699 0.945329
vn 0.018612 0.385081 0.922695
vn -0.008751 0.440484 0.897718
vn -0.022320 0.500299 0.865565
vn -0.008845 0.555054 0.831768
vn -0.135132 0.513436 0.847421
vn 0.037500 0.501687 0.864236
vn 0.143718 0.590903 0.793838
vn -0.040149 0.636166 0.770507
vn 0.065540 0.698525 0.712578
vn 0.129422 0.813225 0.567375
vn 0.084050 0.888603 0.450911
vn 0.035396 0.916944 0.397442
vn 0.038326 0.937693 0.345346
vn 0.070588 0.952181 0.297269
vn -0.068266 0.925258 0.373144
vn -0.415666 0.764982 0.491960
vn -0.667782 0.562190 0.487862
vn -0.773052 0.472404 0.423349
vn -0.780153 0.502122 0.373142
vn -0.684341 0.629727 0.367589
vn -0.557761 0.766572 0.318228
vn -0.444116 0.882597 0.154218
vn -0.344961 0.938073 -0.031970
vn -0.187839 0.981953 -0.022020
vn 0.022979 0.982345 0.185664
vn 0.231412 0.909920 0.344229
vn 0.395551 0.842603 0.365458
vn 0.437985 0.810511 0.388896
vn 0.393528 0.793618 0.464011
vn 0.341998 0.738569 0.580993
vn 0.323721 0.623279 0.711848
vn 0.355935 0.473557 0.805639
vn 0.415690 0.349122 0.839831
vn 0.513508 0.246086 0.822041
vn 0.548628 0.217083 0.807392
vn 0.336608 0.421487 0.842047
vn -0.016697 0.652703 0.757430
vn -0.028268 0.691620 0.721708
vn 0.053034 0.628899 0.775677
vn 0.023686 0.496800 0.867542
vn 0.037744 0.278299 0.959753
vn 0.005681 0.023043 0.999718
vn 0.001058 -0.266145 0.963932
vn 0.017715 -0.533811 0.845418
vn -0.034491 -0.728301 0.684389
vn 0.012976 -0.857788 0.513840
vn -0.077611 -0.856513 0.510257
vn -0.720139 -0.377625 0.582064
vn -0.662421 -0.002701 0.749127
vn -0.172308 -0.023958 0.984752
vn 0.051041 0.117364 0.991776
vn 0.160089 0.159207 0.974179
vn -0.851401 0.149579 0.502734
vn -0.842951 0.142073 0.518891
vn -0.794975 0.199640 0.572851
vn -0.671263 0.308289 0.674065
vn -0.257871 0.596754 0.759860
vn 0.068240 0.695673 0.715110
vn -0.028760 0.690498 0.722763
vn -0.030421 0.694993 0.718373
vn -0.024171 0.692798 0.720727
vn -0.017431 0.683720 0.729536
vn -0.024489 0.680930 0.731939
vn -0.021646 0.688733 0.724692
vn -0.010778 0.689266 0.724428
vn -0.250406 0.613445 0.748987
vn 0.048518 0.618422 0.784347
vn 0.240458 0.630397 0.738092
vn -0.036892 0.658626 0.751565
vn 0.161082 0.731055 0.663032
vn 0.235735 0.809335 0.537965
vn 0.139946 0.865957 0.480138
vn 0.072293 0.898011 0.433994
vn 0.077495 0.923002 0.376912
vn 0.073798 0.929554 0.361225
vn -0.135230 0.887084 0.441356
vn -0.466365 0.713069 0.523484
vn -0.667416 0.519835 0.533224
vn -0.738711 0.463532 0.489331
vn -0.733720 0.564614 0.377975
vn -0.625451 0.752561 0.206063
vn -0.447060 0.894504 0.000107
vn -0.321088 0.935510 -0.147388
vn -0.274709 0.946679 -0.168329
vn -0.253845 0.963028 -0.090218
vn -0.060594 0.997573 0.034301
vn 0.215803 0.967388 0.132623
vn 0.370740 0.899833 0.229897
vn 0.411011 0.854309 0.318161
vn 0.366357 0.856456 0.363683
vn 0.299670 0.859515 0.414044
vn 0.281894 0.816478 0.503884
vn 0.349861 0.716153 0.603923
vn 0.422078 0.574748 0.701081
vn 0.493181 0.369838 0.787396
vn 0.509000 0.194240 0.838564
vn 0.357588 0.275079 0.892447
vn 0.034207 0.548589 0.835392
vn 0.005218 0.683550 0.729885
vn 0.047727 0.712435 0.700114
vn -0.004396 0.689687 0.724094
vn 0.026378 0.593259 0.804579
vn -0.011097 0.458814 0.888463
vn 0.009967 0.261530 0.965144
vn 0.011382 0.040972 0.999095
vn -0.016750 -0.190591 0.981527
vn 0.028056 -0.442941 0.896112
vn 0.008718 -0.580565 0.814167
vn -0.426769 -0.282838 0.858994
vn -0.317766 -0.014190 0.948063
vn 0.071688 -0.000032 0.997427
vn 0.272881 0.159460 0.948740
vn 0.413129 0.195058 0.889537
vn -0.589831 0.644098 -0.487070
vn -0.468841 0.688284 -0.553582
vn -0.848925 0.504495 -0.157514
vn -0.715947 0.675682 0.175708
vn -0.256893 0.937065 0.236464
vn -0.046275 0.961695 0.270189
vn -0.096889 0.913630 0.394832
vn -0.089538 0.865293 0.493205
vn -0.086432 0.813217 0.575507
vn -0.072680 0.756501 0.649942
vn -0.053595 0.701774 0.710381
vn -0.026214 0.663259 0.747931
vn -0.016638 0.639919 0.768262
vn -0.306732 0.574224 0.759067
vn 0.048413 0.626868 0.777620
vn 0.294018 0.628813 0.719825
vn 0.007665 0.685083 0.728425
vn 0.241576 0.757123 0.606965
vn 0.295364 0.801421 0.520081
vn 0.176212 0.844104 0.506398
vn 0.107570 0.868331 0.484179
vn 0.109898 0.888315 0.445891
vn 0.075652 0.902879 0.423187
vn -0.187639 0.855632 0.482374
vn -0.521385 0.643806 0.560064
vn -0.668303 0.459377 0.585102
vn -0.685571 0.495069 0.533760
vn -0.631276 0.689227 0.355608
vn -0.493374 0.861640 0.118991
vn -0.350263 0.936238 -0.027836
vn -0.301349 0.950100 -0.080612
vn -0.299393 0.949532 -0.093559
vn -0.270833 0.956261 -0.110520
vn -0.089063 0.991379 -0.096098
vn 0.149891 0.988542 0.017827
vn 0.294371 0.939249 0.176515
vn 0.371919 0.882265 0.288592
vn 0.351214 0.871940 0.341131
vn 0.278764 0.889832 0.361234
vn 0.246966 0.888213 0.387409
vn 0.311591 0.838357 0.447290
vn 0.359821 0.746664 0.559484
vn 0.397878 0.556092 0.729695
vn 0.431930 0.281649 0.856802
vn 0.374349 0.206587 0.903983
vn 0.119732 0.434600 0.892630
vn 0.063967 0.606388 0.792592
vn 0.061175 0.694332 0.717050
vn 0.017244 0.756218 0.654093
vn 0.072897 0.778352 0.623581
vn 0.014704 0.773165 0.634034
vn 0.013399 0.670716 0.741593
vn -0.007304 0.509383 0.860509
vn -0.000541 0.327954 0.944694
vn 0.016934 0.148090 0.988829
vn 0.028242 -0.047678 0.998464
vn -0.155116 0.019106 0.987711
vn 0.010099 0.061320 0.998067
vn 0.366002 0.070513 0.927939
vn 0.547719 0.238139 0.802056
vn 0.665771 0.279402 0.691869
vn -0.309855 0.465323 -0.829135
vn -0.050050 0.505759 -0.861222
vn -0.771614 0.345159 -0.534300
vn -0.688752 0.699346 -0.191144
vn -0.244359 0.969669 0.005589
vn -0.146611 0.983518 0.105818
vn -0.200802 0.946655 0.252037
vn -0.183227 0.894297 0.408241
vn -0.162752 0.835806 0.524347
vn -0.144635 0.783980 0.603702
vn -0.120909 0.731893 0.670607
vn -0.074467 0.679965 0.729454
vn -0.046986 0.633269 0.772504
vn -0.320539 0.558388 0.765152
vn 0.051272 0.618163 0.784376
vn 0.332429 0.624273 0.706948
vn 0.092642 0.704815 0.703316
vn 0.304867 0.761903 0.571454
vn 0.322946 0.791623 0.518690
vn 0.196661 0.822402 0.533835
vn 0.139317 0.849242 0.509292
vn 0.158218 0.892628 0.422118
vn 0.073448 0.918369 0.388849
vn -0.263294 0.819011 0.509801
vn -0.574905 0.560001 0.596559
vn -0.658657 0.489494 0.571461
vn -0.609233 0.673683 0.418314
vn -0.492803 0.852679 0.173449
vn -0.385892 0.922467 0.011936
vn -0.319474 0.947066 -0.031656
vn -0.303571 0.952276 -0.031872
vn -0.301167 0.952717 -0.040352
vn -0.261141 0.963651 -0.056416
vn -0.113341 0.992730 -0.040500
vn 0.061829 0.997084 0.044731
vn 0.208926 0.961756 0.177132
vn 0.326557 0.901644 0.283547
vn 0.332042 0.880863 0.337385
vn 0.268756 0.891976 0.363524
vn 0.231379 0.896827 0.377047
vn 0.274617 0.872276 0.404623
vn 0.286109 0.831376 0.476399
vn 0.277504 0.736350 0.617074
vn 0.349640 0.517582 0.780936
vn 0.386493 0.316234 0.866383
vn 0.184570 0.380099 0.906344
vn 0.129739 0.504016 0.853894
vn 0.100470 0.627431 0.772163
vn 0.080432 0.733364 0.675062
vn 0.144558 0.807243 0.572243
vn 0.030923 0.866260 0.498636
vn -0.012722 0.843753 0.536581
vn -0.012499 0.785054 0.619302
vn 0.020471 0.706134 0.707782
vn -0.009831 0.589424 0.807764
vn -0.017895 0.380349 0.924670
vn -0.018447 0.240373 0.970505
vn 0.305656 0.144239 0.941153
vn 0.680444 0.156904 0.715806
vn 0.782928 0.341606 0.519932
vn 0.819578 0.382304 0.426774
vn -0.837851 0.247772 -0.486431
vn -0.647607 0.370387 -0.665897
vn -0.974653 0.112135 -0.193590
vn -0.780171 0.622495 -0.061910
vn -0.241020 0.970418 -0.014087
vn -0.207438 0.978207 -0.008991
vn -0.306929 0.949185 0.069587
vn -0.307405 0.924242 0.226449
vn -0.269487 0.880681 0.389586
vn -0.233804 0.823334 0.517163
vn -0.204414 0.760684 0.616097
vn -0.150148 0.698091 0.700089
vn -0.104288 0.635131 0.765331
vn -0.320431 0.556910 0.766273
vn 0.055750 0.618734 0.783620
vn 0.367657 0.623151 0.690298
vn 0.197784 0.712942 0.672752
vn 0.355707 0.759403 0.544775
vn 0.333723 0.788505 0.516613
vn 0.223614 0.830198 0.510655
vn 0.207257 0.891751 0.402274
vn 0.206420 0.936707 0.282791
vn 0.013211 0.926850 0.375201
vn -0.368621 0.730655 0.574684
vn -0.591318 0.538118 0.600643
vn -0.592415 0.658055 0.464766
vn -0.465157 0.859603 0.211451
vn -0.378040 0.925482 0.023853
vn -0.349499 0.936393 -0.031897
vn -0.322643 0.946237 -0.023199
vn -0.307453 0.951475 -0.012975
vn -0.295544 0.955201 -0.015677
vn -0.242658 0.969426 -0.036463
vn -0.119557 0.991768 -0.045854
vn -0.009609 0.999773 0.019004
vn 0.124867 0.980028 0.154769
vn 0.280419 0.920958 0.270557
vn 0.308631 0.891991 0.330303
vn 0.251129 0.895999 0.366224
vn 0.217584 0.892364 0.395404
vn 0.249451 0.871155 0.422922
vn 0.247167 0.858714 0.448909
vn 0.202614 0.842210 0.499630
vn 0.258543 0.739258 0.621814
vn 0.340452 0.539426 0.770138
vn 0.210795 0.461576 0.861692
vn 0.185798 0.464943 0.865625
vn 0.163100 0.556617 0.814602
vn 0.175878 0.681771 0.710109
vn 0.197661 0.765566 0.612242
vn 0.016605 0.836610 0.547548
vn -0.038553 0.851957 0.522190
vn -0.009302 0.853719 0.520650
vn 0.002271 0.829825 0.558019
vn -0.054805 0.775235 0.629291
vn -0.056707 0.672573 0.737855
vn 0.160716 0.576471 0.801156
vn 0.665668 0.404945 0.626823
vn 0.907273 0.286804 0.307569
vn 0.874885 0.423698 0.234641
vn 0.858887 0.463574 0.217745
vn -0.996088 0.077828 -0.041862
vn -0.982812 0.164728 -0.083336
vn -0.998363 0.053584 -0.020018
vn -0.769741 0.637545 -0.032160
vn -0.212946 0.976705 -0.026490
vn -0.219530 0.974044 -0.055180
vn -0.370264 0.927815 -0.045421
vn -0.413783 0.908726 0.054782
vn -0.389431 0.896460 0.211431
vn -0.350192 0.860516 0.369969
vn -0.317283 0.798670 0.511330
vn -0.259635 0.723644 0.639476
vn -0.195931 0.639748 0.743191
vn -0.316107 0.562087 0.764287
vn 0.066148 0.627801 0.775558
vn 0.405947 0.631173 0.660929
vn 0.310106 0.718907 0.622098
vn 0.398688 0.765458 0.505095
vn 0.355167 0.811286 0.464405
vn 0.296017 0.881373 0.368179
vn 0.282111 0.933430 0.221635
vn 0.179404 0.946606 0.267866
vn -0.114487 0.848011 0.517466
vn -0.427603 0.639275 0.639127
vn -0.535342 0.656260 0.531726
vn -0.440597 0.855283 0.272699
vn -0.341973 0.937223 0.068324
vn -0.343560 0.939109 0.006378
vn -0.355825 0.934517 0.008132
vn -0.330222 0.943814 0.012966
vn -0.310734 0.950417 0.012355
vn -0.290598 0.956820 0.006967
vn -0.216062 0.976274 -0.014376
vn -0.109126 0.993215 -0.040205
vn -0.071073 0.997425 -0.009614
vn 0.036306 0.992953 0.112814
vn 0.227936 0.942520 0.244339
vn 0.281440 0.906107 0.315851
vn 0.226439 0.905854 0.357987
vn 0.195013 0.896760 0.397230
vn 0.231425 0.872283 0.430772
vn 0.235061 0.862408 0.448329
vn 0.178590 0.872253 0.455281
vn 0.179442 0.842447 0.508019
vn 0.245457 0.728244 0.639853
vn 0.190824 0.617226 0.763294
vn 0.191867 0.520702 0.831900
vn 0.230118 0.513873 0.826426
vn 0.281892 0.617602 0.734238
vn 0.226513 0.728881 0.646084
vn 0.019408 0.810737 0.585089
vn -0.038147 0.832487 0.552730
vn -0.029396 0.828287 0.559533
vn -0.047553 0.812687 0.580757
vn -0.086201 0.801567 0.591658
vn -0.028852 0.807445 0.589237
vn 0.391789 0.774270 0.496999
vn 0.849316 0.491868 0.191644
vn 0.928994 0.365669 0.057060
vn 0.882536 0.462722 0.083782
vn 0.856862 0.507643 0.089921
vn -0.994737 0.066251 0.078159
vn -0.985827 0.121559 0.115622
vn -0.995741 0.092191 0.000059
vn -0.746155 0.665136 -0.029097
vn -0.189018 0.981876 -0.013819
vn -0.203137 0.977704 -0.053206
vn -0.389928 0.915883 -0.095477
vn -0.478197 0.875891 -0.064369
vn -0.486928 0.872192 0.046723
vn -0.463885 0.863581 0.197583
vn -0.445482 0.821944 0.354900
vn -0.406034 0.750924 0.520815
vn -0.336540 0.653126 0.678357
vn -0.341173 0.565304 0.751021
vn 0.103957 0.631306 0.768535
vn 0.469127 0.645366 0.602845
vn 0.415543 0.732233 0.539592
vn 0.443568 0.785784 0.431034
vn 0.409539 0.844642 0.344758
vn 0.375996 0.897535 0.230342
vn 0.277428 0.921998 0.270099
vn 0.068136 0.855980 0.512500
vn -0.203172 0.710608 0.673616
vn -0.394731 0.691292 0.605229
vn -0.387018 0.850677 0.355761
vn -0.309693 0.940574 0.139322
vn -0.310846 0.947042 0.080541
vn -0.352695 0.932269 0.080502
vn -0.358491 0.930896 0.070124
vn -0.329453 0.942535 0.055567
vn -0.310557 0.949464 0.045525
vn -0.281348 0.959078 0.031812
vn -0.185993 0.982538 0.005066
vn -0.087461 0.995751 -0.028813
vn -0.114858 0.993071 -0.024858
vn -0.051520 0.995898 0.074382
vn 0.164269 0.962878 0.214200
vn 0.249903 0.920622 0.300007
vn 0.199621 0.917433 0.344191
vn 0.166826 0.907526 0.385443
vn 0.209896 0.878086 0.430010
vn 0.224637 0.860091 0.458019
vn 0.175105 0.868471 0.463785
vn 0.139608 0.869019 0.474674
vn 0.165847 0.825681 0.539209
vn 0.135875 0.751713 0.645342
vn 0.155915 0.641689 0.750950
vn 0.297162 0.554958 0.776992
vn 0.380309 0.588131 0.713770
vn 0.246954 0.708880 0.660683
vn 0.029818 0.788865 0.613843
vn -0.042979 0.809554 0.585469
vn -0.049214 0.809113 0.585589
vn -0.071197 0.802941 0.591791
vn -0.096966 0.795859 0.597667
vn 0.048304 0.820930 0.568982
vn 0.542373 0.733300 0.410003
vn 0.892872 0.427972 0.140070
vn 0.931632 0.362473 0.026001
vn 0.887212 0.460889 -0.020886
vn 0.861727 0.503381 -0.063516
vn -0.992429 0.105642 0.062652
vn -0.983623 0.154425 0.092946
vn -0.989884 0.141844 -0.003125
vn -0.726196 0.687065 -0.024090
vn -0.171957 0.985099 -0.003183
vn -0.178682 0.983282 -0.035052
vn -0.382011 0.919718 -0.090483
vn -0.503284 0.856984 -0.110829
vn -0.547931 0.834041 -0.064400
vn -0.549947 0.833987 0.044996
vn -0.553904 0.812069 0.183668
vn -0.555438 0.755731 0.346929
vn -0.525506 0.649367 0.549696
vn -0.443218 0.523516 0.727660
vn 0.190775 0.614237 0.765714
vn 0.570360 0.642995 0.511124
vn 0.498841 0.752709 0.429636
vn 0.490743 0.802249 0.339953
vn 0.463595 0.843372 0.271666
vn 0.392533 0.874265 0.285621
vn 0.175559 0.867167 0.466047
vn -0.044229 0.769770 0.636787
vn -0.189992 0.753834 0.628997
vn -0.274686 0.854291 0.441287
vn -0.271913 0.921300 0.277974
vn -0.282847 0.926394 0.248579
vn -0.306104 0.925324 0.223777
vn -0.343207 0.925079 0.162596
vn -0.346600 0.930690 0.116980
vn -0.323307 0.941543 0.094709
vn -0.303798 0.949581 0.077471
vn -0.263076 0.963391 0.051662
vn -0.152659 0.988128 0.017251
vn -0.063097 0.997834 -0.018598
vn -0.143180 0.989243 -0.029969
vn -0.129747 0.990578 0.043826
vn 0.090847 0.979048 0.182240
vn 0.211790 0.935357 0.283289
vn 0.174874 0.927171 0.331321
vn 0.135400 0.918897 0.370534
vn 0.179409 0.887862 0.423690
vn 0.207386 0.860445 0.465431
vn 0.168279 0.858478 0.484456
vn 0.122166 0.860674 0.494282
vn 0.120084 0.845543 0.520229
vn 0.085308 0.819646 0.566484
vn 0.133890 0.769455 0.624509
vn 0.354310 0.671384 0.650928
vn 0.438531 0.625933 0.644902
vn 0.252745 0.707788 0.659663
vn 0.035664 0.770369 0.636600
vn -0.044693 0.791943 0.608957
vn -0.058537 0.796789 0.601416
vn -0.090090 0.792283 0.603466
vn -0.098663 0.790369 0.604634
vn 0.141656 0.801672 0.580738
vn 0.663993 0.638278 0.389505
vn 0.929831 0.353756 0.101344
vn 0.941016 0.338174 -0.011256
vn 0.906949 0.413112 -0.082355
vn 0.893429 0.425174 -0.144956
vn -0.985964 0.146149 0.080720
vn -0.974776 0.187149 0.121603
vn -0.982296 0.187268 0.005004
vn -0.708188 0.705733 -0.020272
vn -0.158407 0.987358 -0.005664
vn -0.161943 0.986475 -0.025340
vn -0.367272 0.927810 -0.065421
vn -0.503015 0.858453 -0.100176
vn -0.575647 0.811146 -0.103307
vn -0.602713 0.796302 -0.051382
vn -0.624746 0.779656 0.042771
vn -0.660318 0.733236 0.162312
vn -0.721386 0.599390 0.346891
vn -0.604160 0.579212 0.547270
vn 0.156509 0.768582 0.620312
vn 0.671138 0.627400 0.394896
vn 0.553112 0.770483 0.316895
vn 0.520735 0.808065 0.275439
vn 0.477251 0.832027 0.282775
vn 0.357707 0.865384 0.350935
vn 0.124399 0.909476 0.396709
vn -0.065132 0.935822 0.346402
vn -0.147417 0.950166 0.274688
vn -0.212275 0.939780 0.267867
vn -0.282149 0.899673 0.333138
vn -0.282752 0.883651 0.373111
vn -0.260432 0.912097 0.316629
vn -0.305417 0.926365 0.220382
vn -0.333243 0.928182 0.165615
vn -0.314076 0.938312 0.144660
vn -0.286013 0.951496 0.113365
vn -0.235910 0.969196 0.070750
vn -0.120394 0.992179 0.032965
vn -0.042005 0.999117 0.000874
vn -0.157851 0.987184 -0.023479
vn -0.192128 0.981163 0.020136
vn 0.012110 0.989052 0.147068
vn 0.164113 0.950788 0.262809
vn 0.151092 0.934946 0.321010
vn 0.104284 0.927967 0.357775
vn 0.141731 0.899856 0.412519
vn 0.181604 0.866166 0.465593
vn 0.150280 0.852649 0.500406
vn 0.102552 0.844693 0.525335
vn 0.089622 0.829043 0.551956
vn 0.078204 0.831178 0.550479
vn 0.164488 0.844493 0.509682
vn 0.374181 0.780490 0.500823
vn 0.423542 0.702579 0.571835
vn 0.234136 0.722031 0.651039
vn 0.039575 0.759666 0.649108
vn -0.039462 0.781061 0.623207
vn -0.064819 0.787694 0.612647
vn -0.105284 0.785245 0.610168
vn -0.076960 0.793601 0.603551
vn 0.256799 0.790740 0.555685
vn 0.777871 0.548377 0.306918
vn 0.956229 0.289590 0.041990
vn 0.948609 0.316318 -0.009140
vn 0.934412 0.356116 0.007426
vn 0.939972 0.341150 0.008313
vn -0.976924 0.194530 0.088188
vn -0.963508 0.233358 0.131134
vn -0.973184 0.229667 0.012861
vn -0.688145 0.725348 -0.018104
vn -0.145192 0.989276 -0.015865
vn -0.155615 0.987356 -0.030189
vn -0.357478 0.932405 -0.053204
vn -0.494355 0.865733 -0.078232
vn -0.581616 0.807734 -0.096383
vn -0.629211 0.772506 -0.085603
vn -0.662339 0.748141 -0.039907
vn -0.711714 0.701978 0.026257
vn -0.823618 0.554383 0.119633
vn -0.679302 0.720087 0.141507
vn 0.240674 0.960834 0.137384
vn 0.724502 0.672414 0.151514
vn 0.567258 0.800669 0.192737
vn 0.519338 0.824005 0.226503
vn 0.459555 0.845060 0.273282
vn 0.347205 0.890997 0.292530
vn 0.183588 0.960972 0.206950
vn 0.008169 0.999019 0.043525
vn -0.122667 0.991280 -0.048144
vn -0.246921 0.969015 -0.006299
vn -0.334604 0.937602 0.094564
vn -0.282294 0.946535 0.156148
vn -0.226972 0.958497 0.172535
vn -0.283392 0.942591 0.176669
vn -0.330374 0.926108 0.182149
vn -0.301272 0.936697 0.178420
vn -0.257867 0.955214 0.145158
vn -0.203357 0.974380 0.096074
vn -0.096637 0.993361 0.062418
vn -0.025280 0.998913 0.039173
vn -0.156516 0.987675 0.000495
vn -0.235339 0.971878 0.008267
vn -0.065732 0.991429 0.112909
vn 0.105016 0.965633 0.237751
vn 0.123557 0.942135 0.311634
vn 0.076293 0.933736 0.349737
vn 0.101313 0.910681 0.400495
vn 0.147031 0.875352 0.460588
vn 0.122261 0.853025 0.507347
vn 0.072834 0.834920 0.545531
vn 0.062874 0.812661 0.579335
vn 0.110672 0.817512 0.565177
vn 0.227739 0.842886 0.487523
vn 0.349095 0.816272 0.460253
vn 0.346277 0.757709 0.553146
vn 0.197628 0.739782 0.643168
vn 0.043255 0.757371 0.651551
vn -0.032435 0.774930 0.631214
vn -0.069866 0.781822 0.619575
vn -0.108352 0.785062 0.609866
vn -0.025665 0.805333 0.592266
vn 0.390522 0.768372 0.507047
vn 0.865811 0.449294 0.220242
vn 0.969327 0.244930 0.020347
vn 0.946123 0.318339 0.059256
vn 0.924726 0.343008 0.165009
vn 0.920796 0.323684 0.217630
vn -0.965326 0.241814 0.098343
vn -0.949980 0.280207 0.137924
vn -0.962801 0.268842 0.027174
vn -0.664798 0.746930 -0.011807
vn -0.130908 0.991105 -0.023978
vn -0.154113 0.987274 -0.039226
vn -0.352891 0.934026 -0.055347
vn -0.488689 0.869678 -0.069594
vn -0.579556 0.810842 -0.081548
vn -0.639760 0.763984 -0.083879
vn -0.680744 0.729369 -0.067878
vn -0.727865 0.684204 -0.045570
vn -0.820679 0.564889 -0.085945
vn -0.626917 0.719344 -0.299200
vn 0.194194 0.907478 -0.372521
vn 0.645065 0.754896 -0.118419
vn 0.532867 0.841511 0.088948
vn 0.492025 0.854263 0.167769
vn 0.435435 0.871001 0.227494
vn 0.356311 0.898492 0.256427
vn 0.244707 0.941092 0.233375
vn 0.086520 0.984919 0.149830
vn -0.086795 0.995957 0.023156
vn -0.240981 0.964793 -0.105370
vn -0.321008 0.928476 -0.186779
vn -0.273928 0.944800 -0.179769
vn -0.233376 0.966209 -0.109437
vn -0.302304 0.952939 -0.022793
vn -0.341372 0.938734 0.047365
vn -0.293578 0.952272 0.083603
vn -0.235678 0.967520 0.091434
vn -0.178528 0.980416 0.083146
vn -0.084850 0.993295 0.078520
vn -0.011688 0.997432 0.070653
vn -0.141983 0.989389 0.030816
vn -0.258844 0.965837 0.012621
vn -0.135255 0.986970 0.087157
vn 0.036398 0.977050 0.209876
vn 0.088123 0.950147 0.299092
vn 0.051045 0.937690 0.343704
vn 0.061289 0.918362 0.390967
vn 0.103819 0.883999 0.455816
vn 0.088651 0.855358 0.510396
vn 0.029296 0.828554 0.559143
vn 0.032593 0.793083 0.608241
vn 0.160716 0.787943 0.594404
vn 0.287064 0.809231 0.512581
vn 0.312712 0.812742 0.491591
vn 0.263825 0.783691 0.562339
vn 0.157219 0.759248 0.631526
vn 0.043319 0.761022 0.647278
vn -0.027574 0.771956 0.635078
vn -0.070386 0.779560 0.622360
vn -0.093063 0.791812 0.603634
vn 0.055362 0.819502 0.570396
vn 0.526990 0.726544 0.440926
vn 0.920482 0.358900 0.154607
vn 0.970798 0.232975 0.057213
vn 0.918555 0.346074 0.191022
vn 0.887994 0.345691 0.303256
vn 0.888763 0.317900 0.330213
vn -0.951992 0.284706 0.112489
vn -0.934795 0.322359 0.149142
vn -0.950848 0.306494 0.044151
vn -0.637644 0.770310 -0.005724
vn -0.115188 0.992779 -0.033495
vn -0.154836 0.986780 -0.047865
vn -0.349454 0.935096 -0.058964
vn -0.487624 0.870359 -0.068544
vn -0.578601 0.812391 -0.072405
vn -0.643220 0.762064 -0.074341
vn -0.688633 0.721595 -0.071312
vn -0.727015 0.682485 -0.075262
vn -0.750231 0.641794 -0.158916
vn -0.565403 0.744890 -0.354201
vn 0.089292 0.919799 -0.382095
vn 0.475714 0.872987 -0.107654
vn 0.485204 0.873376 0.042321
vn 0.453666 0.883971 0.113061
vn 0.401964 0.896541 0.186118
vn 0.338113 0.904566 0.259692
vn 0.249228 0.916498 0.312916
vn 0.128445 0.944021 0.303852
vn -0.018031 0.979368 0.201277
vn -0.168327 0.985421 0.024715
vn -0.270547 0.950191 -0.154733
vn -0.274829 0.931525 -0.238180
vn -0.267729 0.940141 -0.210846
vn -0.324220 0.931786 -0.163266
vn -0.345696 0.928574 -0.135072
vn -0.295517 0.950621 -0.094816
vn -0.234243 0.971069 -0.046430
vn -0.173060 0.984871 -0.008900
vn -0.076430 0.997018 0.010650
vn -0.009668 0.999564 0.027913
vn -0.138044 0.989761 0.036286
vn -0.265887 0.963509 0.030899
vn -0.190527 0.978775 0.075492
vn -0.036461 0.982058 0.185022
vn 0.044291 0.957971 0.283425
vn 0.026318 0.941651 0.335561
vn 0.019823 0.922956 0.384394
vn 0.050440 0.887428 0.458177
vn 0.057617 0.855070 0.515302
vn -0.010524 0.837332 0.546594
vn 0.028797 0.820604 0.570771
vn 0.239960 0.809649 0.535619
vn 0.338268 0.817215 0.466620
vn 0.281838 0.833137 0.475867
vn 0.200263 0.811826 0.548483
vn 0.117500 0.780557 0.613942
vn 0.035633 0.768463 0.638901
vn -0.025453 0.771071 0.636241
vn -0.062689 0.780526 0.621972
vn -0.054739 0.803468 0.592826
vn 0.162016 0.827530 0.537536
vn 0.648606 0.665954 0.368532
vn 0.945247 0.299107 0.130549
vn 0.952520 0.262939 0.153524
vn 0.878424 0.376313 0.294548
vn 0.908640 0.341604 0.240168
vn 0.942289 0.305540 0.136881
vn -0.937877 0.325538 0.120050
vn -0.918967 0.362111 0.156126
vn -0.937537 0.344044 0.051550
vn -0.606580 0.795022 -0.000349
vn -0.099433 0.994543 -0.031594
vn -0.155794 0.986671 -0.047005
vn -0.345328 0.936693 -0.057922
vn -0.488289 0.870179 -0.066051
vn -0.579676 0.812070 -0.067218
vn -0.643907 0.762040 -0.068402
vn -0.689541 0.720701 -0.071577
vn -0.719861 0.689565 -0.079371
vn -0.714971 0.693205 -0.091010
vn -0.536849 0.837690 -0.100341
vn -0.015060 0.996466 -0.082641
vn 0.385364 0.922283 -0.029829
vn 0.446797 0.894374 0.021633
vn 0.415020 0.906597 0.076420
vn 0.360026 0.921831 0.143560
vn 0.296987 0.928762 0.221813
vn 0.226790 0.930200 0.288609
vn 0.150249 0.941104 0.302900
vn 0.052686 0.970059 0.237087
vn -0.078529 0.991631 0.102475
vn -0.204901 0.977968 -0.039925
vn -0.273096 0.954189 -0.122233
vn -0.300283 0.943863 -0.137670
vn -0.334069 0.932201 -0.139283
vn -0.350387 0.925053 -0.146646
vn -0.315127 0.940385 -0.127952
vn -0.252561 0.963565 -0.088063
vn -0.175791 0.982334 -0.064165
vn -0.066990 0.995975 -0.059547
vn -0.040802 0.998960 -0.020354
vn -0.165841 0.985130 0.044891
vn -0.261076 0.963455 0.059955
vn -0.230866 0.969681 0.080129
vn -0.110699 0.978162 0.175912
vn -0.006015 0.959929 0.280180
vn 0.001781 0.942093 0.335346
vn -0.026411 0.922994 0.383908
vn 0.001614 0.893174 0.449709
vn 0.048575 0.874048 0.483406
vn -0.006732 0.883593 0.468207
vn 0.089214 0.900058 0.426540
vn 0.327069 0.872707 0.362503
vn 0.359608 0.865452 0.348818
vn 0.243055 0.876350 0.415854
vn 0.141728 0.849976 0.507399
vn 0.074763 0.808331 0.583962
vn 0.017260 0.780084 0.625437
vn -0.025776 0.772155 0.634911
vn -0.043768 0.783169 0.620267
vn 0.008504 0.814690 0.579835
vn 0.285359 0.819194 0.497485
vn 0.741895 0.595221 0.308713
vn 0.947534 0.281469 0.151505
vn 0.932272 0.307960 0.189815
vn 0.918109 0.380619 0.110477
vn 0.906230 0.297668 -0.300236
vn 0.802210 0.256792 -0.538996
vn -0.923079 0.366036 0.118080
vn -0.902386 0.402414 0.154153
vn -0.923164 0.381117 0.050186
vn -0.578966 0.815343 0.003880
vn -0.084797 0.996133 -0.022983
vn -0.152592 0.987415 -0.041558
vn -0.340680 0.938595 -0.054552
vn -0.488071 0.870594 -0.062068
vn -0.580773 0.811567 -0.063728
vn -0.643279 0.762908 -0.064522
vn -0.687687 0.722909 -0.066998
vn -0.716675 0.694042 -0.068435
vn -0.715252 0.695743 -0.066006
vn -0.551936 0.831910 -0.057380
vn -0.049813 0.998151 -0.034826
vn 0.357596 0.933872 -0.003000
vn 0.421052 0.906673 0.025687
vn 0.383401 0.921497 0.062025
vn 0.322561 0.940035 0.110859
vn 0.258538 0.951549 0.166470
vn 0.202535 0.955159 0.215991
vn 0.154809 0.957274 0.244257
vn 0.092380 0.968047 0.233132
vn -0.015418 0.985631 0.168209
vn -0.152003 0.986026 0.068180
vn -0.255308 0.966724 -0.016198
vn -0.307247 0.950004 -0.055606
vn -0.338568 0.938653 -0.065586
vn -0.356564 0.931699 -0.069282
vn -0.334669 0.940144 -0.064237
vn -0.269015 0.961860 -0.049562
vn -0.170671 0.984178 -0.047594
vn -0.062311 0.996702 -0.051976
vn -0.105386 0.994430 -0.001929
vn -0.211279 0.974030 0.081400
vn -0.243881 0.965385 0.092484
vn -0.259230 0.961709 0.088969
vn -0.176411 0.970971 0.161539
vn -0.051932 0.966995 0.249446
vn -0.021279 0.952418 0.304051
vn -0.053100 0.941650 0.332379
vn -0.001322 0.939355 0.342944
vn 0.073919 0.938887 0.336195
vn 0.048475 0.954389 0.294605
vn 0.181508 0.957350 0.224803
vn 0.375792 0.909273 0.178896
vn 0.337535 0.915873 0.217362
vn 0.188290 0.928149 0.321072
vn 0.080251 0.897071 0.434538
vn 0.019646 0.845045 0.534334
vn -0.016225 0.798336 0.601994
vn -0.031448 0.774651 0.631606
vn -0.012314 0.783026 0.621867
vn 0.093633 0.815180 0.571589
vn 0.412599 0.786107 0.460215
vn 0.804447 0.528696 0.270823
vn 0.946859 0.285787 0.147595
vn 0.954634 0.293034 0.052965
vn 0.935830 0.242439 -0.255823
vn 0.847197 0.161088 -0.506269
vn 0.807567 0.198194 -0.555478
vn -0.907675 0.405552 0.107949
vn -0.884458 0.444298 0.142598
vn -0.908591 0.415219 0.045337
vn -0.555210 0.831702 0.003659
vn -0.070127 0.997265 -0.023328
vn -0.145533 0.988415 -0.043089
vn -0.335776 0.940353 -0.054694
vn -0.486389 0.871667 -0.060182
vn -0.581045 0.811609 -0.060650
vn -0.642664 0.763860 -0.059170
vn -0.686649 0.724674 -0.057971
vn -0.717292 0.694543 -0.055703
vn -0.719059 0.693094 -0.050743
vn -0.568914 0.821565 -0.036983
vn -0.080093 0.996762 -0.007118
vn 0.338107 0.940803 0.023958
vn 0.405168 0.913107 0.045559
vn 0.362050 0.929702 0.067631
vn 0.296761 0.950081 0.096331
vn 0.232657 0.963845 0.129897
vn 0.181552 0.969389 0.165300
vn 0.143579 0.969614 0.198077
vn 0.100583 0.971317 0.215470
vn 0.018181 0.980309 0.196629
vn -0.108523 0.984786 0.135717
vn -0.228106 0.971513 0.064270
vn -0.301490 0.953290 0.018474
vn -0.338994 0.940784 -0.002900
vn -0.354016 0.935032 -0.019699
vn -0.336737 0.941032 -0.032671
vn -0.272676 0.961541 -0.032952
vn -0.162686 0.986263 -0.028610
vn -0.064693 0.997667 -0.021807
vn -0.166730 0.985952 0.009965
vn -0.245577 0.967463 0.060894
vn -0.221381 0.972641 0.070424
vn -0.272637 0.960344 0.058378
vn -0.212491 0.973244 0.087425
vn -0.073671 0.988826 0.129601
vn -0.034081 0.986160 0.162254
vn -0.041783 0.984094 0.172665
vn 0.037695 0.987217 0.154857
vn 0.115569 0.985414 0.124911
vn 0.119090 0.990045 0.075025
vn 0.248107 0.968207 0.031921
vn 0.377196 0.924980 0.046206
vn 0.291413 0.949489 0.116403
vn 0.127294 0.968249 0.215150
vn 0.013391 0.943967 0.329768
vn -0.051787 0.889707 0.453585
vn -0.076950 0.822559 0.563450
vn -0.045590 0.776676 0.628249
vn 0.031577 0.780410 0.624471
vn 0.183696 0.798105 0.573833
vn 0.528741 0.717619 0.453272
vn 0.857491 0.457714 0.234963
vn 0.967113 0.252841 0.027647
vn 0.959261 0.180056 -0.217710
vn 0.923184 0.144022 -0.356355
vn 0.966796 0.228104 -0.115215
vn 0.940281 0.309235 0.142287
vn -0.892515 0.442038 0.089558
vn -0.865265 0.486558 0.120737
vn -0.895493 0.443582 0.036423
vn -0.534537 0.845141 0.002671
vn -0.053895 0.998260 -0.023934
vn -0.135820 0.989575 -0.047903
vn -0.330637 0.941828 -0.060332
vn -0.484719 0.872493 -0.061676
vn -0.581365 0.811598 -0.057646
vn -0.642924 0.764120 -0.052625
vn -0.686964 0.725073 -0.048471
vn -0.719033 0.693561 -0.044326
vn -0.723185 0.689616 -0.037848
vn -0.585566 0.810394 -0.019335
vn -0.113310 0.993356 0.020116
vn 0.316880 0.946773 0.056639
vn 0.395201 0.915507 0.075259
vn 0.352122 0.932264 0.083030
vn 0.283298 0.954633 0.091754
vn 0.217012 0.970266 0.107191
vn 0.164487 0.977789 0.129896
vn 0.127067 0.979078 0.158934
vn 0.092241 0.978068 0.186748
vn 0.029530 0.980392 0.194833
vn -0.079380 0.982636 0.167708
vn -0.201559 0.972464 0.116993
vn -0.289223 0.954467 0.073090
vn -0.333089 0.941703 0.047411
vn -0.344689 0.938310 0.027629
vn -0.329118 0.944263 0.006912
vn -0.271069 0.962549 -0.004545
vn -0.162377 0.986729 -0.000103
vn -0.068644 0.997611 0.007709
vn -0.178826 0.983767 -0.014997
vn -0.246473 0.968188 -0.043174
vn -0.210766 0.976660 -0.041392
vn -0.273813 0.961256 -0.031817
vn -0.215524 0.976229 -0.022925
vn -0.071262 0.997376 -0.012795
vn -0.035548 0.999367 -0.001607
vn -0.027084 0.999550 0.012929
vn 0.063628 0.997574 0.028240
vn 0.143693 0.989301 0.025234
vn 0.160288 0.987068 -0.002112
vn 0.265316 0.964069 -0.013338
vn 0.353999 0.935188 0.010401
vn 0.251818 0.966543 0.048811
vn 0.083262 0.991533 0.099650
vn -0.051647 0.980515 0.189535
vn -0.138298 0.934560 0.327829
vn -0.194852 0.838155 0.509440
vn -0.045092 0.785317 0.617450
vn 0.127673 0.811341 0.570460
vn 0.270911 0.819903 0.504348
vn 0.633289 0.645348 0.427165
vn 0.915135 0.350080 0.199929
vn 0.986728 0.146642 -0.069735
vn 0.971803 0.091411 -0.217353
vn 0.972086 0.233452 -0.023425
vn 0.729852 0.378170 0.569476
vn 0.494404 0.355577 0.793177
vn -0.878835 0.472872 0.063572
vn -0.845946 0.525817 0.088839
vn -0.885368 0.464270 0.024010
vn -0.518093 0.855324 0.001027
vn -0.036124 0.999088 -0.022777
vn -0.121050 0.991342 -0.050880
vn -0.324259 0.943617 -0.066659
vn -0.484594 0.872362 -0.064443
vn -0.582698 0.810833 -0.054898
vn -0.643722 0.763805 -0.047152
vn -0.687774 0.724703 -0.042104
vn -0.721488 0.691464 -0.036507
vn -0.729687 0.683355 -0.024130
vn -0.603637 0.797241 0.005450
vn -0.150307 0.986950 0.057778
vn 0.293441 0.951208 0.095377
vn 0.392768 0.913869 0.102843
vn 0.354772 0.930383 0.092332
vn 0.279496 0.956434 0.084352
vn 0.208232 0.974052 0.088671
vn 0.152212 0.983072 0.101987
vn 0.111370 0.986107 0.123247
vn 0.077587 0.985641 0.149977
vn 0.025989 0.985052 0.170288
vn -0.065711 0.983768 0.166983
vn -0.180618 0.973963 0.137015
vn -0.276189 0.955620 0.102520
vn -0.328541 0.940616 0.085455
vn -0.336171 0.938611 0.077456
vn -0.315000 0.947292 0.058414
vn -0.262301 0.964331 0.035546
vn -0.164999 0.985790 0.031514
vn -0.067404 0.997121 0.034741
vn -0.139790 0.989987 -0.019634
vn -0.213303 0.971390 -0.104423
vn -0.210814 0.968348 -0.133637
vn -0.263188 0.954689 -0.138930
vn -0.188174 0.968438 -0.163456
vn -0.055986 0.982764 -0.176185
vn -0.036632 0.986590 -0.159055
vn -0.031537 0.991842 -0.123514
vn 0.057161 0.995587 -0.074432
vn 0.138038 0.990270 -0.017659
vn 0.156885 0.987200 0.028687
vn 0.268405 0.962143 0.047319
vn 0.351834 0.935666 0.027253
vn 0.244586 0.969600 -0.007299
vn 0.073601 0.996908 -0.027510
vn -0.083756 0.996338 -0.017184
vn -0.206103 0.977294 0.049176
vn -0.287482 0.949782 0.123568
vn 0.007777 0.992067 0.125469
vn 0.248153 0.950962 0.184638
vn 0.364434 0.908134 0.206110
vn 0.747405 0.631777 0.205534
vn 0.957636 0.257488 0.128973
vn 0.997573 0.061907 0.031884
vn 0.984440 0.129532 0.118745
vn 0.798327 0.410255 0.440869
vn 0.581445 0.490832 0.648849
vn 0.543106 0.464932 0.699195
vn -0.868020 0.495358 0.034099
vn -0.828493 0.557660 0.051134
vn -0.879256 0.476225 0.010848
vn -0.507412 0.861704 0.000000
vn -0.019899 0.999672 -0.016098
vn -0.099963 0.993991 -0.044591
vn -0.313639 0.947134 -0.067589
vn -0.486331 0.871292 -0.065818
vn -0.584927 0.809383 -0.052530
vn -0.644065 0.763671 -0.044589
vn -0.687971 0.724560 -0.041353
vn -0.725022 0.687822 -0.035276
vn -0.741882 0.670380 -0.014197
vn -0.639696 0.767213 0.046620
vn -0.185220 0.972986 0.137812
vn 0.284692 0.947582 0.145050
vn 0.406941 0.906835 0.109774
vn 0.367006 0.926853 0.079054
vn 0.279752 0.957730 0.067030
vn 0.202917 0.976730 0.069450
vn 0.144752 0.986509 0.076467
vn 0.100750 0.991145 0.086487
vn 0.064132 0.992682 0.102319
vn 0.014403 0.992316 0.122891
vn -0.066092 0.988465 0.136270
vn -0.168531 0.977377 0.127796
vn -0.266513 0.958009 0.105777
vn -0.331007 0.938524 0.098014
vn -0.334597 0.936401 0.105818
vn -0.297623 0.949665 0.097760
vn -0.245285 0.966850 0.070967
vn -0.164789 0.984634 0.057799
vn -0.062903 0.996343 0.057831
vn -0.081003 0.996702 0.004895
vn -0.166575 0.982050 -0.088485
vn -0.209686 0.968150 -0.136814
vn -0.233898 0.956040 -0.176858
vn -0.141723 0.959807 -0.242249
vn -0.035985 0.957941 -0.284701
vn -0.029458 0.952751 -0.302320
vn -0.034030 0.953167 -0.300523
vn 0.046916 0.961343 -0.271329
vn 0.104910 0.973673 -0.202372
vn 0.119691 0.988208 -0.095492
vn 0.277664 0.960600 -0.012269
vn 0.379239 0.925236 -0.010766
vn 0.271920 0.959438 -0.074422
vn 0.100534 0.983562 -0.149995
vn -0.053003 0.972788 -0.225553
vn -0.171383 0.932949 -0.316599
vn -0.179028 0.862784 -0.472813
vn 0.045463 0.853364 -0.519329
vn 0.216621 0.906170 -0.363223
vn 0.398855 0.883647 -0.245119
vn 0.780743 0.603997 -0.160091
vn 0.970351 0.241582 -0.007565
vn 0.988258 0.080102 0.130112
vn 0.927207 0.244743 0.283529
vn 0.823115 0.492492 0.282726
vn 0.885612 0.464119 -0.016896
vn 0.907187 0.334206 -0.255575
vn -0.861447 0.507790 0.007692
vn -0.815560 0.578469 0.015337
vn -0.877624 0.479348 0.001566
vn -0.502893 0.864348 0.001349
vn -0.009343 0.999936 -0.006362
vn -0.072872 0.996826 -0.032050
vn -0.295558 0.953277 -0.062519
vn -0.488741 0.870109 -0.063583
vn -0.586588 0.808336 -0.050071
vn -0.642378 0.765012 -0.045902
vn -0.686102 0.725885 -0.048541
vn -0.728680 0.683265 -0.046641
vn -0.758704 0.651039 -0.022709
vn -0.731849 0.667219 0.138619
vn -0.226579 0.879115 0.419307
vn 0.352106 0.867845 0.350525
vn 0.468468 0.874204 0.127694
vn 0.379669 0.924710 0.027620
vn 0.278043 0.960003 0.032968
vn 0.197279 0.979296 0.045393
vn 0.140632 0.988603 0.053738
vn 0.097181 0.993748 0.054955
vn 0.058503 0.996862 0.053321
vn 0.004862 0.998492 0.054687
vn -0.078789 0.994527 0.068613
vn -0.170510 0.981634 0.085568
vn -0.256430 0.963606 0.075542
vn -0.330345 0.942544 0.049831
vn -0.332906 0.942289 0.035577
vn -0.280288 0.959676 0.021468
vn -0.224513 0.974471 0.000985
vn -0.156524 0.987609 -0.011309
vn -0.053425 0.998499 -0.012092
vn -0.033890 0.998841 -0.034170
vn -0.130770 0.988416 -0.077033
vn -0.201235 0.973504 -0.108601
vn -0.191643 0.968970 -0.156110
vn -0.093856 0.969597 -0.225994
vn -0.010150 0.958703 -0.284228
vn -0.000682 0.940251 -0.340480
vn -0.008465 0.914957 -0.403463
vn 0.051167 0.898489 -0.436004
vn 0.059786 0.913070 -0.403398
vn 0.059188 0.949517 -0.308082
vn 0.257048 0.949061 -0.182235
vn 0.399517 0.910468 -0.106932
vn 0.318140 0.935588 -0.153174
vn 0.151734 0.954608 -0.256320
vn 0.019051 0.929566 -0.368164
vn -0.051898 0.855998 -0.514367
vn -0.033271 0.761981 -0.646744
vn -0.000181 0.744050 -0.668124
vn 0.097610 0.792168 -0.602447
vn 0.341943 0.780268 -0.523695
vn 0.704214 0.623202 -0.340150
vn 0.945588 0.321134 -0.052309
vn 0.991560 0.108484 0.070998
vn 0.975701 0.193423 -0.102936
vn 0.844603 0.258233 -0.469001
vn 0.685580 0.014620 -0.727851
vn 0.606723 -0.127040 -0.784696
vn -0.859916 0.510334 -0.010231
vn -0.809804 0.586591 -0.011352
vn -0.880098 0.474789 -0.001809
vn -0.505387 0.862883 0.004098
vn -0.005093 0.999987 -0.000195
vn -0.042691 0.998828 -0.022818
vn -0.271248 0.961013 -0.053648
vn -0.490176 0.869906 -0.054692
vn -0.585265 0.809559 -0.045592
vn -0.636455 0.769644 -0.050714
vn -0.679377 0.730872 -0.065366
vn -0.726931 0.681927 -0.080916
vn -0.778504 0.624574 -0.061953
vn -0.848128 0.527232 0.052012
vn -0.241198 0.965750 0.095658
vn 0.523726 0.851538 -0.024386
vn 0.571399 0.816758 -0.080054
vn 0.377917 0.920636 -0.098026
vn 0.265247 0.962767 -0.052191
vn 0.182485 0.983197 -0.004741
vn 0.133034 0.990705 0.028392
vn 0.097251 0.994553 0.037491
vn 0.063241 0.997659 0.026028
vn 0.009598 0.999954 -0.000087
vn -0.082801 0.996113 -0.030042
vn -0.170855 0.983718 -0.055737
vn -0.240892 0.966768 -0.085624
vn -0.313971 0.941599 -0.121714
vn -0.321188 0.936350 -0.141729
vn -0.270930 0.953225 -0.134016
vn -0.214801 0.969790 -0.115621
vn -0.148516 0.983525 -0.103057
vn -0.049360 0.994686 -0.090355
vn -0.024918 0.997032 -0.072840
vn -0.122335 0.990307 -0.065772
vn -0.183769 0.979256 -0.085358
vn -0.143879 0.979516 -0.140882
vn -0.044674 0.976197 -0.212237
vn 0.026010 0.961235 -0.274502
vn 0.042144 0.941326 -0.334857
vn 0.044370 0.910882 -0.410274
vn 0.070210 0.880170 -0.469438
vn 0.037440 0.871723 -0.488566
vn 0.013555 0.883648 -0.467956
vn 0.203083 0.902724 -0.379272
vn 0.395689 0.878276 -0.268443
vn 0.360390 0.893505 -0.267896
vn 0.209762 0.911772 -0.353089
vn 0.097823 0.883973 -0.457190
vn 0.044462 0.833010 -0.551469
vn 0.021203 0.794140 -0.607365
vn -0.015218 0.772228 -0.635163
vn 0.054094 0.758365 -0.649581
vn 0.246849 0.777466 -0.578456
vn 0.575886 0.741378 -0.344549
vn 0.900530 0.434379 -0.018974
vn 0.986195 0.097455 0.133875
vn 0.996398 0.084797 -0.000281
vn 0.930893 0.156222 -0.330201
vn 0.874163 0.006949 -0.485584
vn 0.869257 -0.078838 -0.488034
vn -0.863507 0.504042 -0.017236
vn -0.812751 0.582012 -0.026424
vn -0.885117 0.465365 0.001782
vn -0.512508 0.858643 0.008202
vn -0.004348 0.999989 0.001732
vn -0.014081 0.999756 -0.017028
vn -0.246692 0.968318 -0.038784
vn -0.489108 0.871457 -0.036546
vn -0.578194 0.815046 -0.037311
vn -0.623618 0.779585 -0.057858
vn -0.664590 0.741775 -0.089944
vn -0.711288 0.690787 -0.129931
vn -0.782841 0.602111 -0.156916
vn -0.847780 0.468332 -0.248866
vn -0.204235 0.843377 -0.496994
vn 0.597238 0.683911 -0.419014
vn 0.523419 0.751872 -0.400902
vn 0.351535 0.890677 -0.288301
vn 0.233161 0.947853 -0.217282
vn 0.145081 0.981801 -0.122552
vn 0.106336 0.993911 -0.028882
vn 0.089668 0.995655 0.025108
vn 0.071826 0.996944 0.030710
vn 0.029143 0.999572 -0.002382
vn -0.057785 0.996035 -0.067647
vn -0.149096 0.979331 -0.136680
vn -0.222711 0.958269 -0.179223
vn -0.295580 0.933508 -0.202969
vn -0.319238 0.925503 -0.203794
vn -0.286835 0.942425 -0.171931
vn -0.230288 0.964646 -0.128161
vn -0.155372 0.983161 -0.096199
vn -0.060066 0.995590 -0.072063
vn -0.043226 0.997916 -0.047915
vn -0.124109 0.991406 -0.041355
vn -0.155492 0.985269 -0.071188
vn -0.092272 0.986664 -0.134087
vn 0.004788 0.978642 -0.205518
vn 0.066923 0.960547 -0.269947
vn 0.089326 0.937451 -0.336462
vn 0.099723 0.907430 -0.408199
vn 0.099558 0.878552 -0.467155
vn 0.057480 0.852949 -0.518820
vn 0.012413 0.828248 -0.560225
vn 0.154241 0.826303 -0.541695
vn 0.363120 0.816190 -0.449420
vn 0.369650 0.839849 -0.397509
vn 0.254390 0.865997 -0.430505
vn 0.159291 0.851826 -0.499018
vn 0.095756 0.823170 -0.559662
vn 0.043664 0.802269 -0.595364
vn 0.006588 0.787897 -0.615773
vn 0.051627 0.777987 -0.626156
vn 0.138307 0.807492 -0.573436
vn 0.423464 0.814708 -0.396143
vn 0.848021 0.524559 -0.075491
vn 0.969640 0.127039 0.208948
vn 0.952685 0.083645 0.292224
vn 0.965878 0.180094 0.186131
vn 0.995388 0.095736 0.006080
vn 0.996196 0.019842 -0.084847
vn -0.871743 0.489691 -0.016371
vn -0.824300 0.565172 -0.033316
vn -0.890943 0.453993 0.010496
vn -0.520586 0.853689 0.014335
vn -0.004767 0.999983 0.003452
vn 0.007379 0.999941 -0.007952
vn -0.226929 0.973813 -0.013832
vn -0.482534 0.875807 -0.011104
vn -0.562735 0.826126 -0.029071
vn -0.601118 0.796031 -0.070657
vn -0.638925 0.759031 -0.125083
vn -0.674568 0.710203 -0.201420
vn -0.732060 0.598464 -0.325469
vn -0.694651 0.413675 -0.588501
vn 0.070005 0.583943 -0.808770
vn 0.578520 0.594913 -0.558027
vn 0.412255 0.750166 -0.517007
vn 0.309949 0.829198 -0.465147
vn 0.189142 0.887422 -0.420366
vn 0.083364 0.939749 -0.331544
vn 0.042081 0.981890 -0.184717
vn 0.052104 0.997711 -0.043103
vn 0.066787 0.997289 0.030888
vn 0.050104 0.998292 0.030041
vn -0.020565 0.999535 -0.022510
vn -0.120211 0.988924 -0.087056
vn -0.211541 0.968681 -0.130032
vn -0.290964 0.944850 -0.150330
vn -0.330353 0.931622 -0.151480
vn -0.312556 0.941041 -0.129426
vn -0.254403 0.962485 -0.094352
vn -0.169646 0.983488 -0.063016
vn -0.075174 0.996474 -0.037274
vn -0.060170 0.998016 -0.018527
vn -0.116830 0.992867 -0.023794
vn -0.116223 0.990966 -0.066921
vn -0.036527 0.989768 -0.137933
vn 0.055936 0.975679 -0.211949
vn 0.113324 0.953295 -0.279975
vn 0.140290 0.926618 -0.348851
vn 0.148277 0.896662 -0.417145
vn 0.133958 0.869470 -0.475476
vn 0.094631 0.844517 -0.527102
vn 0.048166 0.809098 -0.585697
vn 0.136582 0.778369 -0.612770
vn 0.307592 0.777565 -0.548434
vn 0.345373 0.812038 -0.470439
vn 0.279711 0.837720 -0.469028
vn 0.199807 0.834042 -0.514248
vn 0.126670 0.821050 -0.556625
vn 0.059857 0.811723 -0.580968
vn 0.026828 0.799988 -0.599416
vn 0.060008 0.782799 -0.619374
vn 0.053101 0.804582 -0.591462
vn 0.277448 0.845060 -0.457052
vn 0.785303 0.599390 -0.155020
vn 0.977730 0.172884 0.118975
vn 0.987651 0.027755 0.154192
vn 0.999774 0.021014 0.003327
vn 0.987297 -0.048797 -0.151206
vn 0.974969 -0.081661 -0.206803
vn -0.883904 0.467417 -0.015336
vn -0.843354 0.535910 -0.039427
vn -0.896641 0.442396 0.017917
vn -0.530008 0.847739 0.020714
vn -0.006074 0.999951 0.007780
vn 0.020658 0.999786 0.001154
vn -0.213354 0.976947 0.007357
vn -0.467267 0.884075 0.008560
vn -0.535470 0.844015 -0.030184
vn -0.564569 0.819392 -0.099292
vn -0.596634 0.780738 -0.185678
vn -0.604541 0.734252 -0.308875
vn -0.596895 0.638024 -0.486459
vn -0.491463 0.508756 -0.706846
vn 0.054879 0.551645 -0.832272
vn 0.447932 0.634076 -0.630321
vn 0.361652 0.727910 -0.582542
vn 0.274314 0.772082 -0.573272
vn 0.155365 0.810244 -0.565125
vn 0.028764 0.843957 -0.535639
vn -0.047305 0.900609 -0.432048
vn -0.035974 0.968995 -0.244446
vn 0.018759 0.997954 -0.061120
vn 0.048738 0.998316 0.031446
vn 0.010256 0.999672 0.023488
vn -0.086691 0.995438 -0.039842
vn -0.195419 0.975864 -0.097471
vn -0.287233 0.949839 -0.123704
vn -0.338246 0.932931 -0.123405
vn -0.331934 0.937703 -0.102631
vn -0.275450 0.958760 -0.070047
vn -0.185042 0.981984 -0.038306
vn -0.090630 0.995822 -0.011162
vn -0.069471 0.997578 0.003530
vn -0.096634 0.995213 -0.014625
vn -0.064960 0.995166 -0.073651
vn 0.025063 0.987604 -0.154955
vn 0.111064 0.965898 -0.233892
vn 0.163853 0.938362 -0.304350
vn 0.189884 0.909233 -0.370457
vn 0.191258 0.881634 -0.431442
vn 0.168045 0.858478 -0.484537
vn 0.130008 0.835220 -0.534327
vn 0.095347 0.802634 -0.588801
vn 0.136368 0.779198 -0.611764
vn 0.242154 0.798144 -0.551659
vn 0.313302 0.824852 -0.470596
vn 0.301854 0.829270 -0.470314
vn 0.228645 0.825303 -0.516330
vn 0.146098 0.822979 -0.548963
vn 0.070452 0.822111 -0.564952
vn 0.048750 0.812128 -0.581439
vn 0.081525 0.791597 -0.605580
vn -0.006609 0.805185 -0.592987
vn 0.142210 0.859328 -0.491256
vn 0.711174 0.666317 -0.224172
vn 0.977744 0.199248 0.065706
vn 0.992715 -0.039591 0.113794
vn 0.997749 -0.065979 0.011975
vn 0.999646 -0.023209 -0.012991
vn 0.999648 0.020326 0.017073
vn -0.899354 0.436723 -0.020861
vn -0.868816 0.492278 -0.053106
vn -0.902408 0.430411 0.020127
vn -0.544101 0.838624 0.025762
vn -0.009093 0.999856 0.014305
vn 0.031721 0.999470 0.007272
vn -0.203903 0.978854 0.016390
vn -0.442839 0.896528 0.011433
vn -0.492411 0.868833 -0.051580
vn -0.507479 0.847822 -0.153828
vn -0.530296 0.803223 -0.271329
vn -0.499619 0.758999 -0.417494
vn -0.469087 0.683190 -0.559650
vn -0.409381 0.641161 -0.649091
vn 0.028300 0.726372 -0.686719
vn 0.382359 0.701527 -0.601384
vn 0.339010 0.715773 -0.610525
vn 0.252062 0.742847 -0.620196
vn 0.137721 0.764641 -0.629569
vn 0.009523 0.770049 -0.637914
vn -0.105631 0.779252 -0.617745
vn -0.144507 0.849313 -0.507726
vn -0.090454 0.951483 -0.294105
vn -0.008259 0.996786 -0.079681
vn 0.014246 0.999651 0.022242
vn -0.052730 0.998560 0.009825
vn -0.169215 0.984387 -0.048469
vn -0.279149 0.955911 -0.091163
vn -0.344708 0.933325 -0.100405
vn -0.348849 0.933466 -0.083342
vn -0.295287 0.953962 -0.052548
vn -0.201737 0.979239 -0.019807
vn -0.106698 0.994252 0.008886
vn -0.070214 0.997366 0.018212
vn -0.060356 0.998052 -0.015814
vn -0.000275 0.995661 -0.093051
vn 0.093161 0.978343 -0.184840
vn 0.169295 0.948708 -0.267007
vn 0.213908 0.917448 -0.335459
vn 0.233310 0.889156 -0.393659
vn 0.226919 0.866597 -0.444430
vn 0.198297 0.848786 -0.490143
vn 0.162145 0.829779 -0.534019
vn 0.131973 0.806539 -0.576263
vn 0.123987 0.804096 -0.581427
vn 0.175208 0.837214 -0.518049
vn 0.295172 0.841781 -0.451971
vn 0.331961 0.821153 -0.464231
vn 0.249858 0.822158 -0.511495
vn 0.156517 0.830147 -0.535124
vn 0.076967 0.834923 -0.544958
vn 0.069881 0.826674 -0.558325
vn 0.104866 0.808805 -0.578652
vn -0.044995 0.817575 -0.574061
vn 0.026959 0.866020 -0.499283
vn 0.632696 0.721527 -0.281237
vn 0.975097 0.220707 0.021764
vn 0.988692 -0.093325 0.117383
vn 0.994060 -0.067498 0.085371
vn 0.979537 0.119548 0.161911
vn 0.944296 0.210907 0.252632
vn -0.918506 0.393497 -0.038818
vn -0.899907 0.427700 -0.085093
vn -0.908797 0.416928 0.016128
vn -0.565825 0.824040 0.028313
vn -0.016501 0.999570 0.024248
vn 0.043705 0.998812 0.021574
vn -0.190241 0.981384 0.026363
vn -0.403134 0.915134 -0.003689
vn -0.429811 0.897429 -0.099412
vn -0.427097 0.875189 -0.227229
vn -0.443680 0.821921 -0.357202
vn -0.382564 0.777364 -0.499349
vn -0.371256 0.697619 -0.612777
vn -0.380861 0.646254 -0.661287
vn 0.043715 0.733217 -0.678588
vn 0.382488 0.707421 -0.594356
vn 0.324117 0.723231 -0.609823
vn 0.243052 0.738691 -0.628698
vn 0.126667 0.747795 -0.651735
vn 0.009842 0.745775 -0.666125
vn -0.112405 0.720416 -0.684373
vn -0.203660 0.714818 -0.668998
vn -0.213540 0.803888 -0.555125
vn -0.134071 0.936690 -0.323477
vn -0.045009 0.994419 -0.095417
vn -0.046234 0.998924 0.003768
vn -0.140344 0.990073 -0.007748
vn -0.261521 0.963836 -0.051259
vn -0.345550 0.935485 -0.073912
vn -0.362993 0.929481 -0.065585
vn -0.314549 0.948503 -0.037438
vn -0.220830 0.975308 -0.002822
vn -0.122360 0.992121 0.026919
vn -0.058288 0.997956 0.026192
vn -0.004303 0.999559 -0.029391
vn 0.077567 0.988988 -0.126044
vn 0.165174 0.960296 -0.224832
vn 0.226555 0.925003 -0.305028
vn 0.258459 0.893862 -0.366345
vn 0.267724 0.870201 -0.413612
vn 0.255022 0.853774 -0.453910
vn 0.222710 0.842108 -0.491176
vn 0.187841 0.829390 -0.526145
vn 0.159194 0.811753 -0.561884
vn 0.108351 0.809148 -0.577528
vn 0.132463 0.819029 -0.558252
vn 0.287045 0.802647 -0.522842
vn 0.343087 0.794823 -0.500548
vn 0.258202 0.822460 -0.506844
vn 0.159162 0.842059 -0.515369
vn 0.081574 0.850087 -0.520286
vn 0.086966 0.843662 -0.529784
vn 0.120997 0.831963 -0.541477
vn -0.067047 0.839298 -0.539521
vn -0.060266 0.871782 -0.486173
vn 0.559465 0.763373 -0.322893
vn 0.970327 0.240756 -0.022393
vn 0.985500 -0.111909 0.127536
vn 0.983209 0.014716 0.181890
vn 0.873529 0.335381 0.352798
vn 0.774078 0.406598 0.485265
vn -0.942402 0.323508 -0.084975
vn -0.933394 0.320964 -0.160495
vn -0.917212 0.398399 0.000205
vn -0.599574 0.799958 0.024049
vn -0.036547 0.998644 0.037077
vn 0.053741 0.997446 0.047053
vn -0.160141 0.986424 0.036360
vn -0.336585 0.940873 -0.038316
vn -0.349759 0.922363 -0.164060
vn -0.332594 0.895519 -0.295682
vn -0.348487 0.836858 -0.422167
vn -0.270079 0.789187 -0.551580
vn -0.295470 0.707182 -0.642332
vn -0.367358 0.645261 -0.669841
vn 0.060098 0.728539 -0.682363
vn 0.373697 0.711501 -0.595077
vn 0.302978 0.743725 -0.595884
vn 0.244155 0.757452 -0.605520
vn 0.122326 0.754393 -0.644924
vn 0.009309 0.746023 -0.665855
vn -0.096326 0.719463 -0.687818
vn -0.202602 0.667162 -0.716832
vn -0.275432 0.655823 -0.702875
vn -0.269608 0.767462 -0.581647
vn -0.177804 0.923848 -0.338954
vn -0.103569 0.988004 -0.114553
vn -0.135816 0.990456 -0.023472
vn -0.242129 0.969842 -0.027939
vn -0.339722 0.939212 -0.049699
vn -0.374510 0.926058 -0.046455
vn -0.334601 0.942191 -0.017850
vn -0.243937 0.969546 0.021789
vn -0.134578 0.989539 0.051973
vn -0.025034 0.999187 0.031611
vn 0.075452 0.995566 -0.056177
vn 0.164722 0.971329 -0.171425
vn 0.235628 0.933574 -0.270036
vn 0.277848 0.897542 -0.342372
vn 0.293432 0.871803 -0.392247
vn 0.292410 0.855705 -0.426925
vn 0.276509 0.845054 -0.457632
vn 0.236425 0.843195 -0.482831
vn 0.204741 0.840336 -0.501913
vn 0.191717 0.819059 -0.540728
vn 0.119603 0.794682 -0.595127
vn 0.123309 0.776295 -0.618191
vn 0.263563 0.766400 -0.585803
vn 0.316986 0.787561 -0.528458
vn 0.249588 0.829736 -0.499244
vn 0.155077 0.856781 -0.491810
vn 0.085394 0.866476 -0.491860
vn 0.098096 0.862296 -0.496813
vn 0.126070 0.857868 -0.498166
vn -0.077947 0.865162 -0.495398
vn -0.118635 0.879606 -0.460671
vn 0.501188 0.791896 -0.348873
vn 0.964027 0.258754 -0.060813
vn 0.986882 -0.084517 0.137556
vn 0.979379 0.103809 0.173324
vn 0.902913 0.394026 0.171730
vn 0.890879 0.396022 0.222491
vn -0.952741 0.173762 -0.249180
vn -0.914768 0.116201 -0.386906
vn -0.938380 0.339777 -0.063201
vn -0.639342 0.768627 0.021297
vn -0.070033 0.996036 0.054844
vn 0.065439 0.995685 0.065789
vn -0.107925 0.993554 0.034680
vn -0.240162 0.967315 -0.081383
vn -0.261148 0.938648 -0.225261
vn -0.241775 0.907181 -0.344336
vn -0.251229 0.851925 -0.459466
vn -0.166497 0.798481 -0.578538
vn -0.239343 0.717611 -0.654025
vn -0.352919 0.648719 -0.674249
vn 0.080858 0.719624 -0.689640
vn 0.346881 0.714928 -0.607085
vn 0.262314 0.768640 -0.583424
vn 0.245951 0.790288 -0.561207
vn 0.126968 0.784068 -0.607549
vn 0.008933 0.765058 -0.643899
vn -0.081374 0.739112 -0.668650
vn -0.173586 0.684997 -0.707564
vn -0.270492 0.607756 -0.746637
vn -0.335661 0.595878 -0.729563
vn -0.319246 0.732038 -0.601832
vn -0.233654 0.902629 -0.361479
vn -0.191664 0.969688 -0.151561
vn -0.245127 0.967344 -0.064489
vn -0.336376 0.940325 -0.051390
vn -0.389039 0.920494 -0.036605
vn -0.360168 0.932879 0.003944
vn -0.283822 0.956488 0.067641
vn -0.147526 0.981480 0.122200
vn 0.051030 0.996344 0.068524
vn 0.185899 0.978933 -0.084446
vn 0.251811 0.941540 -0.223817
vn 0.298497 0.901287 -0.313977
vn 0.318126 0.871364 -0.373526
vn 0.315637 0.856724 -0.407919
vn 0.308260 0.848848 -0.429456
vn 0.292019 0.842889 -0.451955
vn 0.243432 0.845200 -0.475793
vn 0.228969 0.829958 -0.508668
vn 0.238251 0.787279 -0.568707
vn 0.144100 0.767557 -0.624573
vn 0.112030 0.774311 -0.622809
vn 0.227087 0.786656 -0.574112
vn 0.280374 0.806461 -0.520587
vn 0.227946 0.843016 -0.487200
vn 0.145117 0.872112 -0.467293
vn 0.088243 0.882522 -0.461917
vn 0.102312 0.881221 -0.461500
vn 0.119958 0.883589 -0.452637
vn -0.082034 0.890614 -0.447299
vn -0.150320 0.890121 -0.430219
vn 0.466233 0.807584 -0.361157
vn 0.957743 0.271742 -0.094263
vn 0.993791 -0.040252 0.103725
vn 0.991863 0.106815 0.069269
vn 0.964056 0.228459 -0.135659
vn 0.965458 0.140460 -0.219458
vn -0.784844 -0.127794 -0.606373
vn -0.632789 -0.199268 -0.748245
vn -0.957166 0.142772 -0.251894
vn -0.730688 0.682464 -0.018373
vn -0.155583 0.986170 0.057112
vn 0.063716 0.994969 0.077306
vn -0.050005 0.997648 0.046880
vn -0.122210 0.988465 -0.089456
vn -0.161833 0.951839 -0.260410
vn -0.165614 0.910776 -0.378233
vn -0.159008 0.865647 -0.474732
vn -0.076306 0.812620 -0.577777
vn -0.195581 0.734641 -0.649654
vn -0.325320 0.657499 -0.679604
vn 0.104380 0.708762 -0.697683
vn 0.300839 0.719248 -0.626242
vn 0.199009 0.788812 -0.581525
vn 0.234287 0.824253 -0.515478
vn 0.134782 0.827717 -0.544719
vn 0.014596 0.804598 -0.593640
vn -0.068514 0.772517 -0.631287
vn -0.142192 0.724344 -0.674616
vn -0.231698 0.639425 -0.733111
vn -0.327942 0.535861 -0.778015
vn -0.381515 0.524671 -0.761030
vn -0.365897 0.674901 -0.640803
vn -0.312307 0.852276 -0.419631
vn -0.303280 0.925101 -0.228492
vn -0.359653 0.923671 -0.132215
vn -0.419051 0.904710 -0.076781
vn -0.422386 0.906059 0.025424
vn -0.315851 0.940746 0.123431
vn -0.090194 0.993378 0.071178
vn 0.162140 0.985947 -0.040245
vn 0.302547 0.941703 -0.147179
vn 0.335009 0.902781 -0.269733
vn 0.347840 0.868167 -0.353968
vn 0.342705 0.853098 -0.393416
vn 0.323675 0.852861 -0.409710
vn 0.317617 0.850683 -0.418877
vn 0.314451 0.835728 -0.450200
vn 0.281328 0.802469 -0.526212
vn 0.277833 0.739505 -0.613141
vn 0.264903 0.705422 -0.657424
vn 0.135865 0.744267 -0.653917
vn 0.082169 0.784684 -0.614427
vn 0.191573 0.800280 -0.568200
vn 0.245802 0.818500 -0.519268
vn 0.196970 0.857230 -0.475772
vn 0.130318 0.886319 -0.444361
vn 0.088951 0.896937 -0.433119
vn 0.099410 0.898990 -0.426538
vn 0.104437 0.906674 -0.408700
vn -0.081715 0.912542 -0.400736
vn -0.157689 0.901933 -0.402057
vn 0.456940 0.810245 -0.367027
vn 0.954232 0.271277 -0.125898
vn 0.998978 -0.013123 0.043260
vn 0.999268 0.036145 0.012531
vn 0.980375 0.040705 -0.192896
vn 0.955417 -0.072272 -0.286279
vn -0.906999 -0.278110 -0.316241
vn -0.781233 -0.339788 -0.523660
vn -0.998499 0.053797 -0.010303
vn -0.792991 0.592665 -0.141120
vn -0.230991 0.892667 -0.387027
vn 0.064526 0.944603 -0.321811
vn 0.001972 0.968059 -0.250714
vn -0.021867 0.959663 -0.280301
vn -0.069459 0.931807 -0.356245
vn -0.108034 0.900408 -0.421419
vn -0.090024 0.873955 -0.477597
vn -0.011476 0.841819 -0.539638
vn -0.146409 0.771185 -0.619546
vn -0.268762 0.669802 -0.692194
vn 0.113325 0.693964 -0.711035
vn 0.236311 0.728467 -0.643034
vn 0.125653 0.798558 -0.588656
vn 0.197601 0.848309 -0.491249
vn 0.131572 0.870478 -0.474296
vn 0.026196 0.856567 -0.515371
vn -0.051557 0.820744 -0.568965
vn -0.113512 0.773221 -0.623894
vn -0.187051 0.699733 -0.689482
vn -0.282039 0.581554 -0.763052
vn -0.368743 0.454584 -0.810791
vn -0.411474 0.436895 -0.799882
vn -0.410592 0.574453 -0.708109
vn -0.398984 0.742564 -0.537969
vn -0.427788 0.823480 -0.372663
vn -0.494699 0.842345 -0.213840
vn -0.546371 0.837484 -0.009946
vn -0.290330 0.956888 0.008615
vn 0.081228 0.988218 -0.129722
vn 0.273241 0.924628 -0.265335
vn 0.378679 0.874404 -0.303348
vn 0.404089 0.849993 -0.337969
vn 0.379791 0.839046 -0.389565
vn 0.349267 0.843498 -0.408072
vn 0.317274 0.858998 -0.401821
vn 0.335455 0.848248 -0.409812
vn 0.378148 0.786294 -0.488616
vn 0.362786 0.691216 -0.624985
vn 0.311644 0.634986 -0.706874
vn 0.239578 0.673710 -0.699083
vn 0.093878 0.755098 -0.648856
vn 0.051350 0.797896 -0.600605
vn 0.163000 0.808898 -0.564902
vn 0.206163 0.830481 -0.517492
vn 0.158705 0.871617 -0.463786
vn 0.112256 0.898706 -0.423942
vn 0.086336 0.909168 -0.407381
vn 0.090100 0.914387 -0.394687
vn 0.082256 0.925300 -0.370207
vn -0.077437 0.929236 -0.361282
vn -0.141282 0.913235 -0.382153
vn 0.474753 0.798716 -0.369679
vn 0.955430 0.254736 -0.149207
vn 0.999955 0.004903 -0.008161
vn 0.999926 -0.011909 0.002379
vn 0.987922 -0.088082 -0.127482
vn 0.956719 -0.210335 -0.201115
vn -0.768633 0.076478 0.635102
vn -0.757101 0.026292 0.652768
vn -0.964278 0.201351 0.172124
vn -0.647726 0.355531 -0.673831
vn -0.083283 0.327777 -0.941077
vn 0.067341 0.337276 -0.938994
vn 0.022597 0.428302 -0.903353
vn 0.000198 0.552668 -0.833402
vn -0.028090 0.637112 -0.770259
vn -0.053882 0.689643 -0.722142
vn -0.039088 0.725181 -0.687448
vn 0.020959 0.764847 -0.643871
vn -0.079415 0.747967 -0.658968
vn -0.175711 0.655601 -0.734379
vn 0.083287 0.673262 -0.734698
vn 0.152429 0.748385 -0.645512
vn 0.068903 0.804477 -0.589974
vn 0.133947 0.856037 -0.499259
vn 0.100913 0.899717 -0.424647
vn 0.035287 0.905054 -0.423831
vn -0.027491 0.876417 -0.480767
vn -0.084615 0.830252 -0.550928
vn -0.143760 0.766211 -0.626302
vn -0.231108 0.666969 -0.708337
vn -0.330954 0.532472 -0.779066
vn -0.402054 0.403765 -0.821782
vn -0.432097 0.368394 -0.823151
vn -0.443918 0.454857 -0.772038
vn -0.474778 0.569190 -0.671274
vn -0.590205 0.619691 -0.517341
vn -0.650995 0.625073 -0.430685
vn -0.287193 0.805809 -0.517873
vn 0.179096 0.847945 -0.498913
vn 0.337354 0.843223 -0.418530
vn 0.401948 0.819869 -0.407740
vn 0.433793 0.807846 -0.399011
vn 0.407375 0.805920 -0.429580
vn 0.359710 0.805354 -0.471183
vn 0.331341 0.798450 -0.502683
vn 0.392315 0.737780 -0.549336
vn 0.465167 0.626274 -0.625620
vn 0.418191 0.570108 -0.707173
vn 0.295175 0.620893 -0.726198
vn 0.184791 0.711636 -0.677810
vn 0.050389 0.782688 -0.620372
vn 0.030494 0.810064 -0.585549
vn 0.138433 0.816331 -0.560749
vn 0.159882 0.844326 -0.511420
vn 0.116990 0.885732 -0.449212
vn 0.092743 0.909379 -0.405498
vn 0.080011 0.919467 -0.384940
vn 0.076638 0.926681 -0.367952
vn 0.057106 0.938338 -0.340970
vn -0.068922 0.940088 -0.333892
vn -0.102378 0.922776 -0.371488
vn 0.515055 0.776127 -0.363794
vn 0.958435 0.245505 -0.145359
vn 0.997981 0.063486 -0.001747
vn 0.997586 -0.009128 0.068844
vn 0.977328 -0.209691 -0.029317
vn 0.921924 -0.369516 -0.116248
vn -0.543196 0.388224 0.744460
vn -0.181174 0.331138 0.926026
vn -0.912465 0.292549 -0.286048
vn -0.385141 0.138423 -0.912417
vn 0.041380 0.072918 -0.996479
vn 0.075951 0.015778 -0.996987
vn -0.010364 0.015037 -0.999833
vn -0.043448 0.083508 -0.995560
vn -0.025018 0.155768 -0.987477
vn 0.000984 0.206840 -0.978374
vn 0.010923 0.265165 -0.964141
vn 0.035643 0.367805 -0.929219
vn -0.005397 0.434972 -0.900428
vn -0.076770 0.439818 -0.894800
vn 0.027844 0.522253 -0.852336
vn 0.076231 0.660854 -0.746633
vn 0.034127 0.747011 -0.663936
vn 0.046699 0.828834 -0.557543
vn 0.034763 0.904041 -0.426029
vn 0.026120 0.934362 -0.355366
vn -0.001310 0.924591 -0.380959
vn -0.053021 0.887543 -0.457663
vn -0.099143 0.832932 -0.544422
vn -0.178134 0.745045 -0.642787
vn -0.294115 0.631539 -0.717394
vn -0.385608 0.523208 -0.759974
vn -0.437750 0.423049 -0.793351
vn -0.455238 0.366760 -0.811323
vn -0.461640 0.361413 -0.810104
vn -0.525379 0.302349 -0.795338
vn -0.513180 0.206382 -0.833099
vn -0.237976 0.270425 -0.932865
vn 0.131247 0.447949 -0.884373
vn 0.343364 0.582614 -0.736656
vn 0.424441 0.645414 -0.635051
vn 0.464591 0.649742 -0.601656
vn 0.454287 0.632266 -0.627585
vn 0.395103 0.605525 -0.690821
vn 0.366887 0.549896 -0.750339
vn 0.420000 0.481135 -0.769486
vn 0.479685 0.455323 -0.750056
vn 0.404391 0.532920 -0.743279
vn 0.235010 0.666336 -0.707648
vn 0.129631 0.761277 -0.635337
vn 0.022837 0.808475 -0.588087
vn 0.020627 0.819888 -0.572152
vn 0.112641 0.826723 -0.551218
vn 0.108000 0.862258 -0.494820
vn 0.076907 0.899797 -0.429476
vn 0.073001 0.918985 -0.387476
vn 0.070273 0.928708 -0.364093
vn 0.062729 0.936311 -0.345525
vn 0.033899 0.946087 -0.322135
vn -0.056425 0.945882 -0.319568
vn -0.044902 0.929948 -0.364939
vn 0.560651 0.755426 -0.339120
vn 0.957250 0.265328 -0.115214
vn 0.997257 0.063355 -0.038265
vn 0.963150 -0.241801 -0.117791
vn 0.719756 -0.585661 -0.372765
vn 0.548115 -0.679821 -0.487250
vn -0.901480 0.406908 0.147511
vn -0.538563 0.503962 0.675258
vn -0.759641 0.198821 -0.619206
vn -0.265052 0.177085 -0.947833
vn 0.107601 0.156067 -0.981868
vn 0.107120 0.075722 -0.991358
vn -0.036822 0.024249 -0.999028
vn -0.071338 0.025085 -0.997137
vn -0.028554 0.033581 -0.999028
vn 0.016520 0.034092 -0.999282
vn 0.019338 0.038454 -0.999073
vn 0.019852 0.069192 -0.997406
vn 0.041568 0.089511 -0.995118
vn -0.006417 0.080798 -0.996710
vn -0.014130 0.159551 -0.987089
vn 0.025786 0.321130 -0.946684
vn 0.007392 0.471386 -0.881896
vn -0.013314 0.605604 -0.795655
vn -0.010517 0.733544 -0.679561
vn 0.020439 0.829141 -0.558666
vn 0.019039 0.877653 -0.478919
vn -0.033216 0.889784 -0.455172
vn -0.066493 0.878294 -0.473475
vn -0.115490 0.819702 -0.561027
vn -0.246657 0.695950 -0.674399
vn -0.357063 0.581314 -0.731150
vn -0.404573 0.491021 -0.771504
vn -0.417030 0.378942 -0.826129
vn -0.393607 0.261606 -0.881270
vn -0.397649 0.131643 -0.908045
vn -0.394090 0.049123 -0.917758
vn -0.249953 0.077103 -0.965183
vn 0.058793 0.130394 -0.989718
vn 0.281672 0.132072 -0.950378
vn 0.356687 0.163388 -0.919825
vn 0.411261 0.225215 -0.883257
vn 0.429413 0.268434 -0.862292
vn 0.386144 0.279923 -0.878940
vn 0.351280 0.285792 -0.891586
vn 0.373793 0.340122 -0.862900
vn 0.429013 0.436474 -0.790847
vn 0.343940 0.584380 -0.734986
vn 0.156336 0.733894 -0.661028
vn 0.088186 0.806112 -0.585156
vn 0.014351 0.828705 -0.559502
vn 0.016152 0.831617 -0.555115
vn 0.078884 0.847151 -0.525464
vn 0.056597 0.885760 -0.460679
vn 0.044080 0.914285 -0.402666
vn 0.053829 0.928711 -0.366876
vn 0.057892 0.938167 -0.341308
vn 0.052050 0.944921 -0.323134
vn 0.020582 0.950122 -0.311199
vn -0.047510 0.948818 -0.312230
vn 0.003358 0.943943 -0.330091
vn 0.582194 0.775817 -0.243224
vn 0.964912 0.249629 -0.081432
vn 0.982038 -0.126924 -0.139612
vn 0.752402 -0.588528 -0.295848
vn 0.443448 -0.769499 -0.459593
vn 0.330704 -0.773391 -0.540833
vn -0.925399 0.097232 -0.366310
vn -0.984484 0.160950 -0.069898
vn -0.662204 0.074761 -0.745585
vn -0.199636 0.157341 -0.967155
vn 0.184280 0.156839 -0.970280
vn 0.156647 0.070320 -0.985148
vn -0.031971 0.001169 -0.999488
vn -0.078990 -0.000016 -0.996875
vn -0.035972 0.030306 -0.998893
vn 0.011055 0.056562 -0.998338
vn 0.005994 0.067386 -0.997709
vn 0.007677 0.066346 -0.997767
vn 0.084459 0.029447 -0.995992
vn 0.029483 -0.046717 -0.998473
vn -0.057741 -0.041105 -0.997485
vn -0.027630 0.061830 -0.997704
vn 0.002612 0.138068 -0.990419
vn 0.010527 0.163993 -0.986405
vn -0.008165 0.240538 -0.970606
vn 0.011157 0.403928 -0.914723
vn 0.016568 0.568660 -0.822406
vn -0.021471 0.678139 -0.734620
vn -0.027077 0.738979 -0.673184
vn -0.043552 0.745059 -0.665575
vn -0.173908 0.672502 -0.719373
vn -0.294131 0.546004 -0.784453
vn -0.316998 0.421687 -0.849525
vn -0.300630 0.283375 -0.910670
vn -0.279960 0.151837 -0.947928
vn -0.345494 0.082386 -0.934798
vn -0.441448 0.113103 -0.890130
vn -0.261350 0.172258 -0.949749
vn 0.147438 0.055283 -0.987525
vn 0.282668 -0.135316 -0.949625
vn 0.231799 -0.143441 -0.962130
vn 0.277851 -0.022432 -0.960362
vn 0.353279 0.088459 -0.931326
vn 0.358306 0.149630 -0.921535
vn 0.302973 0.232620 -0.924173
vn 0.297084 0.360265 -0.884279
vn 0.346379 0.494722 -0.797039
vn 0.250555 0.667939 -0.700771
vn 0.082619 0.795223 -0.600662
vn 0.064781 0.835934 -0.544994
vn 0.016892 0.845842 -0.533166
vn 0.004390 0.854373 -0.519642
vn 0.035069 0.881840 -0.470242
vn 0.016898 0.913290 -0.406960
vn 0.021093 0.930094 -0.366715
vn 0.035042 0.941036 -0.336487
vn 0.043312 0.950632 -0.307283
vn 0.045826 0.956584 -0.287833
vn 0.024310 0.956635 -0.290275
vn -0.043554 0.953175 -0.299268
vn 0.059544 0.941166 -0.332658
vn 0.656720 0.703523 -0.271614
vn 0.991526 0.079546 -0.102705
vn 0.829168 -0.490820 -0.267537
vn 0.484423 -0.780559 -0.395047
vn 0.335774 -0.829145 -0.446962
vn 0.314005 -0.819768 -0.478938
vn -0.863632 -0.136475 -0.485299
vn -0.909249 -0.202256 -0.363811
vn -0.644250 0.010181 -0.764748
vn -0.152476 0.136405 -0.978849
vn 0.256483 0.139757 -0.956391
vn 0.208235 0.055312 -0.976514
vn -0.021654 -0.020623 -0.999553
vn -0.098880 -0.018054 -0.994936
vn -0.059908 0.030507 -0.997738
vn 0.000436 0.067988 -0.997686
vn 0.006813 0.068787 -0.997608
vn 0.024847 0.050240 -0.998428
vn 0.133223 0.024008 -0.990795
vn 0.047450 -0.027917 -0.998483
vn -0.109506 -0.031329 -0.993492
vn -0.071439 0.025823 -0.997111
vn 0.035317 0.029541 -0.998940
vn 0.060103 -0.032012 -0.997679
vn -0.033206 -0.032603 -0.998917
vn -0.039312 0.080949 -0.995943
vn 0.003817 0.189101 -0.981950
vn 0.004614 0.252506 -0.967584
vn 0.013169 0.333637 -0.942610
vn -0.006941 0.436518 -0.899669
vn -0.103543 0.476890 -0.872843
vn -0.183104 0.402796 -0.896788
vn -0.191304 0.274323 -0.942417
vn -0.169163 0.151580 -0.973862
vn -0.202946 0.066224 -0.976948
vn -0.374377 0.052121 -0.925811
vn -0.512550 0.110407 -0.851530
vn -0.201554 0.183164 -0.962199
vn 0.400089 0.018140 -0.916297
vn 0.360612 -0.249246 -0.898797
vn 0.109674 -0.222943 -0.968643
vn 0.150907 -0.059916 -0.986731
vn 0.277256 0.062715 -0.958747
vn 0.329679 0.143167 -0.933175
vn 0.235476 0.257261 -0.937213
vn 0.206312 0.401081 -0.892507
vn 0.230491 0.572910 -0.786542
vn 0.138557 0.755828 -0.639942
vn 0.039945 0.836418 -0.546635
vn 0.050765 0.852378 -0.520456
vn 0.022907 0.857020 -0.514774
vn -0.003699 0.853217 -0.521544
vn 0.001284 0.854047 -0.520195
vn -0.003356 0.852267 -0.523097
vn 0.003189 0.840443 -0.541890
vn 0.011948 0.826600 -0.562663
vn 0.021175 0.806127 -0.591364
vn 0.033262 0.766156 -0.641793
vn 0.027819 0.690502 -0.722796
vn -0.080733 0.605851 -0.791471
vn 0.107505 0.507550 -0.854889
vn 0.691359 0.286762 -0.663167
vn 0.993416 -0.042716 -0.106298
vn 0.874832 -0.459793 0.152508
vn 0.627665 -0.778015 -0.027006
vn 0.462467 -0.855791 -0.231831
vn 0.406350 -0.859080 -0.311226
vn -0.886046 -0.146344 -0.439892
vn -0.919480 -0.219156 -0.326385
vn -0.656305 -0.004223 -0.754484
vn -0.103519 0.107929 -0.988754
vn 0.318348 0.117303 -0.940688
vn 0.253112 0.041827 -0.966532
vn -0.015962 -0.030395 -0.999411
vn -0.130323 -0.024181 -0.991177
vn -0.091594 0.031509 -0.995298
vn -0.003775 0.069466 -0.997577
vn 0.022186 0.059132 -0.998004
vn 0.048451 0.033353 -0.998269
vn 0.160345 0.023957 -0.986770
vn 0.048940 -0.009443 -0.998757
vn -0.137813 -0.030260 -0.989996
vn -0.081130 -0.002449 -0.996701
vn 0.076256 0.011746 -0.997019
vn 0.083733 -0.019486 -0.996298
vn -0.084169 -0.034716 -0.995847
vn -0.087454 0.019800 -0.995972
vn 0.012303 0.054365 -0.998445
vn 0.023386 0.044809 -0.998722
vn 0.001406 0.082863 -0.996560
vn -0.025703 0.172805 -0.984621
vn -0.053165 0.224579 -0.973005
vn -0.072247 0.197060 -0.977726
vn -0.080372 0.126235 -0.988739
vn -0.081961 0.058473 -0.994919
vn -0.195390 0.024934 -0.980409
vn -0.448366 0.043268 -0.892802
vn -0.556255 0.094965 -0.825568
vn -0.089805 0.152240 -0.984255
vn 0.653752 -0.003517 -0.756701
vn 0.459642 -0.231817 -0.857316
vn 0.012060 -0.193722 -0.980982
vn 0.038474 -0.084995 -0.995638
vn 0.179463 0.016221 -0.983631
vn 0.269805 0.124159 -0.954877
vn 0.154667 0.270043 -0.950345
vn 0.108632 0.411802 -0.904775
vn 0.094436 0.553415 -0.827535
vn 0.040686 0.653165 -0.756122
vn 0.017603 0.660974 -0.750203
vn 0.030970 0.622370 -0.782110
vn 0.023520 0.570650 -0.820856
vn -0.001624 0.512028 -0.858967
vn -0.014333 0.457162 -0.889268
vn -0.018466 0.409566 -0.912094
vn -0.018168 0.360763 -0.932481
vn -0.010338 0.301298 -0.953474
vn 0.001275 0.222584 -0.974913
vn 0.018094 0.129039 -0.991475
vn 0.019277 0.048766 -0.998624
vn -0.070281 0.000916 -0.997527
vn 0.024149 -0.034462 -0.999114
vn 0.534705 -0.031094 -0.844467
vn 0.990817 0.063184 -0.119536
vn 0.796443 0.116568 0.593372
vn 0.648859 0.037196 0.759999
vn 0.719671 -0.256381 0.645246
vn 0.717917 -0.456350 0.525680
vn -0.910357 -0.123830 -0.394863
vn -0.950447 -0.165074 -0.263442
vn -0.652672 -0.022302 -0.757312
vn -0.057199 0.080697 -0.995096
vn 0.367608 0.098445 -0.924756
vn 0.285132 0.036059 -0.957810
vn -0.019082 -0.028605 -0.999409
vn -0.164762 -0.024298 -0.986034
vn -0.120159 0.027128 -0.992384
vn 0.001462 0.061914 -0.998080
vn 0.044380 0.047505 -0.997885
vn 0.067664 0.024471 -0.997408
vn 0.169213 0.028992 -0.985153
vn 0.048281 0.001058 -0.998833
vn -0.141570 -0.040296 -0.989108
vn -0.076545 -0.033439 -0.996505
vn 0.097005 -0.005794 -0.995267
vn 0.087095 -0.011400 -0.996135
vn -0.111023 -0.037919 -0.993094
vn -0.102390 -0.013017 -0.994659
vn 0.027650 0.021183 -0.999393
vn 0.031292 0.014719 -0.999402
vn -0.023886 0.016973 -0.999571
vn -0.040578 0.047686 -0.998038
vn -0.021497 0.070291 -0.997295
vn -0.015082 0.066705 -0.997659
vn -0.018025 0.039149 -0.999071
vn -0.048888 0.010923 -0.998745
vn -0.239519 0.011558 -0.970823
vn -0.524711 0.039433 -0.850366
vn -0.554719 0.072374 -0.828884
vn 0.062171 0.122433 -0.990528
vn 0.816086 0.012876 -0.577787
vn 0.555779 -0.158474 -0.816086
vn -0.028543 -0.137463 -0.990096
vn -0.024967 -0.095412 -0.995125
vn 0.083791 -0.035776 -0.995841
vn 0.175053 0.073096 -0.981842
vn 0.074645 0.191659 -0.978619
vn 0.024428 0.240558 -0.970327
vn -0.003550 0.249636 -0.968333
vn -0.013795 0.215201 -0.976472
vn 0.000619 0.145883 -0.989302
vn 0.012315 0.077146 -0.996944
vn 0.016082 0.026875 -0.999510
vn 0.002624 -0.002613 -0.999993
vn -0.010615 -0.029944 -0.999495
vn -0.015185 -0.066840 -0.997648
vn -0.016250 -0.113443 -0.993412
vn -0.009047 -0.160995 -0.986914
vn 0.000386 -0.197321 -0.980339
vn 0.007482 -0.204790 -0.978777
vn -0.011599 -0.149044 -0.988763
vn -0.074716 -0.059535 -0.995426
vn -0.014267 -0.003665 -0.999892
vn 0.415217 0.033512 -0.909105
vn 0.935584 0.082363 -0.343363
vn 0.868112 0.158072 0.470527
vn 0.543049 0.184317 0.819222
vn 0.495564 -0.026033 0.868181
vn 0.516154 -0.226871 0.825902
vn -0.918173 -0.130238 -0.374160
vn -0.957876 -0.168091 -0.232851
vn -0.643316 -0.038435 -0.764636
vn -0.015614 0.058964 -0.998138
vn 0.403807 0.084765 -0.910909
vn 0.303041 0.036439 -0.952281
vn -0.027784 -0.022798 -0.999354
vn -0.193234 -0.026538 -0.980794
vn -0.139946 0.015066 -0.990045
vn 0.012518 0.048637 -0.998738
vn 0.065202 0.037814 -0.997155
vn 0.079593 0.021244 -0.996601
vn 0.170465 0.031582 -0.984857
vn 0.055041 0.000368 -0.998484
vn -0.127895 -0.056534 -0.990175
vn -0.068359 -0.060488 -0.995825
vn 0.099143 -0.021085 -0.994850
vn 0.080277 -0.010797 -0.996714
vn -0.116737 -0.047137 -0.992044
vn -0.102402 -0.044640 -0.993741
vn 0.033176 -0.009405 -0.999405
vn 0.034424 -0.001924 -0.999405
vn -0.030977 -0.011420 -0.999455
vn -0.038272 -0.009006 -0.999227
vn -0.008223 0.003171 -0.999961
vn 0.007093 0.007080 -0.999950
vn 0.013963 -0.006110 -0.999884
vn -0.055249 -0.012311 -0.998397
vn -0.310878 0.009017 -0.950407
vn -0.580069 0.035368 -0.813799
vn -0.515648 0.053724 -0.855115
vn 0.211534 0.105711 -0.971637
vn 0.909283 0.030158 -0.415085
vn 0.633279 -0.108498 -0.766281
vn -0.035917 -0.095265 -0.994804
vn -0.037097 -0.097805 -0.994514
vn 0.014583 -0.081090 -0.996600
vn 0.078118 -0.008792 -0.996905
vn 0.031145 0.038739 -0.998764
vn -0.001345 0.000613 -0.999999
vn -0.020115 -0.070685 -0.997296
vn -0.012392 -0.148041 -0.988904
vn 0.001773 -0.207644 -0.978203
vn 0.009301 -0.244049 -0.969718
vn 0.005659 -0.260314 -0.965507
vn -0.006357 -0.262234 -0.964983
vn -0.008195 -0.268952 -0.963119
vn 0.009086 -0.308580 -0.951155
vn 0.012724 -0.377788 -0.925805
vn -0.019550 -0.400272 -0.916188
vn -0.028909 -0.351657 -0.935682
vn -0.023647 -0.291204 -0.956369
vn -0.088326 -0.193121 -0.977191
vn -0.132721 -0.069996 -0.988679
vn -0.064384 0.003472 -0.997919
vn 0.303923 0.043033 -0.951724
vn 0.873966 0.048178 -0.483594
vn 0.958476 0.043267 0.281873
vn 0.633195 -0.055135 0.772026
vn 0.405240 -0.302722 0.862635
vn 0.383236 -0.439663 0.812297
vn -0.926045 -0.138054 -0.351258
vn -0.964842 -0.179524 -0.191966
vn -0.631021 -0.048896 -0.774224
vn 0.021097 0.041152 -0.998930
vn 0.427285 0.074258 -0.901062
vn 0.309650 0.038320 -0.950078
vn -0.035759 -0.020348 -0.999153
vn -0.211679 -0.035729 -0.976686
vn -0.151320 -0.003372 -0.988479
vn 0.023839 0.033060 -0.999169
vn 0.080508 0.029836 -0.996307
vn 0.087874 0.017634 -0.995976
vn 0.173451 0.026039 -0.984498
vn 0.069497 -0.009752 -0.997535
vn -0.106435 -0.072728 -0.991656
vn -0.061867 -0.081229 -0.994774
vn 0.089730 -0.037061 -0.995276
vn 0.071651 -0.019554 -0.997238
vn -0.107823 -0.060301 -0.992340
vn -0.094825 -0.070878 -0.992968
vn 0.029780 -0.036510 -0.998890
vn 0.030474 -0.017809 -0.999377
vn -0.028907 -0.025244 -0.999263
vn -0.033207 -0.029635 -0.999009
vn -0.004898 -0.022530 -0.999734
vn 0.022240 -0.023079 -0.999486
vn 0.029302 -0.032407 -0.999045
vn -0.091219 -0.022800 -0.995570
vn -0.389969 0.009592 -0.920778
vn -0.611060 0.031665 -0.790950
vn -0.451855 0.042045 -0.891100
vn 0.347839 0.087157 -0.933494
vn 0.964334 0.029168 -0.263077
vn 0.693273 -0.059112 -0.718247
vn -0.020238 -0.047524 -0.998665
vn -0.009217 -0.096060 -0.995333
vn -0.009732 -0.144659 -0.989434
vn 0.020368 -0.175932 -0.984192
vn 0.015580 -0.224069 -0.974449
vn -0.011647 -0.278004 -0.960509
vn -0.022438 -0.306662 -0.951554
vn -0.004221 -0.327949 -0.944686
vn 0.007648 -0.350669 -0.936468
vn 0.013595 -0.375686 -0.926647
vn 0.005091 -0.403809 -0.914829
vn -0.014594 -0.422048 -0.906456
vn -0.011605 -0.428910 -0.903273
vn 0.045214 -0.466151 -0.883549
vn 0.053708 -0.529032 -0.846901
vn -0.066770 -0.510153 -0.857488
vn -0.107297 -0.394211 -0.912735
vn -0.064338 -0.295902 -0.953049
vn -0.169244 -0.182711 -0.968490
vn -0.199609 -0.062845 -0.977858
vn -0.111503 0.000725 -0.993764
vn 0.204390 0.037573 -0.978168
vn 0.808900 0.038691 -0.586672
vn 0.986693 0.036746 0.158387
vn 0.646188 0.031675 0.762521
vn 0.252422 0.026242 0.967261
vn 0.182345 0.021935 0.982990
vn -0.935790 -0.134453 -0.325914
vn -0.975500 -0.171466 -0.137838
vn -0.615176 -0.057374 -0.786300
vn 0.053362 0.024141 -0.998283
vn 0.439203 0.064496 -0.896070
vn 0.309496 0.038076 -0.950138
vn -0.038149 -0.023736 -0.998990
vn -0.220889 -0.051271 -0.973951
vn -0.157714 -0.025288 -0.987161
vn 0.031816 0.016558 -0.999357
vn 0.091157 0.020584 -0.995624
vn 0.097936 0.008896 -0.995153
vn 0.182037 0.011830 -0.983220
vn 0.086581 -0.025729 -0.995913
vn -0.084809 -0.086157 -0.992665
vn -0.056491 -0.097002 -0.993680
vn 0.077764 -0.057483 -0.995313
vn 0.064654 -0.039191 -0.997138
vn -0.093376 -0.075649 -0.992753
vn -0.085754 -0.088223 -0.992403
vn 0.021079 -0.056970 -0.998153
vn 0.024320 -0.036827 -0.999026
vn -0.021973 -0.043379 -0.998817
vn -0.026424 -0.049849 -0.998407
vn 0.001474 -0.047207 -0.998884
vn 0.039218 -0.049094 -0.998024
vn 0.027781 -0.048774 -0.998423
vn -0.148880 -0.025021 -0.988539
vn -0.463318 0.011086 -0.886123
vn -0.622941 0.029463 -0.781714
vn -0.371272 0.035892 -0.927830
vn 0.485240 0.059098 -0.872381
vn 0.993537 0.013710 -0.112675
vn 0.789769 -0.130569 -0.599347
vn 0.001886 -0.183004 -0.983110
vn 0.004512 -0.287074 -0.957898
vn -0.022991 -0.353174 -0.935275
vn 0.000008 -0.407131 -0.913370
vn 0.017362 -0.464950 -0.885166
vn -0.033786 -0.490120 -0.871000
vn -0.054139 -0.469231 -0.881414
vn -0.022561 -0.439127 -0.898142
vn 0.003254 -0.422283 -0.906458
vn 0.017565 -0.418482 -0.908055
vn 0.016966 -0.422274 -0.906310
vn -0.008632 -0.429586 -0.902985
vn -0.004276 -0.444183 -0.895926
vn 0.088372 -0.486929 -0.868960
vn 0.089240 -0.530120 -0.843213
vn -0.130548 -0.481814 -0.866494
vn -0.197327 -0.365244 -0.909757
vn -0.106775 -0.292668 -0.950234
vn -0.246802 -0.181029 -0.952007
vn -0.268167 -0.065419 -0.961149
vn -0.153915 -0.007845 -0.988053
vn 0.113209 0.031678 -0.993066
vn 0.737042 0.021198 -0.675514
vn 0.999208 0.001520 0.039754
vn 0.735978 0.060610 0.674287
vn 0.280374 0.208819 0.936902
vn 0.114133 0.297669 0.947822
vn -0.943549 -0.121304 -0.308222
vn -0.985546 -0.144231 -0.088866
vn -0.595189 -0.067036 -0.800785
vn 0.080377 0.005989 -0.996747
vn 0.441744 0.053121 -0.895567
vn 0.306612 0.033663 -0.951239
vn -0.033761 -0.031622 -0.998930
vn -0.223532 -0.069505 -0.972215
vn -0.161865 -0.048428 -0.985624
vn 0.036189 -0.002103 -0.999343
vn 0.100669 0.006521 -0.994899
vn 0.112449 -0.006447 -0.993637
vn 0.194748 -0.007340 -0.980826
vn 0.101572 -0.043616 -0.993872
vn -0.066292 -0.098367 -0.992940
vn -0.048846 -0.111765 -0.992533
vn 0.070132 -0.083036 -0.994076
vn 0.058594 -0.067782 -0.995978
vn -0.081730 -0.093538 -0.992256
vn -0.078390 -0.099845 -0.991910
vn 0.012844 -0.073693 -0.997198
vn 0.022240 -0.059814 -0.997962
vn -0.011912 -0.068781 -0.997561
vn -0.018094 -0.076222 -0.996927
vn 0.011784 -0.074827 -0.997127
vn 0.051260 -0.071428 -0.996128
vn 0.006225 -0.056828 -0.998365
vn -0.218868 -0.021900 -0.975509
vn -0.525234 0.013671 -0.850848
vn -0.621072 0.029762 -0.783188
vn -0.277896 0.033965 -0.960011
vn 0.616027 0.040783 -0.786669
vn 0.999501 0.020133 0.024360
vn 0.847413 -0.285427 -0.447685
vn 0.041240 -0.430950 -0.901433
vn -0.010393 -0.492573 -0.870209
vn -0.032695 -0.490144 -0.871028
vn 0.005454 -0.507322 -0.861739
vn 0.033711 -0.532511 -0.845752
vn -0.045856 -0.527157 -0.848530
vn -0.080348 -0.504203 -0.859839
vn -0.049167 -0.484156 -0.873599
vn -0.011421 -0.466005 -0.884708
vn 0.009582 -0.454654 -0.890617
vn 0.014843 -0.446402 -0.894709
vn -0.004249 -0.444330 -0.895853
vn 0.012776 -0.465218 -0.885104
vn 0.123370 -0.506123 -0.853592
vn 0.101835 -0.527734 -0.843283
vn -0.192373 -0.463236 -0.865104
vn -0.274287 -0.358423 -0.892356
vn -0.148169 -0.301583 -0.941857
vn -0.316566 -0.186486 -0.930058
vn -0.338023 -0.077672 -0.937927
vn -0.199461 -0.020748 -0.979686
vn 0.028390 0.031878 -0.999089
vn 0.664268 0.014650 -0.747351
vn 0.997736 -0.031025 -0.059674
vn 0.830501 -0.013132 0.556862
vn 0.456164 0.110003 0.883071
vn 0.270348 0.201407 0.941460
vn -0.946323 -0.108808 -0.304357
vn -0.991671 -0.114892 -0.058207
vn -0.571666 -0.079926 -0.816584
vn 0.101832 -0.013992 -0.994703
vn 0.437859 0.038418 -0.898222
vn 0.303353 0.023799 -0.952581
vn -0.024661 -0.042170 -0.998806
vn -0.221777 -0.087076 -0.971202
vn -0.163851 -0.071926 -0.983860
vn 0.039226 -0.025180 -0.998913
vn 0.112023 -0.014591 -0.993599
vn 0.130348 -0.027817 -0.991078
vn 0.208031 -0.028554 -0.977705
vn 0.113784 -0.062699 -0.991525
vn -0.049535 -0.114308 -0.992210
vn -0.036833 -0.130367 -0.990781
vn 0.068413 -0.111193 -0.991441
vn 0.051756 -0.099866 -0.993654
vn -0.076352 -0.115446 -0.990375
vn -0.072278 -0.114170 -0.990828
vn 0.010183 -0.093658 -0.995552
vn 0.026260 -0.086978 -0.995864
vn -0.000803 -0.097630 -0.995223
vn -0.009110 -0.105255 -0.994404
vn 0.022787 -0.102892 -0.994431
vn 0.051539 -0.089876 -0.994619
vn -0.034765 -0.058988 -0.997653
vn -0.292381 -0.015526 -0.956176
vn -0.575479 0.017475 -0.817630
vn -0.607866 0.032232 -0.793385
vn -0.173290 0.034135 -0.984279
vn 0.726830 0.043568 -0.685434
vn 0.992652 0.042434 0.113323
vn 0.881870 -0.274855 -0.383093
vn 0.132008 -0.471849 -0.871741
vn -0.027199 -0.507292 -0.861345
vn -0.032152 -0.488236 -0.872119
vn 0.027662 -0.513846 -0.857436
vn 0.049201 -0.552077 -0.832340
vn -0.057580 -0.555785 -0.829330
vn -0.099970 -0.539872 -0.835790
vn -0.072228 -0.524872 -0.848111
vn -0.030097 -0.510441 -0.859386
vn -0.004431 -0.495553 -0.868566
vn 0.000855 -0.476747 -0.879040
vn -0.003638 -0.465558 -0.885010
vn 0.034884 -0.485348 -0.873625
vn 0.146022 -0.516014 -0.844042
vn 0.097470 -0.519191 -0.849082
vn -0.238700 -0.451785 -0.859600
vn -0.337305 -0.363757 -0.868278
vn -0.195381 -0.315188 -0.928700
vn -0.374841 -0.199764 -0.905311
vn -0.406390 -0.100953 -0.908105
vn -0.256490 -0.037578 -0.965816
vn -0.056816 0.039820 -0.997590
vn 0.590435 0.019005 -0.806861
vn 0.988321 -0.051337 -0.143482
vn 0.884808 -0.060032 0.462073
vn 0.585356 0.005283 0.810759
vn 0.431845 0.055789 0.900221
vn -0.944385 -0.105966 -0.311301
vn -0.994103 -0.099620 -0.042846
vn -0.545820 -0.096475 -0.832330
vn 0.118208 -0.035671 -0.992348
vn 0.431010 0.019627 -0.902134
vn 0.300373 0.007602 -0.953792
vn -0.014582 -0.055043 -0.998378
vn -0.216286 -0.102915 -0.970891
vn -0.161445 -0.096129 -0.982189
vn 0.044040 -0.054280 -0.997554
vn 0.126058 -0.043348 -0.991075
vn 0.148962 -0.054705 -0.987329
vn 0.219741 -0.052482 -0.974146
vn 0.125915 -0.085482 -0.988351
vn -0.031452 -0.138051 -0.989926
vn -0.021726 -0.155727 -0.987561
vn 0.070019 -0.140447 -0.987609
vn 0.044433 -0.132374 -0.990203
vn -0.074889 -0.143434 -0.986822
vn -0.065060 -0.138296 -0.988252
vn 0.014095 -0.121689 -0.992468
vn 0.033997 -0.117958 -0.992436
vn 0.009686 -0.127515 -0.991789
vn 0.000527 -0.134845 -0.990867
vn 0.031329 -0.130279 -0.990982
vn 0.035307 -0.105030 -0.993842
vn -0.092405 -0.056472 -0.994119
vn -0.363330 -0.006452 -0.931638
vn -0.615236 0.022159 -0.788032
vn -0.583648 0.035633 -0.811225
vn -0.060829 0.036504 -0.997481
vn 0.808175 0.061263 -0.585747
vn 0.983995 0.074382 0.161931
vn 0.945680 -0.141222 -0.292825
vn 0.263154 -0.403328 -0.876400
vn -0.026543 -0.492260 -0.870044
vn -0.038410 -0.500720 -0.864757
vn 0.051969 -0.520692 -0.852161
vn 0.073388 -0.555959 -0.827963
vn -0.055236 -0.570906 -0.819155
vn -0.113639 -0.566751 -0.816014
vn -0.089976 -0.559425 -0.823983
vn -0.047415 -0.551085 -0.833101
vn -0.022700 -0.537014 -0.843268
vn -0.021796 -0.512406 -0.858467
vn -0.009451 -0.494254 -0.869266
vn 0.052407 -0.504101 -0.862053
vn 0.154231 -0.516416 -0.842334
vn 0.083685 -0.504672 -0.859246
vn -0.263452 -0.445556 -0.855613
vn -0.386927 -0.374945 -0.842439
vn -0.249420 -0.330781 -0.910150
vn -0.419710 -0.220539 -0.880458
vn -0.468677 -0.132839 -0.873325
vn -0.330479 -0.056273 -0.942134
vn -0.149282 0.052236 -0.987414
vn 0.513290 0.027302 -0.857781
vn 0.972635 -0.066961 -0.222478
vn 0.917761 -0.098113 0.384822
vn 0.650438 -0.096295 0.753431
vn 0.503565 -0.093395 0.858895
vn -0.940141 -0.108380 -0.323094
vn -0.995197 -0.092300 -0.032614
vn -0.518356 -0.114322 -0.847489
vn 0.130502 -0.058156 -0.989741
vn 0.424369 -0.002316 -0.905486
vn 0.297451 -0.014228 -0.954631
vn -0.006611 -0.070988 -0.997455
vn -0.206384 -0.118659 -0.971250
vn -0.151722 -0.122550 -0.980797
vn 0.053068 -0.090104 -0.994518
vn 0.142100 -0.079808 -0.986630
vn 0.166658 -0.088162 -0.982066
vn 0.230088 -0.082563 -0.969661
vn 0.140730 -0.114882 -0.983360
vn -0.010510 -0.169883 -0.985408
vn -0.006439 -0.187927 -0.982162
vn 0.072391 -0.172595 -0.982329
vn 0.039040 -0.167559 -0.985089
vn -0.072560 -0.179658 -0.981049
vn -0.054958 -0.174641 -0.983097
vn 0.022160 -0.159495 -0.986950
vn 0.042099 -0.153818 -0.987202
vn 0.019089 -0.159342 -0.987039
vn 0.011551 -0.165783 -0.986095
vn 0.033916 -0.157490 -0.986938
vn -0.001526 -0.116415 -0.993200
vn -0.162595 -0.048092 -0.985520
vn -0.428058 0.006082 -0.903731
vn -0.645359 0.028177 -0.763359
vn -0.547910 0.039696 -0.835595
vn 0.052571 0.041344 -0.997761
vn 0.856539 0.081650 -0.509582
vn 0.976236 0.114340 0.184089
vn 0.975245 -0.048287 -0.215789
vn 0.404577 -0.335688 -0.850665
vn 0.014748 -0.459586 -0.888011
vn -0.035574 -0.495157 -0.868075
vn 0.072110 -0.526216 -0.847288
vn 0.097617 -0.557789 -0.824223
vn -0.039546 -0.576930 -0.815836
vn -0.116190 -0.585369 -0.802399
vn -0.101971 -0.589056 -0.801632
vn -0.061180 -0.586647 -0.807528
vn -0.042022 -0.574414 -0.817486
vn -0.048063 -0.548981 -0.834452
vn -0.022996 -0.526739 -0.849716
vn 0.056111 -0.520464 -0.852038
vn 0.146917 -0.508985 -0.848145
vn 0.066837 -0.483830 -0.872606
vn -0.266088 -0.439607 -0.857871
vn -0.422356 -0.386688 -0.819810
vn -0.307890 -0.346845 -0.885947
vn -0.452086 -0.247786 -0.856866
vn -0.519002 -0.175344 -0.836595
vn -0.422382 -0.086745 -0.902257
vn -0.257226 0.051937 -0.964955
vn 0.426290 0.030488 -0.904073
vn 0.951202 -0.073027 -0.299803
vn 0.938283 -0.121170 0.323949
vn 0.673875 -0.148364 0.723796
vn 0.512555 -0.157825 0.844025
vn -0.934358 -0.099576 -0.342141
vn -0.997269 -0.067321 -0.030389
vn -0.488051 -0.128890 -0.863246
vn 0.140194 -0.080042 -0.986883
vn 0.419904 -0.025412 -0.907213
vn 0.294331 -0.039416 -0.954891
vn -0.001565 -0.090818 -0.995866
vn -0.190689 -0.137406 -0.971986
vn -0.132247 -0.153529 -0.979255
vn 0.067806 -0.133646 -0.988707
vn 0.159631 -0.125266 -0.979197
vn 0.183860 -0.131126 -0.974167
vn 0.240145 -0.122782 -0.962941
vn 0.158681 -0.152662 -0.975456
vn 0.012900 -0.208592 -0.977918
vn 0.007792 -0.227172 -0.973823
vn 0.075663 -0.212036 -0.974329
vn 0.037863 -0.210208 -0.976923
vn -0.065903 -0.225370 -0.972042
vn -0.041424 -0.222569 -0.974037
vn 0.031290 -0.207247 -0.977788
vn 0.047768 -0.195813 -0.979477
vn 0.026910 -0.194090 -0.980615
vn 0.023779 -0.197657 -0.979983
vn 0.024472 -0.182482 -0.982905
vn -0.062489 -0.120850 -0.990702
vn -0.238917 -0.032674 -0.970490
vn -0.484690 0.021887 -0.874412
vn -0.666187 0.036723 -0.744880
vn -0.500222 0.045271 -0.864713
vn 0.158716 0.045869 -0.986258
vn 0.882171 0.093319 -0.461590
vn 0.971288 0.142008 0.190877
vn 0.990368 0.020789 -0.136891
vn 0.531679 -0.263832 -0.804804
vn 0.078267 -0.409635 -0.908886
vn -0.010069 -0.469794 -0.882719
vn 0.099659 -0.526826 -0.844110
vn 0.116276 -0.564283 -0.817352
vn -0.018190 -0.583174 -0.812144
vn -0.105373 -0.600742 -0.792468
vn -0.106870 -0.615537 -0.780828
vn -0.072801 -0.617847 -0.782921
vn -0.060701 -0.605496 -0.793530
vn -0.073308 -0.581154 -0.810485
vn -0.044067 -0.556611 -0.829604
vn 0.041157 -0.532907 -0.845172
vn 0.123615 -0.496597 -0.859134
vn 0.049288 -0.457226 -0.887984
vn -0.251163 -0.425537 -0.869388
vn -0.441326 -0.389310 -0.808498
vn -0.364578 -0.358113 -0.859557
vn -0.472659 -0.280058 -0.835560
vn -0.550422 -0.232246 -0.801934
vn -0.523492 -0.141406 -0.840215
vn -0.387480 0.021552 -0.921626
vn 0.317925 0.021377 -0.947875
vn 0.922240 -0.066034 -0.380938
vn 0.951611 -0.131206 0.277886
vn 0.685715 -0.180476 0.705141
vn 0.521091 -0.192878 0.831422
vn -0.922452 -0.067479 -0.380171
vn -0.998311 -0.011426 -0.056968
vn -0.450701 -0.135090 -0.882394
vn 0.150454 -0.101346 -0.983409
vn 0.418155 -0.050385 -0.906977
vn 0.291194 -0.066840 -0.954326
vn 0.002178 -0.115254 -0.993334
vn -0.167562 -0.162291 -0.972412
vn -0.101234 -0.191971 -0.976166
vn 0.089300 -0.186910 -0.978310
vn 0.179134 -0.182324 -0.966783
vn 0.202085 -0.187111 -0.961328
vn 0.250006 -0.176301 -0.952058
vn 0.178259 -0.200175 -0.963407
vn 0.038691 -0.255105 -0.966139
vn 0.022967 -0.276853 -0.960638
vn 0.081328 -0.264051 -0.961074
vn 0.040592 -0.263371 -0.963840
vn -0.053700 -0.279747 -0.958571
vn -0.024420 -0.280321 -0.959596
vn 0.038779 -0.264275 -0.963667
vn 0.048317 -0.243897 -0.968597
vn 0.031115 -0.230358 -0.972608
vn 0.031976 -0.223644 -0.974146
vn -0.005955 -0.194892 -0.980807
vn -0.144060 -0.114352 -0.982940
vn -0.311676 -0.016634 -0.950043
vn -0.534015 0.035522 -0.844728
vn -0.677842 0.047246 -0.733688
vn -0.440205 0.052112 -0.896384
vn 0.253116 0.048154 -0.966237
vn 0.896160 0.095960 -0.433231
vn 0.969922 0.156155 0.186729
vn 0.995758 0.068100 -0.061875
vn 0.637334 -0.199649 -0.744275
vn 0.146425 -0.358196 -0.922093
vn 0.036391 -0.434049 -0.900154
vn 0.144360 -0.513083 -0.846112
vn 0.135648 -0.564018 -0.814545
vn 0.005020 -0.588217 -0.808688
vn -0.082885 -0.614274 -0.784728
vn -0.102469 -0.639113 -0.762257
vn -0.083659 -0.645994 -0.758744
vn -0.079952 -0.631872 -0.770938
vn -0.096154 -0.606759 -0.789049
vn -0.071473 -0.578946 -0.812227
vn 0.008033 -0.540156 -0.841527
vn 0.084677 -0.481984 -0.872079
vn 0.029085 -0.426485 -0.904027
vn -0.227516 -0.397807 -0.888812
vn -0.441730 -0.376644 -0.814257
vn -0.409617 -0.361844 -0.837426
vn -0.481302 -0.314865 -0.818052
vn -0.560986 -0.290570 -0.775154
vn -0.615631 -0.197432 -0.762902
vn -0.529208 -0.023859 -0.848157
vn 0.179651 0.001473 -0.983729
vn 0.879537 -0.051050 -0.473084
vn 0.960864 -0.129381 0.244951
vn 0.690021 -0.208179 0.693205
vn 0.536788 -0.231675 0.811286
vn -0.896803 -0.016281 -0.442130
vn -0.991927 0.049760 -0.116639
vn -0.400738 -0.121603 -0.908087
vn 0.166882 -0.122688 -0.978314
vn 0.418421 -0.083152 -0.904439
vn 0.288021 -0.099086 -0.952484
vn 0.007893 -0.145849 -0.989275
vn -0.134540 -0.197133 -0.971101
vn -0.057455 -0.241917 -0.968594
vn 0.117867 -0.252095 -0.960497
vn 0.201822 -0.252912 -0.946205
vn 0.222926 -0.258981 -0.939805
vn 0.258692 -0.246574 -0.933959
vn 0.197424 -0.260218 -0.945151
vn 0.068791 -0.312564 -0.947402
vn 0.043367 -0.342256 -0.938606
vn 0.088942 -0.333316 -0.938611
vn 0.044028 -0.328066 -0.943628
vn -0.035594 -0.341297 -0.939281
vn -0.004247 -0.345786 -0.938304
vn 0.042306 -0.329044 -0.943367
vn 0.041577 -0.297996 -0.953661
vn 0.028469 -0.268065 -0.962980
vn 0.024027 -0.237716 -0.971038
vn -0.063461 -0.184212 -0.980836
vn -0.228601 -0.097196 -0.968656
vn -0.373040 -0.010534 -0.927755
vn -0.580370 0.040348 -0.813353
vn -0.680120 0.056977 -0.730883
vn -0.368801 0.058380 -0.927673
vn 0.334653 0.048788 -0.941078
vn 0.904677 0.091987 -0.416051
vn 0.972002 0.157425 0.174440
vn 0.995222 0.097552 0.004099
vn 0.722912 -0.145624 -0.675420
vn 0.212045 -0.313384 -0.925650
vn 0.091747 -0.395024 -0.914078
vn 0.202143 -0.478942 -0.854256
vn 0.165904 -0.543379 -0.822931
vn 0.033978 -0.581910 -0.812543
vn -0.050377 -0.619188 -0.783625
vn -0.085814 -0.654664 -0.751033
vn -0.091200 -0.668545 -0.738059
vn -0.101353 -0.653788 -0.749859
vn -0.118837 -0.624991 -0.771534
vn -0.103618 -0.591498 -0.799621
vn -0.038667 -0.541863 -0.839577
vn 0.031423 -0.467472 -0.883449
vn 0.002209 -0.395042 -0.918660
vn -0.203725 -0.361137 -0.909987
vn -0.422515 -0.355903 -0.833555
vn -0.433997 -0.365133 -0.823604
vn -0.479624 -0.350492 -0.804435
vn -0.565917 -0.324352 -0.757980
vn -0.693122 -0.195430 -0.693822
vn -0.645921 -0.021664 -0.763097
vn 0.023051 -0.005106 -0.999721
vn 0.813966 -0.040054 -0.579530
vn 0.969638 -0.119694 0.213251
vn 0.683193 -0.221694 0.695772
vn 0.542097 -0.259846 0.799132
vn -0.859985 -0.005904 -0.510285
vn -0.983287 0.045480 -0.176293
vn -0.327148 -0.116700 -0.937739
vn 0.200343 -0.157067 -0.967054
vn 0.419979 -0.134696 -0.897482
vn 0.283370 -0.145044 -0.947979
vn 0.020389 -0.188226 -0.981914
vn -0.087427 -0.249496 -0.964421
vn -0.001580 -0.309266 -0.950974
vn 0.152259 -0.330505 -0.931442
vn 0.229225 -0.336757 -0.913264
vn 0.248174 -0.348024 -0.904040
vn 0.266327 -0.339017 -0.902296
vn 0.214682 -0.341028 -0.915211
vn 0.106009 -0.386573 -0.916146
vn 0.072942 -0.426372 -0.901602
vn 0.095312 -0.422416 -0.901377
vn 0.045928 -0.408145 -0.911761
vn -0.011153 -0.414049 -0.910186
vn 0.016519 -0.418267 -0.908174
vn 0.039890 -0.398025 -0.916507
vn 0.027340 -0.357622 -0.933466
vn 0.013324 -0.307712 -0.951386
vn -0.015159 -0.238970 -0.970909
vn -0.142900 -0.151742 -0.978036
vn -0.294585 -0.073530 -0.952792
vn -0.424996 -0.010891 -0.905129
vn -0.627725 0.041113 -0.777349
vn -0.672037 0.064128 -0.737736
vn -0.290771 0.062395 -0.954756
vn 0.403460 0.049886 -0.913637
vn 0.912488 0.081294 -0.400946
vn 0.977395 0.140957 0.157573
vn 0.992706 0.107049 0.055448
vn 0.790521 -0.100827 -0.604079
vn 0.276236 -0.274181 -0.921150
vn 0.143995 -0.357091 -0.922904
vn 0.260116 -0.430505 -0.864295
vn 0.210028 -0.501542 -0.839252
vn 0.072829 -0.556950 -0.827347
vn -0.008869 -0.605720 -0.795628
vn -0.054509 -0.651998 -0.756259
vn -0.089075 -0.675708 -0.731768
vn -0.122703 -0.663650 -0.737911
vn -0.143372 -0.631603 -0.761921
vn -0.137749 -0.593084 -0.793270
vn -0.091718 -0.538879 -0.837375
vn -0.033138 -0.456196 -0.889262
vn -0.035041 -0.369279 -0.928658
vn -0.185026 -0.325922 -0.927114
vn -0.385676 -0.334879 -0.859715
vn -0.434074 -0.369247 -0.821728
vn -0.475690 -0.372364 -0.796909
vn -0.587885 -0.308185 -0.747940
vn -0.759729 -0.122719 -0.638555
vn -0.718767 0.024217 -0.694830
vn -0.122853 -0.001317 -0.992424
vn 0.722459 -0.037900 -0.690374
vn 0.982474 -0.086512 0.165107
vn 0.667236 -0.181971 0.722276
vn 0.505722 -0.234262 0.830281
vn -0.823411 -0.043947 -0.565741
vn -0.980105 -0.026379 -0.196721
vn -0.231153 -0.125639 -0.964771
vn 0.257095 -0.208704 -0.943581
vn 0.421118 -0.217134 -0.880632
vn 0.272639 -0.215940 -0.937570
vn 0.047717 -0.254027 -0.966019
vn -0.022053 -0.333002 -0.942668
vn 0.060168 -0.400306 -0.914404
vn 0.189202 -0.421679 -0.886786
vn 0.262591 -0.431088 -0.863255
vn 0.279763 -0.451833 -0.847101
vn 0.276626 -0.457011 -0.845351
vn 0.231008 -0.456419 -0.859254
vn 0.149867 -0.489050 -0.859285
vn 0.109834 -0.528473 -0.841815
vn 0.097555 -0.527549 -0.843905
vn 0.048479 -0.507274 -0.860420
vn 0.015675 -0.502375 -0.864508
vn 0.029380 -0.493886 -0.869030
vn 0.027895 -0.461300 -0.886805
vn 0.001755 -0.408639 -0.912695
vn -0.030118 -0.328847 -0.943903
vn -0.095672 -0.211950 -0.972586
vn -0.224029 -0.102905 -0.969135
vn -0.336717 -0.045174 -0.940522
vn -0.479217 0.002426 -0.877693
vn -0.671800 0.053247 -0.738816
vn -0.651314 0.069827 -0.755589
vn -0.213610 0.064670 -0.974776
vn 0.462179 0.053132 -0.885194
vn 0.923799 0.062146 -0.377801
vn 0.984379 0.094139 0.148783
vn 0.993123 0.076742 0.088418
vn 0.839463 -0.075668 -0.538123
vn 0.341638 -0.238647 -0.909028
vn 0.187957 -0.323685 -0.927308
vn 0.307616 -0.381099 -0.871858
vn 0.261943 -0.449294 -0.854120
vn 0.119306 -0.515580 -0.848495
vn 0.037750 -0.569844 -0.820886
vn -0.010938 -0.620869 -0.783838
vn -0.071902 -0.652800 -0.754110
vn -0.136244 -0.647895 -0.749446
vn -0.166586 -0.619522 -0.767099
vn -0.168745 -0.583329 -0.794514
vn -0.142775 -0.533305 -0.833787
vn -0.102910 -0.452512 -0.885801
vn -0.084405 -0.358518 -0.929699
vn -0.176504 -0.302912 -0.936531
vn -0.339594 -0.313343 -0.886844
vn -0.415196 -0.356432 -0.837000
vn -0.481713 -0.347236 -0.804599
vn -0.630304 -0.229983 -0.741502
vn -0.804368 -0.033104 -0.593208
vn -0.758880 0.046889 -0.649540
vn -0.246301 -0.010298 -0.969139
vn 0.607276 -0.039440 -0.793511
vn 0.995915 -0.048326 0.076278
vn 0.645393 -0.136923 0.751479
vn 0.405216 -0.206692 0.890550
vn -0.796344 -0.080427 -0.599473
vn -0.983105 -0.077666 -0.165750
vn -0.109158 -0.153708 -0.982069
vn 0.342871 -0.281469 -0.896223
vn 0.418563 -0.328794 -0.846581
vn 0.258742 -0.327677 -0.908669
vn 0.100251 -0.368937 -0.924032
vn 0.055687 -0.457172 -0.887633
vn 0.115188 -0.511424 -0.851573
vn 0.225302 -0.521390 -0.823038
vn 0.301450 -0.530977 -0.791954
vn 0.317043 -0.560543 -0.765033
vn 0.293560 -0.586441 -0.754924
vn 0.248004 -0.598342 -0.761892
vn 0.189774 -0.617251 -0.763535
vn 0.139864 -0.636535 -0.758460
vn 0.094659 -0.630234 -0.770613
vn 0.050949 -0.608168 -0.792172
vn 0.028439 -0.586135 -0.809714
vn 0.017763 -0.548736 -0.835807
vn -0.008691 -0.486115 -0.873851
vn -0.057181 -0.398839 -0.915237
vn -0.119676 -0.277396 -0.953273
vn -0.199023 -0.139751 -0.969979
vn -0.281381 -0.052282 -0.958171
vn -0.369305 -0.014562 -0.929194
vn -0.541487 0.036177 -0.839930
vn -0.700770 0.076253 -0.709300
vn -0.617337 0.074581 -0.783156
vn -0.143940 0.068928 -0.987183
vn 0.516154 0.057668 -0.854552
vn 0.940045 0.036924 -0.339047
vn 0.986745 0.028436 0.159767
vn 0.995150 0.017876 0.096737
vn 0.867513 -0.067077 -0.492871
vn 0.408895 -0.205423 -0.889160
vn 0.224944 -0.295869 -0.928365
vn 0.341908 -0.340864 -0.875735
vn 0.313469 -0.401148 -0.860707
vn 0.165558 -0.468436 -0.867847
vn 0.080764 -0.515462 -0.853098
vn 0.035136 -0.556561 -0.830063
vn -0.040057 -0.588627 -0.807412
vn -0.131893 -0.595957 -0.792111
vn -0.179036 -0.583659 -0.792016
vn -0.189467 -0.562455 -0.804827
vn -0.183967 -0.526127 -0.830269
vn -0.168071 -0.458791 -0.872504
vn -0.142642 -0.371560 -0.917386
vn -0.184027 -0.306626 -0.933871
vn -0.300665 -0.299819 -0.905378
vn -0.393730 -0.318620 -0.862240
vn -0.502119 -0.274188 -0.820181
vn -0.674044 -0.130005 -0.727161
vn -0.823748 0.023158 -0.566483
vn -0.780025 0.040447 -0.624439
vn -0.353527 -0.019270 -0.935226
vn 0.477103 -0.036086 -0.878106
vn 0.998122 -0.036379 -0.049290
vn 0.630602 -0.145507 0.762344
vn 0.269143 -0.229330 0.935398
vn -0.760997 -0.067509 -0.645233
vn -0.991344 -0.039031 -0.125353
vn 0.033486 -0.159077 -0.986698
vn 0.431059 -0.285823 -0.855858
vn 0.428618 -0.388133 -0.815867
vn 0.266678 -0.462512 -0.845556
vn 0.166778 -0.527501 -0.833024
vn 0.120241 -0.590124 -0.798308
vn 0.153281 -0.616689 -0.772140
vn 0.260845 -0.618948 -0.740853
vn 0.341919 -0.629283 -0.697921
vn 0.353304 -0.659666 -0.663338
vn 0.315137 -0.696187 -0.644990
vn 0.262318 -0.720867 -0.641513
vn 0.207638 -0.729494 -0.651709
vn 0.145549 -0.724023 -0.674245
vn 0.082998 -0.704505 -0.704829
vn 0.035311 -0.669098 -0.742335
vn -0.003030 -0.610558 -0.791966
vn -0.043342 -0.523393 -0.850989
vn -0.095414 -0.409528 -0.907295
vn -0.163037 -0.277166 -0.946889
vn -0.227682 -0.148564 -0.962335
vn -0.272687 -0.061571 -0.960131
vn -0.308655 -0.025010 -0.950845
vn -0.409543 0.010310 -0.912233
vn -0.598894 0.064202 -0.798251
vn -0.708410 0.084743 -0.700695
vn -0.576504 0.074894 -0.813655
vn -0.082582 0.077023 -0.993603
vn 0.569565 0.061770 -0.819622
vn 0.958363 0.016182 -0.285094
vn 0.982421 -0.018142 0.185797
vn 0.996884 -0.020566 0.076156
vn 0.879063 -0.051989 -0.473863
vn 0.476705 -0.170616 -0.862347
vn 0.259462 -0.269744 -0.927317
vn 0.369115 -0.315580 -0.874165
vn 0.358938 -0.373059 -0.855564
vn 0.200389 -0.427572 -0.881491
vn 0.109441 -0.448552 -0.887031
vn 0.071753 -0.464561 -0.882629
vn -0.000704 -0.486472 -0.873696
vn -0.104383 -0.507015 -0.855593
vn -0.169246 -0.522500 -0.835673
vn -0.192816 -0.528810 -0.826548
vn -0.209145 -0.513710 -0.832082
vn -0.217321 -0.469902 -0.855549
vn -0.199042 -0.405059 -0.892362
vn -0.208551 -0.340715 -0.916744
vn -0.285289 -0.304877 -0.908659
vn -0.388281 -0.276779 -0.878994
vn -0.529208 -0.196813 -0.825351
vn -0.705455 -0.060047 -0.706206
vn -0.828679 0.040485 -0.558258
vn -0.790409 0.028573 -0.611913
vn -0.445911 -0.013769 -0.894971
vn 0.342401 -0.026451 -0.939181
vn 0.981014 -0.040178 -0.189727
vn 0.636059 -0.131226 0.760401
vn 0.155674 -0.185263 0.970280
vn -0.694638 0.018353 -0.719125
vn -0.985356 0.043718 -0.164808
vn 0.153580 -0.068894 -0.985732
vn 0.501642 -0.177147 -0.846743
vn 0.478061 -0.335791 -0.811605
vn 0.318363 -0.509165 -0.799623
vn 0.224490 -0.621812 -0.750303
vn 0.157444 -0.677846 -0.718148
vn 0.183308 -0.698543 -0.691691
vn 0.300799 -0.707314 -0.639709
vn 0.374490 -0.717145 -0.587758
vn 0.380945 -0.738360 -0.556512
vn 0.335800 -0.774150 -0.536591
vn 0.271231 -0.803037 -0.530627
vn 0.199613 -0.808002 -0.554335
vn 0.118470 -0.781943 -0.611989
vn 0.036768 -0.722809 -0.690069
vn -0.037229 -0.628281 -0.777095
vn -0.102603 -0.501709 -0.858930
vn -0.159721 -0.358254 -0.919861
vn -0.215305 -0.216833 -0.952170
vn -0.264393 -0.103490 -0.958846
vn -0.288887 -0.043740 -0.956364
vn -0.288594 -0.037919 -0.956700
vn -0.318749 -0.040701 -0.946965
vn -0.459018 0.001319 -0.888426
vn -0.642716 0.063736 -0.763449
vn -0.702457 0.082264 -0.706956
vn -0.537150 0.075635 -0.840089
vn -0.024385 0.081610 -0.996366
vn 0.625359 0.056311 -0.778302
vn 0.975363 -0.004371 -0.220562
vn 0.975784 -0.044389 0.214187
vn 0.999045 -0.032329 0.029402
vn 0.882691 -0.031084 -0.468925
vn 0.541161 -0.140347 -0.829124
vn 0.296266 -0.248193 -0.922294
vn 0.402693 -0.314076 -0.859765
vn 0.392176 -0.375080 -0.839948
vn 0.212003 -0.396851 -0.893065
vn 0.120596 -0.385406 -0.914833
vn 0.091528 -0.383166 -0.919134
vn 0.028624 -0.384279 -0.922773
vn -0.061622 -0.401960 -0.913582
vn -0.131480 -0.446608 -0.885017
vn -0.174825 -0.487850 -0.855242
vn -0.217190 -0.496091 -0.840668
vn -0.247005 -0.472165 -0.846197
vn -0.242707 -0.428463 -0.870352
vn -0.242837 -0.371104 -0.896277
vn -0.297338 -0.309929 -0.903069
vn -0.404650 -0.236808 -0.883278
vn -0.556301 -0.131162 -0.820565
vn -0.720562 -0.022492 -0.693026
vn -0.827337 0.027246 -0.561044
vn -0.800312 0.010757 -0.599487
vn -0.530009 0.006512 -0.847967
vn 0.219990 -0.014410 -0.975396
vn 0.943204 -0.051467 -0.328204
vn 0.684928 -0.053334 0.726656
vn 0.114540 -0.043798 0.992453
vn -0.618148 0.069056 -0.783022
vn -0.972496 0.079505 -0.218929
vn 0.197146 -0.006512 -0.980353
vn 0.530917 -0.111471 -0.840060
vn 0.511878 -0.282751 -0.811192
vn 0.354863 -0.492972 -0.794387
vn 0.248782 -0.636958 -0.729652
vn 0.168398 -0.705266 -0.688652
vn 0.200500 -0.732814 -0.650218
vn 0.321950 -0.746982 -0.581692
vn 0.385839 -0.755504 -0.529473
vn 0.391692 -0.769853 -0.503888
vn 0.345377 -0.803918 -0.484181
vn 0.274433 -0.833678 -0.479236
vn 0.190417 -0.839209 -0.509381
vn 0.096605 -0.803919 -0.586840
vn -0.000203 -0.713422 -0.700735
vn -0.092740 -0.568427 -0.817490
vn -0.168223 -0.397892 -0.901878
vn -0.225287 -0.233129 -0.945990
vn -0.272200 -0.099592 -0.957073
vn -0.301887 -0.023931 -0.953043
vn -0.301297 -0.014056 -0.953427
vn -0.282426 -0.044625 -0.958251
vn -0.321601 -0.060817 -0.944920
vn -0.485840 -0.016751 -0.873887
vn -0.662384 0.056047 -0.747065
vn -0.697732 0.083164 -0.711515
vn -0.517169 0.078012 -0.852321
vn 0.007308 0.081378 -0.996656
vn 0.655160 0.048828 -0.753910
vn 0.982491 -0.017636 -0.185471
vn 0.972272 -0.056514 0.226921
vn 0.999382 -0.035140 0.000203
vn 0.883568 -0.021740 -0.467798
vn 0.571438 -0.128503 -0.810522
vn 0.315776 -0.240186 -0.917931
vn 0.422636 -0.320744 -0.847645
vn 0.404176 -0.384160 -0.830098
vn 0.209990 -0.383563 -0.899324
vn 0.122251 -0.358093 -0.925648
vn 0.096748 -0.353535 -0.930405
vn 0.037983 -0.341056 -0.939275
vn -0.037587 -0.349241 -0.936279
vn -0.105035 -0.406819 -0.907450
vn -0.160186 -0.467301 -0.869466
vn -0.217119 -0.486986 -0.845993
vn -0.257165 -0.469019 -0.844919
vn -0.259979 -0.431501 -0.863839
vn -0.260917 -0.377389 -0.888538
vn -0.310137 -0.306898 -0.899794
vn -0.418330 -0.214102 -0.882701
vn -0.569089 -0.098278 -0.816382
vn -0.723495 -0.010079 -0.690256
vn -0.825693 0.011702 -0.563999
vn -0.807527 -0.001607 -0.589828
vn -0.570965 0.020129 -0.820728
vn 0.156685 -0.007953 -0.987617
vn 0.917652 -0.056098 -0.393405
vn 0.686337 0.003054 0.727277
vn 0.116003 0.038062 0.992519
s 1
g corpse corpse
usemtl aiStandardSurface2SG
f 1/1/1 2/2/2 63/63/3 62/62/4
f 2/2/2 3/3/5 64/64/6 63/63/3
f 3/3/5 4/4/7 65/65/8 64/64/6
f 4/4/7 5/5/9 66/66/10 65/65/8
f 5/5/9 6/6/11 67/67/12 66/66/10
f 6/6/11 7/7/13 68/68/14 67/67/12
f 7/7/13 8/8/15 69/69/16 68/68/14
f 8/8/15 9/9/17 70/70/18 69/69/16
f 9/9/17 10/10/19 71/71/20 70/70/18
f 10/10/19 11/11/21 72/72/22 71/71/20
f 11/11/21 12/12/23 73/73/24 72/72/22
f 12/12/23 13/13/25 74/74/26 73/73/24
f 13/13/25 14/14/27 75/75/28 74/74/26
f 14/14/27 15/15/29 76/76/30 75/75/28
f 15/15/29 16/16/31 77/77/32 76/76/30
f 16/16/31 17/17/33 78/78/34 77/77/32
f 17/17/33 18/18/35 79/79/36 78/78/34
f 18/18/35 19/19/37 80/80/38 79/79/36
f 19/19/37 20/20/39 81/81/40 80/80/38
f 20/20/39 21/21/41 82/82/42 81/81/40
f 21/21/41 22/22/43 83/83/44 82/82/42
f 22/22/43 23/23/45 84/84/46 83/83/44
f 23/23/45 24/24/47 85/85/48 84/84/46
f 24/24/47 25/25/49 86/86/50 85/85/48
f 25/25/49 26/26/51 87/87/52 86/86/50
f 26/26/51 27/27/53 88/88/54 87/87/52
f 27/27/53 28/28/55 89/89/56 88/88/54
f 28/28/55 29/29/57 90/90/58 89/89/56
f 29/29/57 30/30/59 91/91/60 90/90/58
f 30/30/59 31/31/61 92/92/62 91/91/60
f 31/31/61 32/32/63 93/93/64 92/92/62
f 32/32/63 33/33/65 94/94/66 93/93/64
f 33/33/65 34/34/67 95/95/68 94/94/66
f 34/34/67 35/35/69 96/96/70 95/95/68
f 35/35/69 36/36/71 97/97/72 96/96/70
f 36/36/71 37/37/73 98/98/74 97/97/72
f 37/37/73 38/38/75 99/99/76 98/98/74
f 38/38/75 39/39/77 100/100/78 99/99/76
f 39/39/77 40/40/79 101/101/80 100/100/78
f 40/40/79 41/41/81 102/102/82 101/101/80
f 41/41/81 42/42/83 103/103/84 102/102/82
f 42/42/83 43/43/85 104/104/86 103/103/84
f 43/43/85 44/44/87 105/105/88 104/104/86
f 44/44/87 45/45/89 106/106/90 105/105/88
f 45/45/89 46/46/91 107/107/92 106/106/90
f 46/46/91 47/47/93 108/108/94 107/107/92
f 47/47/93 48/48/95 109/109/96 108/108/94
f 48/48/95 49/49/97 110/110/98 109/109/96
f 49/49/97 50/50/99 111/111/100 110/110/98
f 50/50/99 51/51/101 112/112/102 111/111/100
f 51/51/101 52/52/103 113/113/104 112/112/102
f 52/52/103 53/53/105 114/114/106 113/113/104
f 53/53/105 54/54/107 115/115/108 114/114/106
f 54/54/107 55/55/109 116/116/110 115/115/108
f 55/55/109 56/56/111 117/117/112 116/116/110
f 56/56/111 57/57/113 118/118/114 117/117/112
f 57/57/113 58/58/115 119/119/116 118/118/114
f 58/58/115 59/59/117 120/120/118 119/119/116
f 59/59/117 60/60/119 121/121/120 120/120/118
f 60/60/119 61/61/121 122/122/122 121/121/120
f 62/62/4 63/63/3 124/124/123 123/123/124
f 63/63/3 64/64/6 125/125/125 124/124/123
f 64/64/6 65/65/8 126/126/126 125/125/125
f 65/65/8 66/66/10 127/127/127 126/126/126
f 66/66/10 67/67/12 128/128/128 127/127/127
f 67/67/12 68/68/14 129/129/129 128/128/128
f 68/68/14 69/69/16 130/130/130 129/129/129
f 69/69/16 70/70/18 131/131/131 130/130/130
f 70/70/18 71/71/20 132/132/132 131/131/131
f 71/71/20 72/72/22 133/133/133 132/132/132
f 72/72/22 73/73/24 134/134/134 133/133/133
f 73/73/24 74/74/26 135/135/135 134/134/134
f 74/74/26 75/75/28 136/136/136 135/135/135
f 75/75/28 76/76/30 137/137/137 136/136/136
f 76/76/30 77/77/32 138/138/138 137/137/137
f 77/77/32 78/78/34 139/139/139 138/138/138
f 78/78/34 79/79/36 140/140/140 139/139/139
f 79/79/36 80/80/38 141/141/141 140/140/140
f 80/80/38 81/81/40 142/142/142 141/141/141
f 81/81/40 82/82/42 143/143/143 142/142/142
f 82/82/42 83/83/44 144/144/144 143/143/143
f 83/83/44 84/84/46 145/145/145 144/144/144
f 84/84/46 85/85/48 146/146/146 145/145/145
f 85/85/48 86/86/50 147/147/147 146/146/146
f 86/86/50 87/87/52 148/148/148 147/147/147
f 87/87/52 88/88/54 149/149/149 148/148/148
f 88/88/54 89/89/56 150/150/150 149/149/149
f 89/89/56 90/90/58 151/151/151 150/150/150
f 90/90/58 91/91/60 152/152/152 151/151/151
f 91/91/60 92/92/62 153/153/153 152/152/152
f 92/92/62 93/93/64 154/154/154 153/153/153
f 93/93/64 94/94/66 155/155/155 154/154/154
f 94/94/66 95/95/68 156/156/156 155/155/155
f 95/95/68 96/96/70 157/157/157 156/156/156
f 96/96/70 97/97/72 158/158/158 157/157/157
f 97/97/72 98/98/74 159/159/159 158/158/158
f 98/98/74 99/99/76 160/160/160 159/159/159
f 99/99/76 100/100/78 161/161/161 160/160/160
f 100/100/78 101/101/80 162/162/162 161/161/161
f 101/101/80 102/102/82 163/163/163 162/162/162
f 102/102/82 103/103/84 164/164/164 163/163/163
f 103/103/84 104/104/86 165/165/165 164/164/164
f 104/104/86 105/105/88 166/166/166 165/165/165
f 105/105/88 106/106/90 167/167/167 166/166/166
f 106/106/90 107/107/92 168/168/168 167/167/167
f 107/107/92 108/108/94 169/169/169 168/168/168
f 108/108/94 109/109/96 170/170/170 169/169/169
f 109/109/96 110/110/98 171/171/171 170/170/170
f 110/110/98 111/111/100 172/172/172 171/171/171
f 111/111/100 112/112/102 173/173/173 172/172/172
f 112/112/102 113/113/104 174/174/174 173/173/173
f 113/113/104 114/114/106 175/175/175 174/174/174
f 114/114/106 115/115/108 176/176/176 175/175/175
f 115/115/108 116/116/110 177/177/177 176/176/176
f 116/116/110 117/117/112 178/178/178 177/177/177
f 117/117/112 118/118/114 179/179/179 178/178/178
f 118/118/114 119/119/116 180/180/180 179/179/179
f 119/119/116 120/120/118 181/181/181 180/180/180
f 120/120/118 121/121/120 182/182/182 181/181/181
f 121/121/120 122/122/122 183/183/183 182/182/182
f 123/123/124 124/124/123 185/185/184 184/184/185
f 124/124/123 125/125/125 186/186/186 185/185/184
f 125/125/125 126/126/126 187/187/187 186/186/186
f 126/126/126 127/127/127 188/188/188 187/187/187
f 127/127/127 128/128/128 189/189/189 188/188/188
f 128/128/128 129/129/129 190/190/190 189/189/189
f 129/129/129 130/130/130 191/191/191 190/190/190
f 130/130/130 131/131/131 192/192/192 191/191/191
f 131/131/131 132/132/132 193/193/193 192/192/192
f 132/132/132 133/133/133 194/194/194 193/193/193
f 133/133/133 134/134/134 195/195/195 194/194/194
f 134/134/134 135/135/135 196/196/196 195/195/195
f 135/135/135 136/136/136 197/197/197 196/196/196
f 136/136/136 137/137/137 198/198/198 197/197/197
f 137/137/137 138/138/138 199/199/199 198/198/198
f 138/138/138 139/139/139 200/200/200 199/199/199
f 139/139/139 140/140/140 201/201/201 200/200/200
f 140/140/140 141/141/141 202/202/202 201/201/201
f 141/141/141 142/142/142 203/203/203 202/202/202
f 142/142/142 143/143/143 204/204/204 203/203/203
f 143/143/143 144/144/144 205/205/205 204/204/204
f 144/144/144 145/145/145 206/206/206 205/205/205
f 145/145/145 146/146/146 207/207/207 206/206/206
f 146/146/146 147/147/147 208/208/208 207/207/207
f 147/147/147 148/148/148 209/209/209 208/208/208
f 148/148/148 149/149/149 210/210/210 209/209/209
f 149/149/149 150/150/150 211/211/211 210/210/210
f 150/150/150 151/151/151 212/212/212 211/211/211
f 151/151/151 152/152/152 213/213/213 212/212/212
f 152/152/152 153/153/153 214/214/214 213/213/213
f 153/153/153 154/154/154 215/215/215 214/214/214
f 154/154/154 155/155/155 216/216/216 215/215/215
f 155/155/155 156/156/156 217/217/217 216/216/216
f 156/156/156 157/157/157 218/218/218 217/217/217
f 157/157/157 158/158/158 219/219/219 218/218/218
f 158/158/158 159/159/159 220/220/220 219/219/219
f 159/159/159 160/160/160 221/221/221 220/220/220
f 160/160/160 161/161/161 222/222/222 221/221/221
f 161/161/161 162/162/162 223/223/223 222/222/222
f 162/162/162 163/163/163 224/224/224 223/223/223
f 163/163/163 164/164/164 225/225/225 224/224/224
f 164/164/164 165/165/165 226/226/226 225/225/225
f 165/165/165 166/166/166 227/227/227 226/226/226
f 166/166/166 167/167/167 228/228/228 227/227/227
f 167/167/167 168/168/168 229/229/229 228/228/228
f 168/168/168 169/169/169 230/230/230 229/229/229
f 169/169/169 170/170/170 231/231/231 230/230/230
f 170/170/170 171/171/171 232/232/232 231/231/231
f 171/171/171 172/172/172 233/233/233 232/232/232
f 172/172/172 173/173/173 234/234/234 233/233/233
f 173/173/173 174/174/174 235/235/235 234/234/234
f 174/174/174 175/175/175 236/236/236 235/235/235
f 175/175/175 176/176/176 237/237/237 236/236/236
f 176/176/176 177/177/177 238/238/238 237/237/237
f 177/177/177 178/178/178 239/239/239 238/238/238
f 178/178/178 179/179/179 240/240/240 239/239/239
f 179/179/179 180/180/180 241/241/241 240/240/240
f 180/180/180 181/181/181 242/242/242 241/241/241
f 181/181/181 182/182/182 243/243/243 242/242/242
f 182/182/182 183/183/183 244/244/244 243/243/243
f 184/184/185 185/185/184 246/246/245 245/245/246
f 185/185/184 186/186/186 247/247/247 246/246/245
f 186/186/186 187/187/187 248/248/248 247/247/247
f 187/187/187 188/188/188 249/249/249 248/248/248
f 188/188/188 189/189/189 250/250/250 249/249/249
f 189/189/189 190/190/190 251/251/251 250/250/250
f 190/190/190 191/191/191 252/252/252 251/251/251
f 191/191/191 192/192/192 253/253/253 252/252/252
f 192/192/192 193/193/193 254/254/254 253/253/253
f 193/193/193 194/194/194 255/255/255 254/254/254
f 194/194/194 195/195/195 256/256/256 255/255/255
f 195/195/195 196/196/196 257/257/257 256/256/256
f 196/196/196 197/197/197 258/258/258 257/257/257
f 197/197/197 198/198/198 259/259/259 258/258/258
f 198/198/198 199/199/199 260/260/260 259/259/259
f 199/199/199 200/200/200 261/261/261 260/260/260
f 200/200/200 201/201/201 262/262/262 261/261/261
f 201/201/201 202/202/202 263/263/263 262/262/262
f 202/202/202 203/203/203 264/264/264 263/263/263
f 203/203/203 204/204/204 265/265/265 264/264/264
f 204/204/204 205/205/205 266/266/266 265/265/265
f 205/205/205 206/206/206 267/267/267 266/266/266
f 206/206/206 207/207/207 268/268/268 267/267/267
f 207/207/207 208/208/208 269/269/269 268/268/268
f 208/208/208 209/209/209 270/270/270 269/269/269
f 209/209/209 210/210/210 271/271/271 270/270/270
f 210/210/210 211/211/211 272/272/272 271/271/271
f 211/211/211 212/212/212 273/273/273 272/272/272
f 212/212/212 213/213/213 274/274/274 273/273/273
f 213/213/213 214/214/214 275/275/275 274/274/274
f 214/214/214 215/215/215 276/276/276 275/275/275
f 215/215/215 216/216/216 277/277/277 276/276/276
f 216/216/216 217/217/217 278/278/278 277/277/277
f 217/217/217 218/218/218 279/279/279 278/278/278
f 218/218/218 219/219/219 280/280/280 279/279/279
f 219/219/219 220/220/220 281/281/281 280/280/280
f 220/220/220 221/221/221 282/282/282 281/281/281
f 221/221/221 222/222/222 283/283/283 282/282/282
f 222/222/222 223/223/223 284/284/284 283/283/283
f 223/223/223 224/224/224 285/285/285 284/284/284
f 224/224/224 225/225/225 286/286/286 285/285/285
f 225/225/225 226/226/226 287/287/287 286/286/286
f 226/226/226 227/227/227 288/288/288 287/287/287
f 227/227/227 228/228/228 289/289/289 288/288/288
f 228/228/228 229/229/229 290/290/290 289/289/289
f 229/229/229 230/230/230 291/291/291 290/290/290
f 230/230/230 231/231/231 292/292/292 291/291/291
f 231/231/231 232/232/232 293/293/293 292/292/292
f 232/232/232 233/233/233 294/294/294 293/293/293
f 233/233/233 234/234/234 295/295/295 294/294/294
f 234/234/234 235/235/235 296/296/296 295/295/295
f 235/235/235 236/236/236 297/297/297 296/296/296
f 236/236/236 237/237/237 298/298/298 297/297/297
f 237/237/237 238/238/238 299/299/299 298/298/298
f 238/238/238 239/239/239 300/300/300 299/299/299
f 239/239/239 240/240/240 301/301/301 300/300/300
f 240/240/240 241/241/241 302/302/302 301/301/301
f 241/241/241 242/242/242 303/303/303 302/302/302
f 242/242/242 243/243/243 304/304/304 303/303/303
f 243/243/243 244/244/244 305/305/305 304/304/304
f 245/245/246 246/246/245 307/307/306 306/306/307
f 246/246/245 247/247/247 308/308/308 307/307/306
f 247/247/247 248/248/248 309/309/309 308/308/308
f 248/248/248 249/249/249 310/310/310 309/309/309
f 249/249/249 250/250/250 311/311/311 310/310/310
f 250/250/250 251/251/251 312/312/312 311/311/311
f 251/251/251 252/252/252 313/313/313 312/312/312
f 252/252/252 253/253/253 314/314/314 313/313/313
f 253/253/253 254/254/254 315/315/315 314/314/314
f 254/254/254 255/255/255 316/316/316 315/315/315
f 255/255/255 256/256/256 317/317/317 316/316/316
f 256/256/256 257/257/257 318/318/318 317/317/317
f 257/257/257 258/258/258 319/319/319 318/318/318
f 258/258/258 259/259/259 320/320/320 319/319/319
f 259/259/259 260/260/260 321/321/321 320/320/320
f 260/260/260 261/261/261 322/322/322 321/321/321
f 261/261/261 262/262/262 323/323/323 322/322/322
f 262/262/262 263/263/263 324/324/324 323/323/323
f 263/263/263 264/264/264 325/325/325 324/324/324
f 264/264/264 265/265/265 326/326/326 325/325/325
f 265/265/265 266/266/266 327/327/327 326/326/326
f 266/266/266 267/267/267 328/328/328 327/327/327
f 267/267/267 268/268/268 329/329/329 328/328/328
f 268/268/268 269/269/269 330/330/330 329/329/329
f 269/269/269 270/270/270 331/331/331 330/330/330
f 270/270/270 271/271/271 332/332/332 331/331/331
f 271/271/271 272/272/272 333/333/333 332/332/332
f 272/272/272 273/273/273 334/334/334 333/333/333
f 273/273/273 274/274/274 335/335/335 334/334/334
f 274/274/274 275/275/275 336/336/336 335/335/335
f 275/275/275 276/276/276 337/337/337 336/336/336
f 276/276/276 277/277/277 338/338/338 337/337/337
f 277/277/277 278/278/278 339/339/339 338/338/338
f 278/278/278 279/279/279 340/340/340 339/339/339
f 279/279/279 280/280/280 341/341/341 340/340/340
f 280/280/280 281/281/281 342/342/342 341/341/341
f 281/281/281 282/282/282 343/343/343 342/342/342
f 282/282/282 283/283/283 344/344/344 343/343/343
f 283/283/283 284/284/284 345/345/345 344/344/344
f 284/284/284 285/285/285 346/346/346 345/345/345
f 285/285/285 286/286/286 347/347/347 346/346/346
f 286/286/286 287/287/287 348/348/348 347/347/347
f 287/287/287 288/288/288 349/349/349 348/348/348
f 288/288/288 289/289/289 350/350/350 349/349/349
f 289/289/289 290/290/290 351/351/351 350/350/350
f 290/290/290 291/291/291 352/352/352 351/351/351
f 291/291/291 292/292/292 353/353/353 352/352/352
f 292/292/292 293/293/293 354/354/354 353/353/353
f 293/293/293 294/294/294 355/355/355 354/354/354
f 294/294/294 295/295/295 356/356/356 355/355/355
f 295/295/295 296/296/296 357/357/357 356/356/356
f 296/296/296 297/297/297 358/358/358 357/357/357
f 297/297/297 298/298/298 359/359/359 358/358/358
f 298/298/298 299/299/299 360/360/360 359/359/359
f 299/299/299 300/300/300 361/361/361 360/360/360
f 300/300/300 301/301/301 362/362/362 361/361/361
f 301/301/301 302/302/302 363/363/363 362/362/362
f 302/302/302 303/303/303 364/364/364 363/363/363
f 303/303/303 304/304/304 365/365/365 364/364/364
f 304/304/304 305/305/305 366/366/366 365/365/365
f 306/306/307 307/307/306 368/368/367 367/367/368
f 307/307/306 308/308/308 369/369/369 368/368/367
f 308/308/308 309/309/309 370/370/370 369/369/369
f 309/309/309 310/310/310 371/371/371 370/370/370
f 310/310/310 311/311/311 372/372/372 371/371/371
f 311/311/311 312/312/312 373/373/373 372/372/372
f 312/312/312 313/313/313 374/374/374 373/373/373
f 313/313/313 314/314/314 375/375/375 374/374/374
f 314/314/314 315/315/315 376/376/376 375/375/375
f 315/315/315 316/316/316 377/377/377 376/376/376
f 316/316/316 317/317/317 378/378/378 377/377/377
f 317/317/317 318/318/318 379/379/379 378/378/378
f 318/318/318 319/319/319 380/380/380 379/379/379
f 319/319/319 320/320/320 381/381/381 380/380/380
f 320/320/320 321/321/321 382/382/382 381/381/381
f 321/321/321 322/322/322 383/383/383 382/382/382
f 322/322/322 323/323/323 384/384/384 383/383/383
f 323/323/323 324/324/324 385/385/385 384/384/384
f 324/324/324 325/325/325 386/386/386 385/385/385
f 325/325/325 326/326/326 387/387/387 386/386/386
f 326/326/326 327/327/327 388/388/388 387/387/387
f 327/327/327 328/328/328 389/389/389 388/388/388
f 328/328/328 329/329/329 390/390/390 389/389/389
f 329/329/329 330/330/330 391/391/391 390/390/390
f 330/330/330 331/331/331 392/392/392 391/391/391
f 331/331/331 332/332/332 393/393/393 392/392/392
f 332/332/332 333/333/333 394/394/394 393/393/393
f 333/333/333 334/334/334 395/395/395 394/394/394
f 334/334/334 335/335/335 396/396/396 395/395/395
f 335/335/335 336/336/336 397/397/397 396/396/396
f 336/336/336 337/337/337 398/398/398 397/397/397
f 337/337/337 338/338/338 399/399/399 398/398/398
f 338/338/338 339/339/339 400/400/400 399/399/399
f 339/339/339 340/340/340 401/401/401 400/400/400
f 340/340/340 341/341/341 402/402/402 401/401/401
f 341/341/341 342/342/342 403/403/403 402/402/402
f 342/342/342 343/343/343 404/404/404 403/403/403
f 343/343/343 344/344/344 405/405/405 404/404/404
f 344/344/344 345/345/345 406/406/406 405/405/405
f 345/345/345 346/346/346 407/407/407 406/406/406
f 346/346/346 347/347/347 408/408/408 407/407/407
f 347/347/347 348/348/348 409/409/409 408/408/408
f 348/348/348 349/349/349 410/410/410 409/409/409
f 349/349/349 350/350/350 411/411/411 410/410/410
f 350/350/350 351/351/351 412/412/412 411/411/411
f 351/351/351 352/352/352 413/413/413 412/412/412
f 352/352/352 353/353/353 414/414/414 413/413/413
f 353/353/353 354/354/354 415/415/415 414/414/414
f 354/354/354 355/355/355 416/416/416 415/415/415
f 355/355/355 356/356/356 417/417/417 416/416/416
f 356/356/356 357/357/357 418/418/418 417/417/417
f 357/357/357 358/358/358 419/419/419 418/418/418
f 358/358/358 359/359/359 420/420/420 419/419/419
f 359/359/359 360/360/360 421/421/421 420/420/420
f 360/360/360 361/361/361 422/422/422 421/421/421
f 361/361/361 362/362/362 423/423/423 422/422/422
f 362/362/362 363/363/363 424/424/424 423/423/423
f 363/363/363 364/364/364 425/425/425 424/424/424
f 364/364/364 365/365/365 426/426/426 425/425/425
f 365/365/365 366/366/366 427/427/427 426/426/426
f 367/367/368 368/368/367 429/429/428 428/428/429
f 368/368/367 369/369/369 430/430/430 429/429/428
f 369/369/369 370/370/370 431/431/431 430/430/430
f 370/370/370 371/371/371 432/432/432 431/431/431
f 371/371/371 372/372/372 433/433/433 432/432/432
f 372/372/372 373/373/373 434/434/434 433/433/433
f 373/373/373 374/374/374 435/435/435 434/434/434
f 374/374/374 375/375/375 436/436/436 435/435/435
f 375/375/375 376/376/376 437/437/437 436/436/436
f 376/376/376 377/377/377 438/438/438 437/437/437
f 377/377/377 378/378/378 439/439/439 438/438/438
f 378/378/378 379/379/379 440/440/440 439/439/439
f 379/379/379 380/380/380 441/441/441 440/440/440
f 380/380/380 381/381/381 442/442/442 441/441/441
f 381/381/381 382/382/382 443/443/443 442/442/442
f 382/382/382 383/383/383 444/444/444 443/443/443
f 383/383/383 384/384/384 445/445/445 444/444/444
f 384/384/384 385/385/385 446/446/446 445/445/445
f 385/385/385 386/386/386 447/447/447 446/446/446
f 386/386/386 387/387/387 448/448/448 447/447/447
f 387/387/387 388/388/388 449/449/449 448/448/448
f 388/388/388 389/389/389 450/450/450 449/449/449
f 389/389/389 390/390/390 451/451/451 450/450/450
f 390/390/390 391/391/391 452/452/452 451/451/451
f 391/391/391 392/392/392 453/453/453 452/452/452
f 392/392/392 393/393/393 454/454/454 453/453/453
f 393/393/393 394/394/394 455/455/455 454/454/454
f 394/394/394 395/395/395 456/456/456 455/455/455
f 395/395/395 396/396/396 457/457/457 456/456/456
f 396/396/396 397/397/397 458/458/458 457/457/457
f 397/397/397 398/398/398 459/459/459 458/458/458
f 398/398/398 399/399/399 460/460/460 459/459/459
f 399/399/399 400/400/400 461/461/461 460/460/460
f 400/400/400 401/401/401 462/462/462 461/461/461
f 401/401/401 402/402/402 463/463/463 462/462/462
f 402/402/402 403/403/403 464/464/464 463/463/463
f 403/403/403 404/404/404 465/465/465 464/464/464
f 404/404/404 405/405/405 466/466/466 465/465/465
f 405/405/405 406/406/406 467/467/467 466/466/466
f 406/406/406 407/407/407 468/468/468 467/467/467
f 407/407/407 408/408/408 469/469/469 468/468/468
f 408/408/408 409/409/409 470/470/470 469/469/469
f 409/409/409 410/410/410 471/471/471 470/470/470
f 410/410/410 411/411/411 472/472/472 471/471/471
f 411/411/411 412/412/412 473/473/473 472/472/472
f 412/412/412 413/413/413 474/474/474 473/473/473
f 413/413/413 414/414/414 475/475/475 474/474/474
f 414/414/414 415/415/415 476/476/476 475/475/475
f 415/415/415 416/416/416 477/477/477 476/476/476
f 416/416/416 417/417/417 478/478/478 477/477/477
f 417/417/417 418/418/418 479/479/479 478/478/478
f 418/418/418 419/419/419 480/480/480 479/479/479
f 419/419/419 420/420/420 481/481/481 480/480/480
f 420/420/420 421/421/421 482/482/482 481/481/481
f 421/421/421 422/422/422 483/483/483 482/482/482
f 422/422/422 423/423/423 484/484/484 483/483/483
f 423/423/423 424/424/424 485/485/485 484/484/484
f 424/424/424 425/425/425 486/486/486 485/485/485
f 425/425/425 426/426/426 487/487/487 486/486/486
f 426/426/426 427/427/427 488/488/488 487/487/487
f 428/428/429 429/429/428 490/490/489 489/489/490
f 429/429/428 430/430/430 491/491/491 490/490/489
f 430/430/430 431/431/431 492/492/492 491/491/491
f 431/431/431 432/432/432 493/493/493 492/492/492
f 432/432/432 433/433/433 494/494/494 493/493/493
f 433/433/433 434/434/434 495/495/495 494/494/494
f 434/434/434 435/435/435 496/496/496 495/495/495
f 435/435/435 436/436/436 497/497/497 496/496/496
f 436/436/436 437/437/437 498/498/498 497/497/497
f 437/437/437 438/438/438 499/499/499 498/498/498
f 438/438/438 439/439/439 500/500/500 499/499/499
f 439/439/439 440/440/440 501/501/501 500/500/500
f 440/440/440 441/441/441 502/502/502 501/501/501
f 441/441/441 442/442/442 503/503/503 502/502/502
f 442/442/442 443/443/443 504/504/504 503/503/503
f 443/443/443 444/444/444 505/505/505 504/504/504
f 444/444/444 445/445/445 506/506/506 505/505/505
f 445/445/445 446/446/446 507/507/507 506/506/506
f 446/446/446 447/447/447 508/508/508 507/507/507
f 447/447/447 448/448/448 509/509/509 508/508/508
f 448/448/448 449/449/449 510/510/510 509/509/509
f 449/449/449 450/450/450 511/511/511 510/510/510
f 450/450/450 451/451/451 512/512/512 511/511/511
f 451/451/451 452/452/452 513/513/513 512/512/512
f 452/452/452 453/453/453 514/514/514 513/513/513
f 453/453/453 454/454/454 515/515/515 514/514/514
f 454/454/454 455/455/455 516/516/516 515/515/515
f 455/455/455 456/456/456 517/517/517 516/516/516
f 456/456/456 457/457/457 518/518/518 517/517/517
f 457/457/457 458/458/458 519/519/519 518/518/518
f 458/458/458 459/459/459 520/520/520 519/519/519
f 459/459/459 460/460/460 521/521/521 520/520/520
f 460/460/460 461/461/461 522/522/522 521/521/521
f 461/461/461 462/462/462 523/523/523 522/522/522
f 462/462/462 463/463/463 524/524/524 523/523/523
f 463/463/463 464/464/464 525/525/525 524/524/524
f 464/464/464 465/465/465 526/526/526 525/525/525
f 465/465/465 466/466/466 527/527/527 526/526/526
f 466/466/466 467/467/467 528/528/528 527/527/527
f 467/467/467 468/468/468 529/529/529 528/528/528
f 468/468/468 469/469/469 530/530/530 529/529/529
f 469/469/469 470/470/470 531/531/531 530/530/530
f 470/470/470 471/471/471 532/532/532 531/531/531
f 471/471/471 472/472/472 533/533/533 532/532/532
f 472/472/472 473/473/473 534/534/534 533/533/533
f 473/473/473 474/474/474 535/535/535 534/534/534
f 474/474/474 475/475/475 536/536/536 535/535/535
f 475/475/475 476/476/476 537/537/537 536/536/536
f 476/476/476 477/477/477 538/538/538 537/537/537
f 477/477/477 478/478/478 539/539/539 538/538/538
f 478/478/478 479/479/479 540/540/540 539/539/539
f 479/479/479 480/480/480 541/541/541 540/540/540
f 480/480/480 481/481/481 542/542/542 541/541/541
f 481/481/481 482/482/482 543/543/543 542/542/542
f 482/482/482 483/483/483 544/544/544 543/543/543
f 483/483/483 484/484/484 545/545/545 544/544/544
f 484/484/484 485/485/485 546/546/546 545/545/545
f 485/485/485 486/486/486 547/547/547 546/546/546
f 486/486/486 487/487/487 548/548/548 547/547/547
f 487/487/487 488/488/488 549/549/549 548/548/548
f 489/489/490 490/490/489 551/551/550 550/550/551
f 490/490/489 491/491/491 552/552/552 551/551/550
f 491/491/491 492/492/492 553/553/553 552/552/552
f 492/492/492 493/493/493 554/554/554 553/553/553
f 493/493/493 494/494/494 555/555/555 554/554/554
f 494/494/494 495/495/495 556/556/556 555/555/555
f 495/495/495 496/496/496 557/557/557 556/556/556
f 496/496/496 497/497/497 558/558/558 557/557/557
f 497/497/497 498/498/498 559/559/559 558/558/558
f 498/498/498 499/499/499 560/560/560 559/559/559
f 499/499/499 500/500/500 561/561/561 560/560/560
f 500/500/500 501/501/501 562/562/562 561/561/561
f 501/501/501 502/502/502 563/563/563 562/562/562
f 502/502/502 503/503/503 564/564/564 563/563/563
f 503/503/503 504/504/504 565/565/565 564/564/564
f 504/504/504 505/505/505 566/566/566 565/565/565
f 505/505/505 506/506/506 567/567/567 566/566/566
f 506/506/506 507/507/507 568/568/568 567/567/567
f 507/507/507 508/508/508 569/569/569 568/568/568
f 508/508/508 509/509/509 570/570/570 569/569/569
f 509/509/509 510/510/510 571/571/571 570/570/570
f 510/510/510 511/511/511 572/572/572 571/571/571
f 511/511/511 512/512/512 573/573/573 572/572/572
f 512/512/512 513/513/513 574/574/574 573/573/573
f 513/513/513 514/514/514 575/575/575 574/574/574
f 514/514/514 515/515/515 576/576/576 575/575/575
f 515/515/515 516/516/516 577/577/577 576/576/576
f 516/516/516 517/517/517 578/578/578 577/577/577
f 517/517/517 518/518/518 579/579/579 578/578/578
f 518/518/518 519/519/519 580/580/580 579/579/579
f 519/519/519 520/520/520 581/581/581 580/580/580
f 520/520/520 521/521/521 582/582/582 581/581/581
f 521/521/521 522/522/522 583/583/583 582/582/582
f 522/522/522 523/523/523 584/584/584 583/583/583
f 523/523/523 524/524/524 585/585/585 584/584/584
f 524/524/524 525/525/525 586/586/586 585/585/585
f 525/525/525 526/526/526 587/587/587 586/586/586
f 526/526/526 527/527/527 588/588/588 587/587/587
f 527/527/527 528/528/528 589/589/589 588/588/588
f 528/528/528 529/529/529 590/590/590 589/589/589
f 529/529/529 530/530/530 591/591/591 590/590/590
f 530/530/530 531/531/531 592/592/592 591/591/591
f 531/531/531 532/532/532 593/593/593 592/592/592
f 532/532/532 533/533/533 594/594/594 593/593/593
f 533/533/533 534/534/534 595/595/595 594/594/594
f 534/534/534 535/535/535 596/596/596 595/595/595
f 535/535/535 536/536/536 597/597/597 596/596/596
f 536/536/536 537/537/537 598/598/598 597/597/597
f 537/537/537 538/538/538 599/599/599 598/598/598
f 538/538/538 539/539/539 600/600/600 599/599/599
f 539/539/539 540/540/540 601/601/601 600/600/600
f 540/540/540 541/541/541 602/602/602 601/601/601
f 541/541/541 542/542/542 603/603/603 602/602/602
f 542/542/542 543/543/543 604/604/604 603/603/603
f 543/543/543 544/544/544 605/605/605 604/604/604
f 544/544/544 545/545/545 606/606/606 605/605/605
f 545/545/545 546/546/546 607/607/607 606/606/606
f 546/546/546 547/547/547 608/608/608 607/607/607
f 547/547/547 548/548/548 609/609/609 608/608/608
f 548/548/548 549/549/549 610/610/610 609/609/609
f 550/550/551 551/551/550 612/612/611 611/611/612
f 551/551/550 552/552/552 613/613/613 612/612/611
f 552/552/552 553/553/553 614/614/614 613/613/613
f 553/553/553 554/554/554 615/615/615 614/614/614
f 554/554/554 555/555/555 616/616/616 615/615/615
f 555/555/555 556/556/556 617/617/617 616/616/616
f 556/556/556 557/557/557 618/618/618 617/617/617
f 557/557/557 558/558/558 619/619/619 618/618/618
f 558/558/558 559/559/559 620/620/620 619/619/619
f 559/559/559 560/560/560 621/621/621 620/620/620
f 560/560/560 561/561/561 622/622/622 621/621/621
f 561/561/561 562/562/562 623/623/623 622/622/622
f 562/562/562 563/563/563 624/624/624 623/623/623
f 563/563/563 564/564/564 625/625/625 624/624/624
f 564/564/564 565/565/565 626/626/626 625/625/625
f 565/565/565 566/566/566 627/627/627 626/626/626
f 566/566/566 567/567/567 628/628/628 627/627/627
f 567/567/567 568/568/568 629/629/629 628/628/628
f 568/568/568 569/569/569 630/630/630 629/629/629
f 569/569/569 570/570/570 631/631/631 630/630/630
f 570/570/570 571/571/571 632/632/632 631/631/631
f 571/571/571 572/572/572 633/633/633 632/632/632
f 572/572/572 573/573/573 634/634/634 633/633/633
f 573/573/573 574/574/574 635/635/635 634/634/634
f 574/574/574 575/575/575 636/636/636 635/635/635
f 575/575/575 576/576/576 637/637/637 636/636/636
f 576/576/576 577/577/577 638/638/638 637/637/637
f 577/577/577 578/578/578 639/639/639 638/638/638
f 578/578/578 579/579/579 640/640/640 639/639/639
f 579/579/579 580/580/580 641/641/641 640/640/640
f 580/580/580 581/581/581 642/642/642 641/641/641
f 581/581/581 582/582/582 643/643/643 642/642/642
f 582/582/582 583/583/583 644/644/644 643/643/643
f 583/583/583 584/584/584 645/645/645 644/644/644
f 584/584/584 585/585/585 646/646/646 645/645/645
f 585/585/585 586/586/586 647/647/647 646/646/646
f 586/586/586 587/587/587 648/648/648 647/647/647
f 587/587/587 588/588/588 649/649/649 648/648/648
f 588/588/588 589/589/589 650/650/650 649/649/649
f 589/589/589 590/590/590 651/651/651 650/650/650
f 590/590/590 591/591/591 652/652/652 651/651/651
f 591/591/591 592/592/592 653/653/653 652/652/652
f 592/592/592 593/593/593 654/654/654 653/653/653
f 593/593/593 594/594/594 655/655/655 654/654/654
f 594/594/594 595/595/595 656/656/656 655/655/655
f 595/595/595 596/596/596 657/657/657 656/656/656
f 596/596/596 597/597/597 658/658/658 657/657/657
f 597/597/597 598/598/598 659/659/659 658/658/658
f 598/598/598 599/599/599 660/660/660 659/659/659
f 599/599/599 600/600/600 661/661/661 660/660/660
f 600/600/600 601/601/601 662/662/662 661/661/661
f 601/601/601 602/602/602 663/663/663 662/662/662
f 602/602/602 603/603/603 664/664/664 663/663/663
f 603/603/603 604/604/604 665/665/665 664/664/664
f 604/604/604 605/605/605 666/666/666 665/665/665
f 605/605/605 606/606/606 667/667/667 666/666/666
f 606/606/606 607/607/607 668/668/668 667/667/667
f 607/607/607 608/608/608 669/669/669 668/668/668
f 608/608/608 609/609/609 670/670/670 669/669/669
f 609/609/609 610/610/610 671/671/671 670/670/670
f 611/611/612 612/612/611 673/673/672 672/672/673
f 612/612/611 613/613/613 674/674/674 673/673/672
f 613/613/613 614/614/614 675/675/675 674/674/674
f 614/614/614 615/615/615 676/676/676 675/675/675
f 615/615/615 616/616/616 677/677/677 676/676/676
f 616/616/616 617/617/617 678/678/678 677/677/677
f 617/617/617 618/618/618 679/679/679 678/678/678
f 618/618/618 619/619/619 680/680/680 679/679/679
f 619/619/619 620/620/620 681/681/681 680/680/680
f 620/620/620 621/621/621 682/682/682 681/681/681
f 621/621/621 622/622/622 683/683/683 682/682/682
f 622/622/622 623/623/623 684/684/684 683/683/683
f 623/623/623 624/624/624 685/685/685 684/684/684
f 624/624/624 625/625/625 686/686/686 685/685/685
f 625/625/625 626/626/626 687/687/687 686/686/686
f 626/626/626 627/627/627 688/688/688 687/687/687
f 627/627/627 628/628/628 689/689/689 688/688/688
f 628/628/628 629/629/629 690/690/690 689/689/689
f 629/629/629 630/630/630 691/691/691 690/690/690
f 630/630/630 631/631/631 692/692/692 691/691/691
f 631/631/631 632/632/632 693/693/693 692/692/692
f 632/632/632 633/633/633 694/694/694 693/693/693
f 633/633/633 634/634/634 695/695/695 694/694/694
f 634/634/634 635/635/635 696/696/696 695/695/695
f 635/635/635 636/636/636 697/697/697 696/696/696
f 636/636/636 637/637/637 698/698/698 697/697/697
f 637/637/637 638/638/638 699/699/699 698/698/698
f 638/638/638 639/639/639 700/700/700 699/699/699
f 639/639/639 640/640/640 701/701/701 700/700/700
f 640/640/640 641/641/641 702/702/702 701/701/701
f 641/641/641 642/642/642 703/703/703 702/702/702
f 642/642/642 643/643/643 704/704/704 703/703/703
f 643/643/643 644/644/644 705/705/705 704/704/704
f 644/644/644 645/645/645 706/706/706 705/705/705
f 645/645/645 646/646/646 707/707/707 706/706/706
f 646/646/646 647/647/647 708/708/708 707/707/707
f 647/647/647 648/648/648 709/709/709 708/708/708
f 648/648/648 649/649/649 710/710/710 709/709/709
f 649/649/649 650/650/650 711/711/711 710/710/710
f 650/650/650 651/651/651 712/712/712 711/711/711
f 651/651/651 652/652/652 713/713/713 712/712/712
f 652/652/652 653/653/653 714/714/714 713/713/713
f 653/653/653 654/654/654 715/715/715 714/714/714
f 654/654/654 655/655/655 716/716/716 715/715/715
f 655/655/655 656/656/656 717/717/717 716/716/716
f 656/656/656 657/657/657 718/718/718 717/717/717
f 657/657/657 658/658/658 719/719/719 718/718/718
f 658/658/658 659/659/659 720/720/720 719/719/719
f 659/659/659 660/660/660 721/721/721 720/720/720
f 660/660/660 661/661/661 722/722/722 721/721/721
f 661/661/661 662/662/662 723/723/723 722/722/722
f 662/662/662 663/663/663 724/724/724 723/723/723
f 663/663/663 664/664/664 725/725/725 724/724/724
f 664/664/664 665/665/665 726/726/726 725/725/725
f 665/665/665 666/666/666 727/727/727 726/726/726
f 666/666/666 667/667/667 728/728/728 727/727/727
f 667/667/667 668/668/668 729/729/729 728/728/728
f 668/668/668 669/669/669 730/730/730 729/729/729
f 669/669/669 670/670/670 731/731/731 730/730/730
f 670/670/670 671/671/671 732/732/732 731/731/731
f 672/672/673 673/673/672 734/734/733 733/733/734
f 673/673/672 674/674/674 735/735/735 734/734/733
f 674/674/674 675/675/675 736/736/736 735/735/735
f 675/675/675 676/676/676 737/737/737 736/736/736
f 676/676/676 677/677/677 738/738/738 737/737/737
f 677/677/677 678/678/678 739/739/739 738/738/738
f 678/678/678 679/679/679 740/740/740 739/739/739
f 679/679/679 680/680/680 741/741/741 740/740/740
f 680/680/680 681/681/681 742/742/742 741/741/741
f 681/681/681 682/682/682 743/743/743 742/742/742
f 682/682/682 683/683/683 744/744/744 743/743/743
f 683/683/683 684/684/684 745/745/745 744/744/744
f 684/684/684 685/685/685 746/746/746 745/745/745
f 685/685/685 686/686/686 747/747/747 746/746/746
f 686/686/686 687/687/687 748/748/748 747/747/747
f 687/687/687 688/688/688 749/749/749 748/748/748
f 688/688/688 689/689/689 750/750/750 749/749/749
f 689/689/689 690/690/690 751/751/751 750/750/750
f 690/690/690 691/691/691 752/752/752 751/751/751
f 691/691/691 692/692/692 753/753/753 752/752/752
f 692/692/692 693/693/693 754/754/754 753/753/753
f 693/693/693 694/694/694 755/755/755 754/754/754
f 694/694/694 695/695/695 756/756/756 755/755/755
f 695/695/695 696/696/696 757/757/757 756/756/756
f 696/696/696 697/697/697 758/758/758 757/757/757
f 697/697/697 698/698/698 759/759/759 758/758/758
f 698/698/698 699/699/699 760/760/760 759/759/759
f 699/699/699 700/700/700 761/761/761 760/760/760
f 700/700/700 701/701/701 762/762/762 761/761/761
f 701/701/701 702/702/702 763/763/763 762/762/762
f 702/702/702 703/703/703 764/764/764 763/763/763
f 703/703/703 704/704/704 765/765/765 764/764/764
f 704/704/704 705/705/705 766/766/766 765/765/765
f 705/705/705 706/706/706 767/767/767 766/766/766
f 706/706/706 707/707/707 768/768/768 767/767/767
f 707/707/707 708/708/708 769/769/769 768/768/768
f 708/708/708 709/709/709 770/770/770 769/769/769
f 709/709/709 710/710/710 771/771/771 770/770/770
f 710/710/710 711/711/711 772/772/772 771/771/771
f 711/711/711 712/712/712 773/773/773 772/772/772
f 712/712/712 713/713/713 774/774/774 773/773/773
f 713/713/713 714/714/714 775/775/775 774/774/774
f 714/714/714 715/715/715 776/776/776 775/775/775
f 715/715/715 716/716/716 777/777/777 776/776/776
f 716/716/716 717/717/717 778/778/778 777/777/777
f 717/717/717 718/718/718 779/779/779 778/778/778
f 718/718/718 719/719/719 780/780/780 779/779/779
f 719/719/719 720/720/720 781/781/781 780/780/780
f 720/720/720 721/721/721 782/782/782 781/781/781
f 721/721/721 722/722/722 783/783/783 782/782/782
f 722/722/722 723/723/723 784/784/784 783/783/783
f 723/723/723 724/724/724 785/785/785 784/784/784
f 724/724/724 725/725/725 786/786/786 785/785/785
f 725/725/725 726/726/726 787/787/787 786/786/786
f 726/726/726 727/727/727 788/788/788 787/787/787
f 727/727/727 728/728/728 789/789/789 788/788/788
f 728/728/728 729/729/729 790/790/790 789/789/789
f 729/729/729 730/730/730 791/791/791 790/790/790
f 730/730/730 731/731/731 792/792/792 791/791/791
f 731/731/731 732/732/732 793/793/793 792/792/792
f 733/733/734 734/734/733 795/795/794 794/794/795
f 734/734/733 735/735/735 796/796/796 795/795/794
f 735/735/735 736/736/736 797/797/797 796/796/796
f 736/736/736 737/737/737 798/798/798 797/797/797
f 737/737/737 738/738/738 799/799/799 798/798/798
f 738/738/738 739/739/739 800/800/800 799/799/799
f 739/739/739 740/740/740 801/801/801 800/800/800
f 740/740/740 741/741/741 802/802/802 801/801/801
f 741/741/741 742/742/742 803/803/803 802/802/802
f 742/742/742 743/743/743 804/804/804 803/803/803
f 743/743/743 744/744/744 805/805/805 804/804/804
f 744/744/744 745/745/745 806/806/806 805/805/805
f 745/745/745 746/746/746 807/807/807 806/806/806
f 746/746/746 747/747/747 808/808/808 807/807/807
f 747/747/747 748/748/748 809/809/809 808/808/808
f 748/748/748 749/749/749 810/810/810 809/809/809
f 749/749/749 750/750/750 811/811/811 810/810/810
f 750/750/750 751/751/751 812/812/812 811/811/811
f 751/751/751 752/752/752 813/813/813 812/812/812
f 752/752/752 753/753/753 814/814/814 813/813/813
f 753/753/753 754/754/754 815/815/815 814/814/814
f 754/754/754 755/755/755 816/816/816 815/815/815
f 755/755/755 756/756/756 817/817/817 816/816/816
f 756/756/756 757/757/757 818/818/818 817/817/817
f 757/757/757 758/758/758 819/819/819 818/818/818
f 758/758/758 759/759/759 820/820/820 819/819/819
f 759/759/759 760/760/760 821/821/821 820/820/820
f 760/760/760 761/761/761 822/822/822 821/821/821
f 761/761/761 762/762/762 823/823/823 822/822/822
f 762/762/762 763/763/763 824/824/824 823/823/823
f 763/763/763 764/764/764 825/825/825 824/824/824
f 764/764/764 765/765/765 826/826/826 825/825/825
f 765/765/765 766/766/766 827/827/827 826/826/826
f 766/766/766 767/767/767 828/828/828 827/827/827
f 767/767/767 768/768/768 829/829/829 828/828/828
f 768/768/768 769/769/769 830/830/830 829/829/829
f 769/769/769 770/770/770 831/831/831 830/830/830
f 770/770/770 771/771/771 832/832/832 831/831/831
f 771/771/771 772/772/772 833/833/833 832/832/832
f 772/772/772 773/773/773 834/834/834 833/833/833
f 773/773/773 774/774/774 835/835/835 834/834/834
f 774/774/774 775/775/775 836/836/836 835/835/835
f 775/775/775 776/776/776 837/837/837 836/836/836
f 776/776/776 777/777/777 838/838/838 837/837/837
f 777/777/777 778/778/778 839/839/839 838/838/838
f 778/778/778 779/779/779 840/840/840 839/839/839
f 779/779/779 780/780/780 841/841/841 840/840/840
f 780/780/780 781/781/781 842/842/842 841/841/841
f 781/781/781 782/782/782 843/843/843 842/842/842
f 782/782/782 783/783/783 844/844/844 843/843/843
f 783/783/783 784/784/784 845/845/845 844/844/844
f 784/784/784 785/785/785 846/846/846 845/845/845
f 785/785/785 786/786/786 847/847/847 846/846/846
f 786/786/786 787/787/787 848/848/848 847/847/847
f 787/787/787 788/788/788 849/849/849 848/848/848
f 788/788/788 789/789/789 850/850/850 849/849/849
f 789/789/789 790/790/790 851/851/851 850/850/850
f 790/790/790 791/791/791 852/852/852 851/851/851
f 791/791/791 792/792/792 853/853/853 852/852/852
f 792/792/792 793/793/793 854/854/854 853/853/853
f 794/794/795 795/795/794 856/856/855 855/855/856
f 795/795/794 796/796/796 857/857/857 856/856/855
f 796/796/796 797/797/797 858/858/858 857/857/857
f 797/797/797 798/798/798 859/859/859 858/858/858
f 798/798/798 799/799/799 860/860/860 859/859/859
f 799/799/799 800/800/800 861/861/861 860/860/860
f 800/800/800 801/801/801 862/862/862 861/861/861
f 801/801/801 802/802/802 863/863/863 862/862/862
f 802/802/802 803/803/803 864/864/864 863/863/863
f 803/803/803 804/804/804 865/865/865 864/864/864
f 804/804/804 805/805/805 866/866/866 865/865/865
f 805/805/805 806/806/806 867/867/867 866/866/866
f 806/806/806 807/807/807 868/868/868 867/867/867
f 807/807/807 808/808/808 869/869/869 868/868/868
f 808/808/808 809/809/809 870/870/870 869/869/869
f 809/809/809 810/810/810 871/871/871 870/870/870
f 810/810/810 811/811/811 872/872/872 871/871/871
f 811/811/811 812/812/812 873/873/873 872/872/872
f 812/812/812 813/813/813 874/874/874 873/873/873
f 813/813/813 814/814/814 875/875/875 874/874/874
f 814/814/814 815/815/815 876/876/876 875/875/875
f 815/815/815 816/816/816 877/877/877 876/876/876
f 816/816/816 817/817/817 878/878/878 877/877/877
f 817/817/817 818/818/818 879/879/879 878/878/878
f 818/818/818 819/819/819 880/880/880 879/879/879
f 819/819/819 820/820/820 881/881/881 880/880/880
f 820/820/820 821/821/821 882/882/882 881/881/881
f 821/821/821 822/822/822 883/883/883 882/882/882
f 822/822/822 823/823/823 884/884/884 883/883/883
f 823/823/823 824/824/824 885/885/885 884/884/884
f 824/824/824 825/825/825 886/886/886 885/885/885
f 825/825/825 826/826/826 887/887/887 886/886/886
f 826/826/826 827/827/827 888/888/888 887/887/887
f 827/827/827 828/828/828 889/889/889 888/888/888
f 828/828/828 829/829/829 890/890/890 889/889/889
f 829/829/829 830/830/830 891/891/891 890/890/890
f 830/830/830 831/831/831 892/892/892 891/891/891
f 831/831/831 832/832/832 893/893/893 892/892/892
f 832/832/832 833/833/833 894/894/894 893/893/893
f 833/833/833 834/834/834 895/895/895 894/894/894
f 834/834/834 835/835/835 896/896/896 895/895/895
f 835/835/835 836/836/836 897/897/897 896/896/896
f 836/836/836 837/837/837 898/898/898 897/897/897
f 837/837/837 838/838/838 899/899/899 898/898/898
f 838/838/838 839/839/839 900/900/900 899/899/899
f 839/839/839 840/840/840 901/901/901 900/900/900
f 840/840/840 841/841/841 902/902/902 901/901/901
f 841/841/841 842/842/842 903/903/903 902/902/902
f 842/842/842 843/843/843 904/904/904 903/903/903
f 843/843/843 844/844/844 905/905/905 904/904/904
f 844/844/844 845/845/845 906/906/906 905/905/905
f 845/845/845 846/846/846 907/907/907 906/906/906
f 846/846/846 847/847/847 908/908/908 907/907/907
f 847/847/847 848/848/848 909/909/909 908/908/908
f 848/848/848 849/849/849 910/910/910 909/909/909
f 849/849/849 850/850/850 911/911/911 910/910/910
f 850/850/850 851/851/851 912/912/912 911/911/911
f 851/851/851 852/852/852 913/913/913 912/912/912
f 852/852/852 853/853/853 914/914/914 913/913/913
f 853/853/853 854/854/854 915/915/915 914/914/914
f 855/855/856 856/856/855 917/917/916 916/916/917
f 856/856/855 857/857/857 918/918/918 917/917/916
f 857/857/857 858/858/858 919/919/919 918/918/918
f 858/858/858 859/859/859 920/920/920 919/919/919
f 859/859/859 860/860/860 921/921/921 920/920/920
f 860/860/860 861/861/861 922/922/922 921/921/921
f 861/861/861 862/862/862 923/923/923 922/922/922
f 862/862/862 863/863/863 924/924/924 923/923/923
f 863/863/863 864/864/864 925/925/925 924/924/924
f 864/864/864 865/865/865 926/926/926 925/925/925
f 865/865/865 866/866/866 927/927/927 926/926/926
f 866/866/866 867/867/867 928/928/928 927/927/927
f 867/867/867 868/868/868 929/929/929 928/928/928
f 868/868/868 869/869/869 930/930/930 929/929/929
f 869/869/869 870/870/870 931/931/931 930/930/930
f 870/870/870 871/871/871 932/932/932 931/931/931
f 871/871/871 872/872/872 933/933/933 932/932/932
f 872/872/872 873/873/873 934/934/934 933/933/933
f 873/873/873 874/874/874 935/935/935 934/934/934
f 874/874/874 875/875/875 936/936/936 935/935/935
f 875/875/875 876/876/876 937/937/937 936/936/936
f 876/876/876 877/877/877 938/938/938 937/937/937
f 877/877/877 878/878/878 939/939/939 938/938/938
f 878/878/878 879/879/879 940/940/940 939/939/939
f 879/879/879 880/880/880 941/941/941 940/940/940
f 880/880/880 881/881/881 942/942/942 941/941/941
f 881/881/881 882/882/882 943/943/943 942/942/942
f 882/882/882 883/883/883 944/944/944 943/943/943
f 883/883/883 884/884/884 945/945/945 944/944/944
f 884/884/884 885/885/885 946/946/946 945/945/945
f 885/885/885 886/886/886 947/947/947 946/946/946
f 886/886/886 887/887/887 948/948/948 947/947/947
f 887/887/887 888/888/888 949/949/949 948/948/948
f 888/888/888 889/889/889 950/950/950 949/949/949
f 889/889/889 890/890/890 951/951/951 950/950/950
f 890/890/890 891/891/891 952/952/952 951/951/951
f 891/891/891 892/892/892 953/953/953 952/952/952
f 892/892/892 893/893/893 954/954/954 953/953/953
f 893/893/893 894/894/894 955/955/955 954/954/954
f 894/894/894 895/895/895 956/956/956 955/955/955
f 895/895/895 896/896/896 957/957/957 956/956/956
f 896/896/896 897/897/897 958/958/958 957/957/957
f 897/897/897 898/898/898 959/959/959 958/958/958
f 898/898/898 899/899/899 960/960/960 959/959/959
f 899/899/899 900/900/900 961/961/961 960/960/960
f 900/900/900 901/901/901 962/962/962 961/961/961
f 901/901/901 902/902/902 963/963/963 962/962/962
f 902/902/902 903/903/903 964/964/964 963/963/963
f 903/903/903 904/904/904 965/965/965 964/964/964
f 904/904/904 905/905/905 966/966/966 965/965/965
f 905/905/905 906/906/906 967/967/967 966/966/966
f 906/906/906 907/907/907 968/968/968 967/967/967
f 907/907/907 908/908/908 969/969/969 968/968/968
f 908/908/908 909/909/909 970/970/970 969/969/969
f 909/909/909 910/910/910 971/971/971 970/970/970
f 910/910/910 911/911/911 972/972/972 971/971/971
f 911/911/911 912/912/912 973/973/973 972/972/972
f 912/912/912 913/913/913 974/974/974 973/973/973
f 913/913/913 914/914/914 975/975/975 974/974/974
f 914/914/914 915/915/915 976/976/976 975/975/975
f 916/916/917 917/917/916 978/978/977 977/977/978
f 917/917/916 918/918/918 979/979/979 978/978/977
f 918/918/918 919/919/919 980/980/980 979/979/979
f 919/919/919 920/920/920 981/981/981 980/980/980
f 920/920/920 921/921/921 982/982/982 981/981/981
f 921/921/921 922/922/922 983/983/983 982/982/982
f 922/922/922 923/923/923 984/984/984 983/983/983
f 923/923/923 924/924/924 985/985/985 984/984/984
f 924/924/924 925/925/925 986/986/986 985/985/985
f 925/925/925 926/926/926 987/987/987 986/986/986
f 926/926/926 927/927/927 988/988/988 987/987/987
f 927/927/927 928/928/928 989/989/989 988/988/988
f 928/928/928 929/929/929 990/990/990 989/989/989
f 929/929/929 930/930/930 991/991/991 990/990/990
f 930/930/930 931/931/931 992/992/992 991/991/991
f 931/931/931 932/932/932 993/993/993 992/992/992
f 932/932/932 933/933/933 994/994/994 993/993/993
f 933/933/933 934/934/934 995/995/995 994/994/994
f 934/934/934 935/935/935 996/996/996 995/995/995
f 935/935/935 936/936/936 997/997/997 996/996/996
f 936/936/936 937/937/937 998/998/998 997/997/997
f 937/937/937 938/938/938 999/999/999 998/998/998
f 938/938/938 939/939/939 1000/1000/1000 999/999/999
f 939/939/939 940/940/940 1001/1001/1001 1000/1000/1000
f 940/940/940 941/941/941 1002/1002/1002 1001/1001/1001
f 941/941/941 942/942/942 1003/1003/1003 1002/1002/1002
f 942/942/942 943/943/943 1004/1004/1004 1003/1003/1003
f 943/943/943 944/944/944 1005/1005/1005 1004/1004/1004
f 944/944/944 945/945/945 1006/1006/1006 1005/1005/1005
f 945/945/945 946/946/946 1007/1007/1007 1006/1006/1006
f 946/946/946 947/947/947 1008/1008/1008 1007/1007/1007
f 947/947/947 948/948/948 1009/1009/1009 1008/1008/1008
f 948/948/948 949/949/949 1010/1010/1010 1009/1009/1009
f 949/949/949 950/950/950 1011/1011/1011 1010/1010/1010
f 950/950/950 951/951/951 1012/1012/1012 1011/1011/1011
f 951/951/951 952/952/952 1013/1013/1013 1012/1012/1012
f 952/952/952 953/953/953 1014/1014/1014 1013/1013/1013
f 953/953/953 954/954/954 1015/1015/1015 1014/1014/1014
f 954/954/954 955/955/955 1016/1016/1016 1015/1015/1015
f 955/955/955 956/956/956 1017/1017/1017 1016/1016/1016
f 956/956/956 957/957/957 1018/1018/1018 1017/1017/1017
f 957/957/957 958/958/958 1019/1019/1019 1018/1018/1018
f 958/958/958 959/959/959 1020/1020/1020 1019/1019/1019
f 959/959/959 960/960/960 1021/1021/1021 1020/1020/1020
f 960/960/960 961/961/961 1022/1022/1022 1021/1021/1021
f 961/961/961 962/962/962 1023/1023/1023 1022/1022/1022
f 962/962/962 963/963/963 1024/1024/1024 1023/1023/1023
f 963/963/963 964/964/964 1025/1025/1025 1024/1024/1024
f 964/964/964 965/965/965 1026/1026/1026 1025/1025/1025
f 965/965/965 966/966/966 1027/1027/1027 1026/1026/1026
f 966/966/966 967/967/967 1028/1028/1028 1027/1027/1027
f 967/967/967 968/968/968 1029/1029/1029 1028/1028/1028
f 968/968/968 969/969/969 1030/1030/1030 1029/1029/1029
f 969/969/969 970/970/970 1031/1031/1031 1030/1030/1030
f 970/970/970 971/971/971 1032/1032/1032 1031/1031/1031
f 971/971/971 972/972/972 1033/1033/1033 1032/1032/1032
f 972/972/972 973/973/973 1034/1034/1034 1033/1033/1033
f 973/973/973 974/974/974 1035/1035/1035 1034/1034/1034
f 974/974/974 975/975/975 1036/1036/1036 1035/1035/1035
f 975/975/975 976/976/976 1037/1037/1037 1036/1036/1036
f 977/977/978 978/978/977 1039/1039/1038 1038/1038/1039
f 978/978/977 979/979/979 1040/1040/1040 1039/1039/1038
f 979/979/979 980/980/980 1041/1041/1041 1040/1040/1040
f 980/980/980 981/981/981 1042/1042/1042 1041/1041/1041
f 981/981/981 982/982/982 1043/1043/1043 1042/1042/1042
f 982/982/982 983/983/983 1044/1044/1044 1043/1043/1043
f 983/983/983 984/984/984 1045/1045/1045 1044/1044/1044
f 984/984/984 985/985/985 1046/1046/1046 1045/1045/1045
f 985/985/985 986/986/986 1047/1047/1047 1046/1046/1046
f 986/986/986 987/987/987 1048/1048/1048 1047/1047/1047
f 987/987/987 988/988/988 1049/1049/1049 1048/1048/1048
f 988/988/988 989/989/989 1050/1050/1050 1049/1049/1049
f 989/989/989 990/990/990 1051/1051/1051 1050/1050/1050
f 990/990/990 991/991/991 1052/1052/1052 1051/1051/1051
f 991/991/991 992/992/992 1053/1053/1053 1052/1052/1052
f 992/992/992 993/993/993 1054/1054/1054 1053/1053/1053
f 993/993/993 994/994/994 1055/1055/1055 1054/1054/1054
f 994/994/994 995/995/995 1056/1056/1056 1055/1055/1055
f 995/995/995 996/996/996 1057/1057/1057 1056/1056/1056
f 996/996/996 997/997/997 1058/1058/1058 1057/1057/1057
f 997/997/997 998/998/998 1059/1059/1059 1058/1058/1058
f 998/998/998 999/999/999 1060/1060/1060 1059/1059/1059
f 999/999/999 1000/1000/1000 1061/1061/1061 1060/1060/1060
f 1000/1000/1000 1001/1001/1001 1062/1062/1062 1061/1061/1061
f 1001/1001/1001 1002/1002/1002 1063/1063/1063 1062/1062/1062
f 1002/1002/1002 1003/1003/1003 1064/1064/1064 1063/1063/1063
f 1003/1003/1003 1004/1004/1004 1065/1065/1065 1064/1064/1064
f 1004/1004/1004 1005/1005/1005 1066/1066/1066 1065/1065/1065
f 1005/1005/1005 1006/1006/1006 1067/1067/1067 1066/1066/1066
f 1006/1006/1006 1007/1007/1007 1068/1068/1068 1067/1067/1067
f 1007/1007/1007 1008/1008/1008 1069/1069/1069 1068/1068/1068
f 1008/1008/1008 1009/1009/1009 1070/1070/1070 1069/1069/1069
f 1009/1009/1009 1010/1010/1010 1071/1071/1071 1070/1070/1070
f 1010/1010/1010 1011/1011/1011 1072/1072/1072 1071/1071/1071
f 1011/1011/1011 1012/1012/1012 1073/1073/1073 1072/1072/1072
f 1012/1012/1012 1013/1013/1013 1074/1074/1074 1073/1073/1073
f 1013/1013/1013 1014/1014/1014 1075/1075/1075 1074/1074/1074
f 1014/1014/1014 1015/1015/1015 1076/1076/1076 1075/1075/1075
f 1015/1015/1015 1016/1016/1016 1077/1077/1077 1076/1076/1076
f 1016/1016/1016 1017/1017/1017 1078/1078/1078 1077/1077/1077
f 1017/1017/1017 1018/1018/1018 1079/1079/1079 1078/1078/1078
f 1018/1018/1018 1019/1019/1019 1080/1080/1080 1079/1079/1079
f 1019/1019/1019 1020/1020/1020 1081/1081/1081 1080/1080/1080
f 1020/1020/1020 1021/1021/1021 1082/1082/1082 1081/1081/1081
f 1021/1021/1021 1022/1022/1022 1083/1083/1083 1082/1082/1082
f 1022/1022/1022 1023/1023/1023 1084/1084/1084 1083/1083/1083
f 1023/1023/1023 1024/1024/1024 1085/1085/1085 1084/1084/1084
f 1024/1024/1024 1025/1025/1025 1086/1086/1086 1085/1085/1085
f 1025/1025/1025 1026/1026/1026 1087/1087/1087 1086/1086/1086
f 1026/1026/1026 1027/1027/1027 1088/1088/1088 1087/1087/1087
f 1027/1027/1027 1028/1028/1028 1089/1089/1089 1088/1088/1088
f 1028/1028/1028 1029/1029/1029 1090/1090/1090 1089/1089/1089
f 1029/1029/1029 1030/1030/1030 1091/1091/1091 1090/1090/1090
f 1030/1030/1030 1031/1031/1031 1092/1092/1092 1091/1091/1091
f 1031/1031/1031 1032/1032/1032 1093/1093/1093 1092/1092/1092
f 1032/1032/1032 1033/1033/1033 1094/1094/1094 1093/1093/1093
f 1033/1033/1033 1034/1034/1034 1095/1095/1095 1094/1094/1094
f 1034/1034/1034 1035/1035/1035 1096/1096/1096 1095/1095/1095
f 1035/1035/1035 1036/1036/1036 1097/1097/1097 1096/1096/1096
f 1036/1036/1036 1037/1037/1037 1098/1098/1098 1097/1097/1097
f 1038/1038/1039 1039/1039/1038 1100/1100/1099 1099/1099/1100
f 1039/1039/1038 1040/1040/1040 1101/1101/1101 1100/1100/1099
f 1040/1040/1040 1041/1041/1041 1102/1102/1102 1101/1101/1101
f 1041/1041/1041 1042/1042/1042 1103/1103/1103 1102/1102/1102
f 1042/1042/1042 1043/1043/1043 1104/1104/1104 1103/1103/1103
f 1043/1043/1043 1044/1044/1044 1105/1105/1105 1104/1104/1104
f 1044/1044/1044 1045/1045/1045 1106/1106/1106 1105/1105/1105
f 1045/1045/1045 1046/1046/1046 1107/1107/1107 1106/1106/1106
f 1046/1046/1046 1047/1047/1047 1108/1108/1108 1107/1107/1107
f 1047/1047/1047 1048/1048/1048 1109/1109/1109 1108/1108/1108
f 1048/1048/1048 1049/1049/1049 1110/1110/1110 1109/1109/1109
f 1049/1049/1049 1050/1050/1050 1111/1111/1111 1110/1110/1110
f 1050/1050/1050 1051/1051/1051 1112/1112/1112 1111/1111/1111
f 1051/1051/1051 1052/1052/1052 1113/1113/1113 1112/1112/1112
f 1052/1052/1052 1053/1053/1053 1114/1114/1114 1113/1113/1113
f 1053/1053/1053 1054/1054/1054 1115/1115/1115 1114/1114/1114
f 1054/1054/1054 1055/1055/1055 1116/1116/1116 1115/1115/1115
f 1055/1055/1055 1056/1056/1056 1117/1117/1117 1116/1116/1116
f 1056/1056/1056 1057/1057/1057 1118/1118/1118 1117/1117/1117
f 1057/1057/1057 1058/1058/1058 1119/1119/1119 1118/1118/1118
f 1058/1058/1058 1059/1059/1059 1120/1120/1120 1119/1119/1119
f 1059/1059/1059 1060/1060/1060 1121/1121/1121 1120/1120/1120
f 1060/1060/1060 1061/1061/1061 1122/1122/1122 1121/1121/1121
f 1061/1061/1061 1062/1062/1062 1123/1123/1123 1122/1122/1122
f 1062/1062/1062 1063/1063/1063 1124/1124/1124 1123/1123/1123
f 1063/1063/1063 1064/1064/1064 1125/1125/1125 1124/1124/1124
f 1064/1064/1064 1065/1065/1065 1126/1126/1126 1125/1125/1125
f 1065/1065/1065 1066/1066/1066 1127/1127/1127 1126/1126/1126
f 1066/1066/1066 1067/1067/1067 1128/1128/1128 1127/1127/1127
f 1067/1067/1067 1068/1068/1068 1129/1129/1129 1128/1128/1128
f 1068/1068/1068 1069/1069/1069 1130/1130/1130 1129/1129/1129
f 1069/1069/1069 1070/1070/1070 1131/1131/1131 1130/1130/1130
f 1070/1070/1070 1071/1071/1071 1132/1132/1132 1131/1131/1131
f 1071/1071/1071 1072/1072/1072 1133/1133/1133 1132/1132/1132
f 1072/1072/1072 1073/1073/1073 1134/1134/1134 1133/1133/1133
f 1073/1073/1073 1074/1074/1074 1135/1135/1135 1134/1134/1134
f 1074/1074/1074 1075/1075/1075 1136/1136/1136 1135/1135/1135
f 1075/1075/1075 1076/1076/1076 1137/1137/1137 1136/1136/1136
f 1076/1076/1076 1077/1077/1077 1138/1138/1138 1137/1137/1137
f 1077/1077/1077 1078/1078/1078 1139/1139/1139 1138/1138/1138
f 1078/1078/1078 1079/1079/1079 1140/1140/1140 1139/1139/1139
f 1079/1079/1079 1080/1080/1080 1141/1141/1141 1140/1140/1140
f 1080/1080/1080 1081/1081/1081 1142/1142/1142 1141/1141/1141
f 1081/1081/1081 1082/1082/1082 1143/1143/1143 1142/1142/1142
f 1082/1082/1082 1083/1083/1083 1144/1144/1144 1143/1143/1143
f 1083/1083/1083 1084/1084/1084 1145/1145/1145 1144/1144/1144
f 1084/1084/1084 1085/1085/1085 1146/1146/1146 1145/1145/1145
f 1085/1085/1085 1086/1086/1086 1147/1147/1147 1146/1146/1146
f 1086/1086/1086 1087/1087/1087 1148/1148/1148 1147/1147/1147
f 1087/1087/1087 1088/1088/1088 1149/1149/1149 1148/1148/1148
f 1088/1088/1088 1089/1089/1089 1150/1150/1150 1149/1149/1149
f 1089/1089/1089 1090/1090/1090 1151/1151/1151 1150/1150/1150
f 1090/1090/1090 1091/1091/1091 1152/1152/1152 1151/1151/1151
f 1091/1091/1091 1092/1092/1092 1153/1153/1153 1152/1152/1152
f 1092/1092/1092 1093/1093/1093 1154/1154/1154 1153/1153/1153
f 1093/1093/1093 1094/1094/1094 1155/1155/1155 1154/1154/1154
f 1094/1094/1094 1095/1095/1095 1156/1156/1156 1155/1155/1155
f 1095/1095/1095 1096/1096/1096 1157/1157/1157 1156/1156/1156
f 1096/1096/1096 1097/1097/1097 1158/1158/1158 1157/1157/1157
f 1097/1097/1097 1098/1098/1098 1159/1159/1159 1158/1158/1158
f 1099/1099/1100 1100/1100/1099 1161/1161/1160 1160/1160/1161
f 1100/1100/1099 1101/1101/1101 1162/1162/1162 1161/1161/1160
f 1101/1101/1101 1102/1102/1102 1163/1163/1163 1162/1162/1162
f 1102/1102/1102 1103/1103/1103 1164/1164/1164 1163/1163/1163
f 1103/1103/1103 1104/1104/1104 1165/1165/1165 1164/1164/1164
f 1104/1104/1104 1105/1105/1105 1166/1166/1166 1165/1165/1165
f 1105/1105/1105 1106/1106/1106 1167/1167/1167 1166/1166/1166
f 1106/1106/1106 1107/1107/1107 1168/1168/1168 1167/1167/1167
f 1107/1107/1107 1108/1108/1108 1169/1169/1169 1168/1168/1168
f 1108/1108/1108 1109/1109/1109 1170/1170/1170 1169/1169/1169
f 1109/1109/1109 1110/1110/1110 1171/1171/1171 1170/1170/1170
f 1110/1110/1110 1111/1111/1111 1172/1172/1172 1171/1171/1171
f 1111/1111/1111 1112/1112/1112 1173/1173/1173 1172/1172/1172
f 1112/1112/1112 1113/1113/1113 1174/1174/1174 1173/1173/1173
f 1113/1113/1113 1114/1114/1114 1175/1175/1175 1174/1174/1174
f 1114/1114/1114 1115/1115/1115 1176/1176/1176 1175/1175/1175
f 1115/1115/1115 1116/1116/1116 1177/1177/1177 1176/1176/1176
f 1116/1116/1116 1117/1117/1117 1178/1178/1178 1177/1177/1177
f 1117/1117/1117 1118/1118/1118 1179/1179/1179 1178/1178/1178
f 1118/1118/1118 1119/1119/1119 1180/1180/1180 1179/1179/1179
f 1119/1119/1119 1120/1120/1120 1181/1181/1181 1180/1180/1180
f 1120/1120/1120 1121/1121/1121 1182/1182/1182 1181/1181/1181
f 1121/1121/1121 1122/1122/1122 1183/1183/1183 1182/1182/1182
f 1122/1122/1122 1123/1123/1123 1184/1184/1184 1183/1183/1183
f 1123/1123/1123 1124/1124/1124 1185/1185/1185 1184/1184/1184
f 1124/1124/1124 1125/1125/1125 1186/1186/1186 1185/1185/1185
f 1125/1125/1125 1126/1126/1126 1187/1187/1187 1186/1186/1186
f 1126/1126/1126 1127/1127/1127 1188/1188/1188 1187/1187/1187
f 1127/1127/1127 1128/1128/1128 1189/1189/1189 1188/1188/1188
f 1128/1128/1128 1129/1129/1129 1190/1190/1190 1189/1189/1189
f 1129/1129/1129 1130/1130/1130 1191/1191/1191 1190/1190/1190
f 1130/1130/1130 1131/1131/1131 1192/1192/1192 1191/1191/1191
f 1131/1131/1131 1132/1132/1132 1193/1193/1193 1192/1192/1192
f 1132/1132/1132 1133/1133/1133 1194/1194/1194 1193/1193/1193
f 1133/1133/1133 1134/1134/1134 1195/1195/1195 1194/1194/1194
f 1134/1134/1134 1135/1135/1135 1196/1196/1196 1195/1195/1195
f 1135/1135/1135 1136/1136/1136 1197/1197/1197 1196/1196/1196
f 1136/1136/1136 1137/1137/1137 1198/1198/1198 1197/1197/1197
f 1137/1137/1137 1138/1138/1138 1199/1199/1199 1198/1198/1198
f 1138/1138/1138 1139/1139/1139 1200/1200/1200 1199/1199/1199
f 1139/1139/1139 1140/1140/1140 1201/1201/1201 1200/1200/1200
f 1140/1140/1140 1141/1141/1141 1202/1202/1202 1201/1201/1201
f 1141/1141/1141 1142/1142/1142 1203/1203/1203 1202/1202/1202
f 1142/1142/1142 1143/1143/1143 1204/1204/1204 1203/1203/1203
f 1143/1143/1143 1144/1144/1144 1205/1205/1205 1204/1204/1204
f 1144/1144/1144 1145/1145/1145 1206/1206/1206 1205/1205/1205
f 1145/1145/1145 1146/1146/1146 1207/1207/1207 1206/1206/1206
f 1146/1146/1146 1147/1147/1147 1208/1208/1208 1207/1207/1207
f 1147/1147/1147 1148/1148/1148 1209/1209/1209 1208/1208/1208
f 1148/1148/1148 1149/1149/1149 1210/1210/1210 1209/1209/1209
f 1149/1149/1149 1150/1150/1150 1211/1211/1211 1210/1210/1210
f 1150/1150/1150 1151/1151/1151 1212/1212/1212 1211/1211/1211
f 1151/1151/1151 1152/1152/1152 1213/1213/1213 1212/1212/1212
f 1152/1152/1152 1153/1153/1153 1214/1214/1214 1213/1213/1213
f 1153/1153/1153 1154/1154/1154 1215/1215/1215 1214/1214/1214
f 1154/1154/1154 1155/1155/1155 1216/1216/1216 1215/1215/1215
f 1155/1155/1155 1156/1156/1156 1217/1217/1217 1216/1216/1216
f 1156/1156/1156 1157/1157/1157 1218/1218/1218 1217/1217/1217
f 1157/1157/1157 1158/1158/1158 1219/1219/1219 1218/1218/1218
f 1158/1158/1158 1159/1159/1159 1220/1220/1220 1219/1219/1219
f 1160/1160/1161 1161/1161/1160 1222/1222/1221 1221/1221/1222
f 1161/1161/1160 1162/1162/1162 1223/1223/1223 1222/1222/1221
f 1162/1162/1162 1163/1163/1163 1224/1224/1224 1223/1223/1223
f 1163/1163/1163 1164/1164/1164 1225/1225/1225 1224/1224/1224
f 1164/1164/1164 1165/1165/1165 1226/1226/1226 1225/1225/1225
f 1165/1165/1165 1166/1166/1166 1227/1227/1227 1226/1226/1226
f 1166/1166/1166 1167/1167/1167 1228/1228/1228 1227/1227/1227
f 1167/1167/1167 1168/1168/1168 1229/1229/1229 1228/1228/1228
f 1168/1168/1168 1169/1169/1169 1230/1230/1230 1229/1229/1229
f 1169/1169/1169 1170/1170/1170 1231/1231/1231 1230/1230/1230
f 1170/1170/1170 1171/1171/1171 1232/1232/1232 1231/1231/1231
f 1171/1171/1171 1172/1172/1172 1233/1233/1233 1232/1232/1232
f 1172/1172/1172 1173/1173/1173 1234/1234/1234 1233/1233/1233
f 1173/1173/1173 1174/1174/1174 1235/1235/1235 1234/1234/1234
f 1174/1174/1174 1175/1175/1175 1236/1236/1236 1235/1235/1235
f 1175/1175/1175 1176/1176/1176 1237/1237/1237 1236/1236/1236
f 1176/1176/1176 1177/1177/1177 1238/1238/1238 1237/1237/1237
f 1177/1177/1177 1178/1178/1178 1239/1239/1239 1238/1238/1238
f 1178/1178/1178 1179/1179/1179 1240/1240/1240 1239/1239/1239
f 1179/1179/1179 1180/1180/1180 1241/1241/1241 1240/1240/1240
f 1180/1180/1180 1181/1181/1181 1242/1242/1242 1241/1241/1241
f 1181/1181/1181 1182/1182/1182 1243/1243/1243 1242/1242/1242
f 1182/1182/1182 1183/1183/1183 1244/1244/1244 1243/1243/1243
f 1183/1183/1183 1184/1184/1184 1245/1245/1245 1244/1244/1244
f 1184/1184/1184 1185/1185/1185 1246/1246/1246 1245/1245/1245
f 1185/1185/1185 1186/1186/1186 1247/1247/1247 1246/1246/1246
f 1186/1186/1186 1187/1187/1187 1248/1248/1248 1247/1247/1247
f 1187/1187/1187 1188/1188/1188 1249/1249/1249 1248/1248/1248
f 1188/1188/1188 1189/1189/1189 1250/1250/1250 1249/1249/1249
f 1189/1189/1189 1190/1190/1190 1251/1251/1251 1250/1250/1250
f 1190/1190/1190 1191/1191/1191 1252/1252/1252 1251/1251/1251
f 1191/1191/1191 1192/1192/1192 1253/1253/1253 1252/1252/1252
f 1192/1192/1192 1193/1193/1193 1254/1254/1254 1253/1253/1253
f 1193/1193/1193 1194/1194/1194 1255/1255/1255 1254/1254/1254
f 1194/1194/1194 1195/1195/1195 1256/1256/1256 1255/1255/1255
f 1195/1195/1195 1196/1196/1196 1257/1257/1257 1256/1256/1256
f 1196/1196/1196 1197/1197/1197 1258/1258/1258 1257/1257/1257
f 1197/1197/1197 1198/1198/1198 1259/1259/1259 1258/1258/1258
f 1198/1198/1198 1199/1199/1199 1260/1260/1260 1259/1259/1259
f 1199/1199/1199 1200/1200/1200 1261/1261/1261 1260/1260/1260
f 1200/1200/1200 1201/1201/1201 1262/1262/1262 1261/1261/1261
f 1201/1201/1201 1202/1202/1202 1263/1263/1263 1262/1262/1262
f 1202/1202/1202 1203/1203/1203 1264/1264/1264 1263/1263/1263
f 1203/1203/1203 1204/1204/1204 1265/1265/1265 1264/1264/1264
f 1204/1204/1204 1205/1205/1205 1266/1266/1266 1265/1265/1265
f 1205/1205/1205 1206/1206/1206 1267/1267/1267 1266/1266/1266
f 1206/1206/1206 1207/1207/1207 1268/1268/1268 1267/1267/1267
f 1207/1207/1207 1208/1208/1208 1269/1269/1269 1268/1268/1268
f 1208/1208/1208 1209/1209/1209 1270/1270/1270 1269/1269/1269
f 1209/1209/1209 1210/1210/1210 1271/1271/1271 1270/1270/1270
f 1210/1210/1210 1211/1211/1211 1272/1272/1272 1271/1271/1271
f 1211/1211/1211 1212/1212/1212 1273/1273/1273 1272/1272/1272
f 1212/1212/1212 1213/1213/1213 1274/1274/1274 1273/1273/1273
f 1213/1213/1213 1214/1214/1214 1275/1275/1275 1274/1274/1274
f 1214/1214/1214 1215/1215/1215 1276/1276/1276 1275/1275/1275
f 1215/1215/1215 1216/1216/1216 1277/1277/1277 1276/1276/1276
f 1216/1216/1216 1217/1217/1217 1278/1278/1278 1277/1277/1277
f 1217/1217/1217 1218/1218/1218 1279/1279/1279 1278/1278/1278
f 1218/1218/1218 1219/1219/1219 1280/1280/1280 1279/1279/1279
f 1219/1219/1219 1220/1220/1220 1281/1281/1281 1280/1280/1280
f 1221/1221/1222 1222/1222/1221 1283/1283/1282 1282/1282/1283
f 1222/1222/1221 1223/1223/1223 1284/1284/1284 1283/1283/1282
f 1223/1223/1223 1224/1224/1224 1285/1285/1285 1284/1284/1284
f 1224/1224/1224 1225/1225/1225 1286/1286/1286 1285/1285/1285
f 1225/1225/1225 1226/1226/1226 1287/1287/1287 1286/1286/1286
f 1226/1226/1226 1227/1227/1227 1288/1288/1288 1287/1287/1287
f 1227/1227/1227 1228/1228/1228 1289/1289/1289 1288/1288/1288
f 1228/1228/1228 1229/1229/1229 1290/1290/1290 1289/1289/1289
f 1229/1229/1229 1230/1230/1230 1291/1291/1291 1290/1290/1290
f 1230/1230/1230 1231/1231/1231 1292/1292/1292 1291/1291/1291
f 1231/1231/1231 1232/1232/1232 1293/1293/1293 1292/1292/1292
f 1232/1232/1232 1233/1233/1233 1294/1294/1294 1293/1293/1293
f 1233/1233/1233 1234/1234/1234 1295/1295/1295 1294/1294/1294
f 1234/1234/1234 1235/1235/1235 1296/1296/1296 1295/1295/1295
f 1235/1235/1235 1236/1236/1236 1297/1297/1297 1296/1296/1296
f 1236/1236/1236 1237/1237/1237 1298/1298/1298 1297/1297/1297
f 1237/1237/1237 1238/1238/1238 1299/1299/1299 1298/1298/1298
f 1238/1238/1238 1239/1239/1239 1300/1300/1300 1299/1299/1299
f 1239/1239/1239 1240/1240/1240 1301/1301/1301 1300/1300/1300
f 1240/1240/1240 1241/1241/1241 1302/1302/1302 1301/1301/1301
f 1241/1241/1241 1242/1242/1242 1303/1303/1303 1302/1302/1302
f 1242/1242/1242 1243/1243/1243 1304/1304/1304 1303/1303/1303
f 1243/1243/1243 1244/1244/1244 1305/1305/1305 1304/1304/1304
f 1244/1244/1244 1245/1245/1245 1306/1306/1306 1305/1305/1305
f 1245/1245/1245 1246/1246/1246 1307/1307/1307 1306/1306/1306
f 1246/1246/1246 1247/1247/1247 1308/1308/1308 1307/1307/1307
f 1247/1247/1247 1248/1248/1248 1309/1309/1309 1308/1308/1308
f 1248/1248/1248 1249/1249/1249 1310/1310/1310 1309/1309/1309
f 1249/1249/1249 1250/1250/1250 1311/1311/1311 1310/1310/1310
f 1250/1250/1250 1251/1251/1251 1312/1312/1312 1311/1311/1311
f 1251/1251/1251 1252/1252/1252 1313/1313/1313 1312/1312/1312
f 1252/1252/1252 1253/1253/1253 1314/1314/1314 1313/1313/1313
f 1253/1253/1253 1254/1254/1254 1315/1315/1315 1314/1314/1314
f 1254/1254/1254 1255/1255/1255 1316/1316/1316 1315/1315/1315
f 1255/1255/1255 1256/1256/1256 1317/1317/1317 1316/1316/1316
f 1256/1256/1256 1257/1257/1257 1318/1318/1318 1317/1317/1317
f 1257/1257/1257 1258/1258/1258 1319/1319/1319 1318/1318/1318
f 1258/1258/1258 1259/1259/1259 1320/1320/1320 1319/1319/1319
f 1259/1259/1259 1260/1260/1260 1321/1321/1321 1320/1320/1320
f 1260/1260/1260 1261/1261/1261 1322/1322/1322 1321/1321/1321
f 1261/1261/1261 1262/1262/1262 1323/1323/1323 1322/1322/1322
f 1262/1262/1262 1263/1263/1263 1324/1324/1324 1323/1323/1323
f 1263/1263/1263 1264/1264/1264 1325/1325/1325 1324/1324/1324
f 1264/1264/1264 1265/1265/1265 1326/1326/1326 1325/1325/1325
f 1265/1265/1265 1266/1266/1266 1327/1327/1327 1326/1326/1326
f 1266/1266/1266 1267/1267/1267 1328/1328/1328 1327/1327/1327
f 1267/1267/1267 1268/1268/1268 1329/1329/1329 1328/1328/1328
f 1268/1268/1268 1269/1269/1269 1330/1330/1330 1329/1329/1329
f 1269/1269/1269 1270/1270/1270 1331/1331/1331 1330/1330/1330
f 1270/1270/1270 1271/1271/1271 1332/1332/1332 1331/1331/1331
f 1271/1271/1271 1272/1272/1272 1333/1333/1333 1332/1332/1332
f 1272/1272/1272 1273/1273/1273 1334/1334/1334 1333/1333/1333
f 1273/1273/1273 1274/1274/1274 1335/1335/1335 1334/1334/1334
f 1274/1274/1274 1275/1275/1275 1336/1336/1336 1335/1335/1335
f 1275/1275/1275 1276/1276/1276 1337/1337/1337 1336/1336/1336
f 1276/1276/1276 1277/1277/1277 1338/1338/1338 1337/1337/1337
f 1277/1277/1277 1278/1278/1278 1339/1339/1339 1338/1338/1338
f 1278/1278/1278 1279/1279/1279 1340/1340/1340 1339/1339/1339
f 1279/1279/1279 1280/1280/1280 1341/1341/1341 1340/1340/1340
f 1280/1280/1280 1281/1281/1281 1342/1342/1342 1341/1341/1341
f 1282/1282/1283 1283/1283/1282 1344/1344/1343 1343/1343/1344
f 1283/1283/1282 1284/1284/1284 1345/1345/1345 1344/1344/1343
f 1284/1284/1284 1285/1285/1285 1346/1346/1346 1345/1345/1345
f 1285/1285/1285 1286/1286/1286 1347/1347/1347 1346/1346/1346
f 1286/1286/1286 1287/1287/1287 1348/1348/1348 1347/1347/1347
f 1287/1287/1287 1288/1288/1288 1349/1349/1349 1348/1348/1348
f 1288/1288/1288 1289/1289/1289 1350/1350/1350 1349/1349/1349
f 1289/1289/1289 1290/1290/1290 1351/1351/1351 1350/1350/1350
f 1290/1290/1290 1291/1291/1291 1352/1352/1352 1351/1351/1351
f 1291/1291/1291 1292/1292/1292 1353/1353/1353 1352/1352/1352
f 1292/1292/1292 1293/1293/1293 1354/1354/1354 1353/1353/1353
f 1293/1293/1293 1294/1294/1294 1355/1355/1355 1354/1354/1354
f 1294/1294/1294 1295/1295/1295 1356/1356/1356 1355/1355/1355
f 1295/1295/1295 1296/1296/1296 1357/1357/1357 1356/1356/1356
f 1296/1296/1296 1297/1297/1297 1358/1358/1358 1357/1357/1357
f 1297/1297/1297 1298/1298/1298 1359/1359/1359 1358/1358/1358
f 1298/1298/1298 1299/1299/1299 1360/1360/1360 1359/1359/1359
f 1299/1299/1299 1300/1300/1300 1361/1361/1361 1360/1360/1360
f 1300/1300/1300 1301/1301/1301 1362/1362/1362 1361/1361/1361
f 1301/1301/1301 1302/1302/1302 1363/1363/1363 1362/1362/1362
f 1302/1302/1302 1303/1303/1303 1364/1364/1364 1363/1363/1363
f 1303/1303/1303 1304/1304/1304 1365/1365/1365 1364/1364/1364
f 1304/1304/1304 1305/1305/1305 1366/1366/1366 1365/1365/1365
f 1305/1305/1305 1306/1306/1306 1367/1367/1367 1366/1366/1366
f 1306/1306/1306 1307/1307/1307 1368/1368/1368 1367/1367/1367
f 1307/1307/1307 1308/1308/1308 1369/1369/1369 1368/1368/1368
f 1308/1308/1308 1309/1309/1309 1370/1370/1370 1369/1369/1369
f 1309/1309/1309 1310/1310/1310 1371/1371/1371 1370/1370/1370
f 1310/1310/1310 1311/1311/1311 1372/1372/1372 1371/1371/1371
f 1311/1311/1311 1312/1312/1312 1373/1373/1373 1372/1372/1372
f 1312/1312/1312 1313/1313/1313 1374/1374/1374 1373/1373/1373
f 1313/1313/1313 1314/1314/1314 1375/1375/1375 1374/1374/1374
f 1314/1314/1314 1315/1315/1315 1376/1376/1376 1375/1375/1375
f 1315/1315/1315 1316/1316/1316 1377/1377/1377 1376/1376/1376
f 1316/1316/1316 1317/1317/1317 1378/1378/1378 1377/1377/1377
f 1317/1317/1317 1318/1318/1318 1379/1379/1379 1378/1378/1378
f 1318/1318/1318 1319/1319/1319 1380/1380/1380 1379/1379/1379
f 1319/1319/1319 1320/1320/1320 1381/1381/1381 1380/1380/1380
f 1320/1320/1320 1321/1321/1321 1382/1382/1382 1381/1381/1381
f 1321/1321/1321 1322/1322/1322 1383/1383/1383 1382/1382/1382
f 1322/1322/1322 1323/1323/1323 1384/1384/1384 1383/1383/1383
f 1323/1323/1323 1324/1324/1324 1385/1385/1385 1384/1384/1384
f 1324/1324/1324 1325/1325/1325 1386/1386/1386 1385/1385/1385
f 1325/1325/1325 1326/1326/1326 1387/1387/1387 1386/1386/1386
f 1326/1326/1326 1327/1327/1327 1388/1388/1388 1387/1387/1387
f 1327/1327/1327 1328/1328/1328 1389/1389/1389 1388/1388/1388
f 1328/1328/1328 1329/1329/1329 1390/1390/1390 1389/1389/1389
f 1329/1329/1329 1330/1330/1330 1391/1391/1391 1390/1390/1390
f 1330/1330/1330 1331/1331/1331 1392/1392/1392 1391/1391/1391
f 1331/1331/1331 1332/1332/1332 1393/1393/1393 1392/1392/1392
f 1332/1332/1332 1333/1333/1333 1394/1394/1394 1393/1393/1393
f 1333/1333/1333 1334/1334/1334 1395/1395/1395 1394/1394/1394
f 1334/1334/1334 1335/1335/1335 1396/1396/1396 1395/1395/1395
f 1335/1335/1335 1336/1336/1336 1397/1397/1397 1396/1396/1396
f 1336/1336/1336 1337/1337/1337 1398/1398/1398 1397/1397/1397
f 1337/1337/1337 1338/1338/1338 1399/1399/1399 1398/1398/1398
f 1338/1338/1338 1339/1339/1339 1400/1400/1400 1399/1399/1399
f 1339/1339/1339 1340/1340/1340 1401/1401/1401 1400/1400/1400
f 1340/1340/1340 1341/1341/1341 1402/1402/1402 1401/1401/1401
f 1341/1341/1341 1342/1342/1342 1403/1403/1403 1402/1402/1402
f 1343/1343/1344 1344/1344/1343 1405/1405/1404 1404/1404/1405
f 1344/1344/1343 1345/1345/1345 1406/1406/1406 1405/1405/1404
f 1345/1345/1345 1346/1346/1346 1407/1407/1407 1406/1406/1406
f 1346/1346/1346 1347/1347/1347 1408/1408/1408 1407/1407/1407
f 1347/1347/1347 1348/1348/1348 1409/1409/1409 1408/1408/1408
f 1348/1348/1348 1349/1349/1349 1410/1410/1410 1409/1409/1409
f 1349/1349/1349 1350/1350/1350 1411/1411/1411 1410/1410/1410
f 1350/1350/1350 1351/1351/1351 1412/1412/1412 1411/1411/1411
f 1351/1351/1351 1352/1352/1352 1413/1413/1413 1412/1412/1412
f 1352/1352/1352 1353/1353/1353 1414/1414/1414 1413/1413/1413
f 1353/1353/1353 1354/1354/1354 1415/1415/1415 1414/1414/1414
f 1354/1354/1354 1355/1355/1355 1416/1416/1416 1415/1415/1415
f 1355/1355/1355 1356/1356/1356 1417/1417/1417 1416/1416/1416
f 1356/1356/1356 1357/1357/1357 1418/1418/1418 1417/1417/1417
f 1357/1357/1357 1358/1358/1358 1419/1419/1419 1418/1418/1418
f 1358/1358/1358 1359/1359/1359 1420/1420/1420 1419/1419/1419
f 1359/1359/1359 1360/1360/1360 1421/1421/1421 1420/1420/1420
f 1360/1360/1360 1361/1361/1361 1422/1422/1422 1421/1421/1421
f 1361/1361/1361 1362/1362/1362 1423/1423/1423 1422/1422/1422
f 1362/1362/1362 1363/1363/1363 1424/1424/1424 1423/1423/1423
f 1363/1363/1363 1364/1364/1364 1425/1425/1425 1424/1424/1424
f 1364/1364/1364 1365/1365/1365 1426/1426/1426 1425/1425/1425
f 1365/1365/1365 1366/1366/1366 1427/1427/1427 1426/1426/1426
f 1366/1366/1366 1367/1367/1367 1428/1428/1428 1427/1427/1427
f 1367/1367/1367 1368/1368/1368 1429/1429/1429 1428/1428/1428
f 1368/1368/1368 1369/1369/1369 1430/1430/1430 1429/1429/1429
f 1369/1369/1369 1370/1370/1370 1431/1431/1431 1430/1430/1430
f 1370/1370/1370 1371/1371/1371 1432/1432/1432 1431/1431/1431
f 1371/1371/1371 1372/1372/1372 1433/1433/1433 1432/1432/1432
f 1372/1372/1372 1373/1373/1373 1434/1434/1434 1433/1433/1433
f 1373/1373/1373 1374/1374/1374 1435/1435/1435 1434/1434/1434
f 1374/1374/1374 1375/1375/1375 1436/1436/1436 1435/1435/1435
f 1375/1375/1375 1376/1376/1376 1437/1437/1437 1436/1436/1436
f 1376/1376/1376 1377/1377/1377 1438/1438/1438 1437/1437/1437
f 1377/1377/1377 1378/1378/1378 1439/1439/1439 1438/1438/1438
f 1378/1378/1378 1379/1379/1379 1440/1440/1440 1439/1439/1439
f 1379/1379/1379 1380/1380/1380 1441/1441/1441 1440/1440/1440
f 1380/1380/1380 1381/1381/1381 1442/1442/1442 1441/1441/1441
f 1381/1381/1381 1382/1382/1382 1443/1443/1443 1442/1442/1442
f 1382/1382/1382 1383/1383/1383 1444/1444/1444 1443/1443/1443
f 1383/1383/1383 1384/1384/1384 1445/1445/1445 1444/1444/1444
f 1384/1384/1384 1385/1385/1385 1446/1446/1446 1445/1445/1445
f 1385/1385/1385 1386/1386/1386 1447/1447/1447 1446/1446/1446
f 1386/1386/1386 1387/1387/1387 1448/1448/1448 1447/1447/1447
f 1387/1387/1387 1388/1388/1388 1449/1449/1449 1448/1448/1448
f 1388/1388/1388 1389/1389/1389 1450/1450/1450 1449/1449/1449
f 1389/1389/1389 1390/1390/1390 1451/1451/1451 1450/1450/1450
f 1390/1390/1390 1391/1391/1391 1452/1452/1452 1451/1451/1451
f 1391/1391/1391 1392/1392/1392 1453/1453/1453 1452/1452/1452
f 1392/1392/1392 1393/1393/1393 1454/1454/1454 1453/1453/1453
f 1393/1393/1393 1394/1394/1394 1455/1455/1455 1454/1454/1454
f 1394/1394/1394 1395/1395/1395 1456/1456/1456 1455/1455/1455
f 1395/1395/1395 1396/1396/1396 1457/1457/1457 1456/1456/1456
f 1396/1396/1396 1397/1397/1397 1458/1458/1458 1457/1457/1457
f 1397/1397/1397 1398/1398/1398 1459/1459/1459 1458/1458/1458
f 1398/1398/1398 1399/1399/1399 1460/1460/1460 1459/1459/1459
f 1399/1399/1399 1400/1400/1400 1461/1461/1461 1460/1460/1460
f 1400/1400/1400 1401/1401/1401 1462/1462/1462 1461/1461/1461
f 1401/1401/1401 1402/1402/1402 1463/1463/1463 1462/1462/1462
f 1402/1402/1402 1403/1403/1403 1464/1464/1464 1463/1463/1463
f 1404/1404/1405 1405/1405/1404 1466/1466/1465 1465/1465/1466
f 1405/1405/1404 1406/1406/1406 1467/1467/1467 1466/1466/1465
f 1406/1406/1406 1407/1407/1407 1468/1468/1468 1467/1467/1467
f 1407/1407/1407 1408/1408/1408 1469/1469/1469 1468/1468/1468
f 1408/1408/1408 1409/1409/1409 1470/1470/1470 1469/1469/1469
f 1409/1409/1409 1410/1410/1410 1471/1471/1471 1470/1470/1470
f 1410/1410/1410 1411/1411/1411 1472/1472/1472 1471/1471/1471
f 1411/1411/1411 1412/1412/1412 1473/1473/1473 1472/1472/1472
f 1412/1412/1412 1413/1413/1413 1474/1474/1474 1473/1473/1473
f 1413/1413/1413 1414/1414/1414 1475/1475/1475 1474/1474/1474
f 1414/1414/1414 1415/1415/1415 1476/1476/1476 1475/1475/1475
f 1415/1415/1415 1416/1416/1416 1477/1477/1477 1476/1476/1476
f 1416/1416/1416 1417/1417/1417 1478/1478/1478 1477/1477/1477
f 1417/1417/1417 1418/1418/1418 1479/1479/1479 1478/1478/1478
f 1418/1418/1418 1419/1419/1419 1480/1480/1480 1479/1479/1479
f 1419/1419/1419 1420/1420/1420 1481/1481/1481 1480/1480/1480
f 1420/1420/1420 1421/1421/1421 1482/1482/1482 1481/1481/1481
f 1421/1421/1421 1422/1422/1422 1483/1483/1483 1482/1482/1482
f 1422/1422/1422 1423/1423/1423 1484/1484/1484 1483/1483/1483
f 1423/1423/1423 1424/1424/1424 1485/1485/1485 1484/1484/1484
f 1424/1424/1424 1425/1425/1425 1486/1486/1486 1485/1485/1485
f 1425/1425/1425 1426/1426/1426 1487/1487/1487 1486/1486/1486
f 1426/1426/1426 1427/1427/1427 1488/1488/1488 1487/1487/1487
f 1427/1427/1427 1428/1428/1428 1489/1489/1489 1488/1488/1488
f 1428/1428/1428 1429/1429/1429 1490/1490/1490 1489/1489/1489
f 1429/1429/1429 1430/1430/1430 1491/1491/1491 1490/1490/1490
f 1430/1430/1430 1431/1431/1431 1492/1492/1492 1491/1491/1491
f 1431/1431/1431 1432/1432/1432 1493/1493/1493 1492/1492/1492
f 1432/1432/1432 1433/1433/1433 1494/1494/1494 1493/1493/1493
f 1433/1433/1433 1434/1434/1434 1495/1495/1495 1494/1494/1494
f 1434/1434/1434 1435/1435/1435 1496/1496/1496 1495/1495/1495
f 1435/1435/1435 1436/1436/1436 1497/1497/1497 1496/1496/1496
f 1436/1436/1436 1437/1437/1437 1498/1498/1498 1497/1497/1497
f 1437/1437/1437 1438/1438/1438 1499/1499/1499 1498/1498/1498
f 1438/1438/1438 1439/1439/1439 1500/1500/1500 1499/1499/1499
f 1439/1439/1439 1440/1440/1440 1501/1501/1501 1500/1500/1500
f 1440/1440/1440 1441/1441/1441 1502/1502/1502 1501/1501/1501
f 1441/1441/1441 1442/1442/1442 1503/1503/1503 1502/1502/1502
f 1442/1442/1442 1443/1443/1443 1504/1504/1504 1503/1503/1503
f 1443/1443/1443 1444/1444/1444 1505/1505/1505 1504/1504/1504
f 1444/1444/1444 1445/1445/1445 1506/1506/1506 1505/1505/1505
f 1445/1445/1445 1446/1446/1446 1507/1507/1507 1506/1506/1506
f 1446/1446/1446 1447/1447/1447 1508/1508/1508 1507/1507/1507
f 1447/1447/1447 1448/1448/1448 1509/1509/1509 1508/1508/1508
f 1448/1448/1448 1449/1449/1449 1510/1510/1510 1509/1509/1509
f 1449/1449/1449 1450/1450/1450 1511/1511/1511 1510/1510/1510
f 1450/1450/1450 1451/1451/1451 1512/1512/1512 1511/1511/1511
f 1451/1451/1451 1452/1452/1452 1513/1513/1513 1512/1512/1512
f 1452/1452/1452 1453/1453/1453 1514/1514/1514 1513/1513/1513
f 1453/1453/1453 1454/1454/1454 1515/1515/1515 1514/1514/1514
f 1454/1454/1454 1455/1455/1455 1516/1516/1516 1515/1515/1515
f 1455/1455/1455 1456/1456/1456 1517/1517/1517 1516/1516/1516
f 1456/1456/1456 1457/1457/1457 1518/1518/1518 1517/1517/1517
f 1457/1457/1457 1458/1458/1458 1519/1519/1519 1518/1518/1518
f 1458/1458/1458 1459/1459/1459 1520/1520/1520 1519/1519/1519
f 1459/1459/1459 1460/1460/1460 1521/1521/1521 1520/1520/1520
f 1460/1460/1460 1461/1461/1461 1522/1522/1522 1521/1521/1521
f 1461/1461/1461 1462/1462/1462 1523/1523/1523 1522/1522/1522
f 1462/1462/1462 1463/1463/1463 1524/1524/1524 1523/1523/1523
f 1463/1463/1463 1464/1464/1464 1525/1525/1525 1524/1524/1524
f 1465/1465/1466 1466/1466/1465 1527/1527/1526 1526/1526/1527
f 1466/1466/1465 1467/1467/1467 1528/1528/1528 1527/1527/1526
f 1467/1467/1467 1468/1468/1468 1529/1529/1529 1528/1528/1528
f 1468/1468/1468 1469/1469/1469 1530/1530/1530 1529/1529/1529
f 1469/1469/1469 1470/1470/1470 1531/1531/1531 1530/1530/1530
f 1470/1470/1470 1471/1471/1471 1532/1532/1532 1531/1531/1531
f 1471/1471/1471 1472/1472/1472 1533/1533/1533 1532/1532/1532
f 1472/1472/1472 1473/1473/1473 1534/1534/1534 1533/1533/1533
f 1473/1473/1473 1474/1474/1474 1535/1535/1535 1534/1534/1534
f 1474/1474/1474 1475/1475/1475 1536/1536/1536 1535/1535/1535
f 1475/1475/1475 1476/1476/1476 1537/1537/1537 1536/1536/1536
f 1476/1476/1476 1477/1477/1477 1538/1538/1538 1537/1537/1537
f 1477/1477/1477 1478/1478/1478 1539/1539/1539 1538/1538/1538
f 1478/1478/1478 1479/1479/1479 1540/1540/1540 1539/1539/1539
f 1479/1479/1479 1480/1480/1480 1541/1541/1541 1540/1540/1540
f 1480/1480/1480 1481/1481/1481 1542/1542/1542 1541/1541/1541
f 1481/1481/1481 1482/1482/1482 1543/1543/1543 1542/1542/1542
f 1482/1482/1482 1483/1483/1483 1544/1544/1544 1543/1543/1543
f 1483/1483/1483 1484/1484/1484 1545/1545/1545 1544/1544/1544
f 1484/1484/1484 1485/1485/1485 1546/1546/1546 1545/1545/1545
f 1485/1485/1485 1486/1486/1486 1547/1547/1547 1546/1546/1546
f 1486/1486/1486 1487/1487/1487 1548/1548/1548 1547/1547/1547
f 1487/1487/1487 1488/1488/1488 1549/1549/1549 1548/1548/1548
f 1488/1488/1488 1489/1489/1489 1550/1550/1550 1549/1549/1549
f 1489/1489/1489 1490/1490/1490 1551/1551/1551 1550/1550/1550
f 1490/1490/1490 1491/1491/1491 1552/1552/1552 1551/1551/1551
f 1491/1491/1491 1492/1492/1492 1553/1553/1553 1552/1552/1552
f 1492/1492/1492 1493/1493/1493 1554/1554/1554 1553/1553/1553
f 1493/1493/1493 1494/1494/1494 1555/1555/1555 1554/1554/1554
f 1494/1494/1494 1495/1495/1495 1556/1556/1556 1555/1555/1555
f 1495/1495/1495 1496/1496/1496 1557/1557/1557 1556/1556/1556
f 1496/1496/1496 1497/1497/1497 1558/1558/1558 1557/1557/1557
f 1497/1497/1497 1498/1498/1498 1559/1559/1559 1558/1558/1558
f 1498/1498/1498 1499/1499/1499 1560/1560/1560 1559/1559/1559
f 1499/1499/1499 1500/1500/1500 1561/1561/1561 1560/1560/1560
f 1500/1500/1500 1501/1501/1501 1562/1562/1562 1561/1561/1561
f 1501/1501/1501 1502/1502/1502 1563/1563/1563 1562/1562/1562
f 1502/1502/1502 1503/1503/1503 1564/1564/1564 1563/1563/1563
f 1503/1503/1503 1504/1504/1504 1565/1565/1565 1564/1564/1564
f 1504/1504/1504 1505/1505/1505 1566/1566/1566 1565/1565/1565
f 1505/1505/1505 1506/1506/1506 1567/1567/1567 1566/1566/1566
f 1506/1506/1506 1507/1507/1507 1568/1568/1568 1567/1567/1567
f 1507/1507/1507 1508/1508/1508 1569/1569/1569 1568/1568/1568
f 1508/1508/1508 1509/1509/1509 1570/1570/1570 1569/1569/1569
f 1509/1509/1509 1510/1510/1510 1571/1571/1571 1570/1570/1570
f 1510/1510/1510 1511/1511/1511 1572/1572/1572 1571/1571/1571
f 1511/1511/1511 1512/1512/1512 1573/1573/1573 1572/1572/1572
f 1512/1512/1512 1513/1513/1513 1574/1574/1574 1573/1573/1573
f 1513/1513/1513 1514/1514/1514 1575/1575/1575 1574/1574/1574
f 1514/1514/1514 1515/1515/1515 1576/1576/1576 1575/1575/1575
f 1515/1515/1515 1516/1516/1516 1577/1577/1577 1576/1576/1576
f 1516/1516/1516 1517/1517/1517 1578/1578/1578 1577/1577/1577
f 1517/1517/1517 1518/1518/1518 1579/1579/1579 1578/1578/1578
f 1518/1518/1518 1519/1519/1519 1580/1580/1580 1579/1579/1579
f 1519/1519/1519 1520/1520/1520 1581/1581/1581 1580/1580/1580
f 1520/1520/1520 1521/1521/1521 1582/1582/1582 1581/1581/1581
f 1521/1521/1521 1522/1522/1522 1583/1583/1583 1582/1582/1582
f 1522/1522/1522 1523/1523/1523 1584/1584/1584 1583/1583/1583
f 1523/1523/1523 1524/1524/1524 1585/1585/1585 1584/1584/1584
f 1524/1524/1524 1525/1525/1525 1586/1586/1586 1585/1585/1585
f 1526/1526/1527 1527/1527/1526 1588/1588/1587 1587/1587/1588
f 1527/1527/1526 1528/1528/1528 1589/1589/1589 1588/1588/1587
f 1528/1528/1528 1529/1529/1529 1590/1590/1590 1589/1589/1589
f 1529/1529/1529 1530/1530/1530 1591/1591/1591 1590/1590/1590
f 1530/1530/1530 1531/1531/1531 1592/1592/1592 1591/1591/1591
f 1531/1531/1531 1532/1532/1532 1593/1593/1593 1592/1592/1592
f 1532/1532/1532 1533/1533/1533 1594/1594/1594 1593/1593/1593
f 1533/1533/1533 1534/1534/1534 1595/1595/1595 1594/1594/1594
f 1534/1534/1534 1535/1535/1535 1596/1596/1596 1595/1595/1595
f 1535/1535/1535 1536/1536/1536 1597/1597/1597 1596/1596/1596
f 1536/1536/1536 1537/1537/1537 1598/1598/1598 1597/1597/1597
f 1537/1537/1537 1538/1538/1538 1599/1599/1599 1598/1598/1598
f 1538/1538/1538 1539/1539/1539 1600/1600/1600 1599/1599/1599
f 1539/1539/1539 1540/1540/1540 1601/1601/1601 1600/1600/1600
f 1540/1540/1540 1541/1541/1541 1602/1602/1602 1601/1601/1601
f 1541/1541/1541 1542/1542/1542 1603/1603/1603 1602/1602/1602
f 1542/1542/1542 1543/1543/1543 1604/1604/1604 1603/1603/1603
f 1543/1543/1543 1544/1544/1544 1605/1605/1605 1604/1604/1604
f 1544/1544/1544 1545/1545/1545 1606/1606/1606 1605/1605/1605
f 1545/1545/1545 1546/1546/1546 1607/1607/1607 1606/1606/1606
f 1546/1546/1546 1547/1547/1547 1608/1608/1608 1607/1607/1607
f 1547/1547/1547 1548/1548/1548 1609/1609/1609 1608/1608/1608
f 1548/1548/1548 1549/1549/1549 1610/1610/1610 1609/1609/1609
f 1549/1549/1549 1550/1550/1550 1611/1611/1611 1610/1610/1610
f 1550/1550/1550 1551/1551/1551 1612/1612/1612 1611/1611/1611
f 1551/1551/1551 1552/1552/1552 1613/1613/1613 1612/1612/1612
f 1552/1552/1552 1553/1553/1553 1614/1614/1614 1613/1613/1613
f 1553/1553/1553 1554/1554/1554 1615/1615/1615 1614/1614/1614
f 1554/1554/1554 1555/1555/1555 1616/1616/1616 1615/1615/1615
f 1555/1555/1555 1556/1556/1556 1617/1617/1617 1616/1616/1616
f 1556/1556/1556 1557/1557/1557 1618/1618/1618 1617/1617/1617
f 1557/1557/1557 1558/1558/1558 1619/1619/1619 1618/1618/1618
f 1558/1558/1558 1559/1559/1559 1620/1620/1620 1619/1619/1619
f 1559/1559/1559 1560/1560/1560 1621/1621/1621 1620/1620/1620
f 1560/1560/1560 1561/1561/1561 1622/1622/1622 1621/1621/1621
f 1561/1561/1561 1562/1562/1562 1623/1623/1623 1622/1622/1622
f 1562/1562/1562 1563/1563/1563 1624/1624/1624 1623/1623/1623
f 1563/1563/1563 1564/1564/1564 1625/1625/1625 1624/1624/1624
f 1564/1564/1564 1565/1565/1565 1626/1626/1626 1625/1625/1625
f 1565/1565/1565 1566/1566/1566 1627/1627/1627 1626/1626/1626
f 1566/1566/1566 1567/1567/1567 1628/1628/1628 1627/1627/1627
f 1567/1567/1567 1568/1568/1568 1629/1629/1629 1628/1628/1628
f 1568/1568/1568 1569/1569/1569 1630/1630/1630 1629/1629/1629
f 1569/1569/1569 1570/1570/1570 1631/1631/1631 1630/1630/1630
f 1570/1570/1570 1571/1571/1571 1632/1632/1632 1631/1631/1631
f 1571/1571/1571 1572/1572/1572 1633/1633/1633 1632/1632/1632
f 1572/1572/1572 1573/1573/1573 1634/1634/1634 1633/1633/1633
f 1573/1573/1573 1574/1574/1574 1635/1635/1635 1634/1634/1634
f 1574/1574/1574 1575/1575/1575 1636/1636/1636 1635/1635/1635
f 1575/1575/1575 1576/1576/1576 1637/1637/1637 1636/1636/1636
f 1576/1576/1576 1577/1577/1577 1638/1638/1638 1637/1637/1637
f 1577/1577/1577 1578/1578/1578 1639/1639/1639 1638/1638/1638
f 1578/1578/1578 1579/1579/1579 1640/1640/1640 1639/1639/1639
f 1579/1579/1579 1580/1580/1580 1641/1641/1641 1640/1640/1640
f 1580/1580/1580 1581/1581/1581 1642/1642/1642 1641/1641/1641
f 1581/1581/1581 1582/1582/1582 1643/1643/1643 1642/1642/1642
f 1582/1582/1582 1583/1583/1583 1644/1644/1644 1643/1643/1643
f 1583/1583/1583 1584/1584/1584 1645/1645/1645 1644/1644/1644
f 1584/1584/1584 1585/1585/1585 1646/1646/1646 1645/1645/1645
f 1585/1585/1585 1586/1586/1586 1647/1647/1647 1646/1646/1646
f 1587/1587/1588 1588/1588/1587 1649/1649/1648 1648/1648/1649
f 1588/1588/1587 1589/1589/1589 1650/1650/1650 1649/1649/1648
f 1589/1589/1589 1590/1590/1590 1651/1651/1651 1650/1650/1650
f 1590/1590/1590 1591/1591/1591 1652/1652/1652 1651/1651/1651
f 1591/1591/1591 1592/1592/1592 1653/1653/1653 1652/1652/1652
f 1592/1592/1592 1593/1593/1593 1654/1654/1654 1653/1653/1653
f 1593/1593/1593 1594/1594/1594 1655/1655/1655 1654/1654/1654
f 1594/1594/1594 1595/1595/1595 1656/1656/1656 1655/1655/1655
f 1595/1595/1595 1596/1596/1596 1657/1657/1657 1656/1656/1656
f 1596/1596/1596 1597/1597/1597 1658/1658/1658 1657/1657/1657
f 1597/1597/1597 1598/1598/1598 1659/1659/1659 1658/1658/1658
f 1598/1598/1598 1599/1599/1599 1660/1660/1660 1659/1659/1659
f 1599/1599/1599 1600/1600/1600 1661/1661/1661 1660/1660/1660
f 1600/1600/1600 1601/1601/1601 1662/1662/1662 1661/1661/1661
f 1601/1601/1601 1602/1602/1602 1663/1663/1663 1662/1662/1662
f 1602/1602/1602 1603/1603/1603 1664/1664/1664 1663/1663/1663
f 1603/1603/1603 1604/1604/1604 1665/1665/1665 1664/1664/1664
f 1604/1604/1604 1605/1605/1605 1666/1666/1666 1665/1665/1665
f 1605/1605/1605 1606/1606/1606 1667/1667/1667 1666/1666/1666
f 1606/1606/1606 1607/1607/1607 1668/1668/1668 1667/1667/1667
f 1607/1607/1607 1608/1608/1608 1669/1669/1669 1668/1668/1668
f 1608/1608/1608 1609/1609/1609 1670/1670/1670 1669/1669/1669
f 1609/1609/1609 1610/1610/1610 1671/1671/1671 1670/1670/1670
f 1610/1610/1610 1611/1611/1611 1672/1672/1672 1671/1671/1671
f 1611/1611/1611 1612/1612/1612 1673/1673/1673 1672/1672/1672
f 1612/1612/1612 1613/1613/1613 1674/1674/1674 1673/1673/1673
f 1613/1613/1613 1614/1614/1614 1675/1675/1675 1674/1674/1674
f 1614/1614/1614 1615/1615/1615 1676/1676/1676 1675/1675/1675
f 1615/1615/1615 1616/1616/1616 1677/1677/1677 1676/1676/1676
f 1616/1616/1616 1617/1617/1617 1678/1678/1678 1677/1677/1677
f 1617/1617/1617 1618/1618/1618 1679/1679/1679 1678/1678/1678
f 1618/1618/1618 1619/1619/1619 1680/1680/1680 1679/1679/1679
f 1619/1619/1619 1620/1620/1620 1681/1681/1681 1680/1680/1680
f 1620/1620/1620 1621/1621/1621 1682/1682/1682 1681/1681/1681
f 1621/1621/1621 1622/1622/1622 1683/1683/1683 1682/1682/1682
f 1622/1622/1622 1623/1623/1623 1684/1684/1684 1683/1683/1683
f 1623/1623/1623 1624/1624/1624 1685/1685/1685 1684/1684/1684
f 1624/1624/1624 1625/1625/1625 1686/1686/1686 1685/1685/1685
f 1625/1625/1625 1626/1626/1626 1687/1687/1687 1686/1686/1686
f 1626/1626/1626 1627/1627/1627 1688/1688/1688 1687/1687/1687
f 1627/1627/1627 1628/1628/1628 1689/1689/1689 1688/1688/1688
f 1628/1628/1628 1629/1629/1629 1690/1690/1690 1689/1689/1689
f 1629/1629/1629 1630/1630/1630 1691/1691/1691 1690/1690/1690
f 1630/1630/1630 1631/1631/1631 1692/1692/1692 1691/1691/1691
f 1631/1631/1631 1632/1632/1632 1693/1693/1693 1692/1692/1692
f 1632/1632/1632 1633/1633/1633 1694/1694/1694 1693/1693/1693
f 1633/1633/1633 1634/1634/1634 1695/1695/1695 1694/1694/1694
f 1634/1634/1634 1635/1635/1635 1696/1696/1696 1695/1695/1695
f 1635/1635/1635 1636/1636/1636 1697/1697/1697 1696/1696/1696
f 1636/1636/1636 1637/1637/1637 1698/1698/1698 1697/1697/1697
f 1637/1637/1637 1638/1638/1638 1699/1699/1699 1698/1698/1698
f 1638/1638/1638 1639/1639/1639 1700/1700/1700 1699/1699/1699
f 1639/1639/1639 1640/1640/1640 1701/1701/1701 1700/1700/1700
f 1640/1640/1640 1641/1641/1641 1702/1702/1702 1701/1701/1701
f 1641/1641/1641 1642/1642/1642 1703/1703/1703 1702/1702/1702
f 1642/1642/1642 1643/1643/1643 1704/1704/1704 1703/1703/1703
f 1643/1643/1643 1644/1644/1644 1705/1705/1705 1704/1704/1704
f 1644/1644/1644 1645/1645/1645 1706/1706/1706 1705/1705/1705
f 1645/1645/1645 1646/1646/1646 1707/1707/1707 1706/1706/1706
f 1646/1646/1646 1647/1647/1647 1708/1708/1708 1707/1707/1707
f 1648/1648/1649 1649/1649/1648 1710/1710/1709 1709/1709/1710
f 1649/1649/1648 1650/1650/1650 1711/1711/1711 1710/1710/1709
f 1650/1650/1650 1651/1651/1651 1712/1712/1712 1711/1711/1711
f 1651/1651/1651 1652/1652/1652 1713/1713/1713 1712/1712/1712
f 1652/1652/1652 1653/1653/1653 1714/1714/1714 1713/1713/1713
f 1653/1653/1653 1654/1654/1654 1715/1715/1715 1714/1714/1714
f 1654/1654/1654 1655/1655/1655 1716/1716/1716 1715/1715/1715
f 1655/1655/1655 1656/1656/1656 1717/1717/1717 1716/1716/1716
f 1656/1656/1656 1657/1657/1657 1718/1718/1718 1717/1717/1717
f 1657/1657/1657 1658/1658/1658 1719/1719/1719 1718/1718/1718
f 1658/1658/1658 1659/1659/1659 1720/1720/1720 1719/1719/1719
f 1659/1659/1659 1660/1660/1660 1721/1721/1721 1720/1720/1720
f 1660/1660/1660 1661/1661/1661 1722/1722/1722 1721/1721/1721
f 1661/1661/1661 1662/1662/1662 1723/1723/1723 1722/1722/1722
f 1662/1662/1662 1663/1663/1663 1724/1724/1724 1723/1723/1723
f 1663/1663/1663 1664/1664/1664 1725/1725/1725 1724/1724/1724
f 1664/1664/1664 1665/1665/1665 1726/1726/1726 1725/1725/1725
f 1665/1665/1665 1666/1666/1666 1727/1727/1727 1726/1726/1726
f 1666/1666/1666 1667/1667/1667 1728/1728/1728 1727/1727/1727
f 1667/1667/1667 1668/1668/1668 1729/1729/1729 1728/1728/1728
f 1668/1668/1668 1669/1669/1669 1730/1730/1730 1729/1729/1729
f 1669/1669/1669 1670/1670/1670 1731/1731/1731 1730/1730/1730
f 1670/1670/1670 1671/1671/1671 1732/1732/1732 1731/1731/1731
f 1671/1671/1671 1672/1672/1672 1733/1733/1733 1732/1732/1732
f 1672/1672/1672 1673/1673/1673 1734/1734/1734 1733/1733/1733
f 1673/1673/1673 1674/1674/1674 1735/1735/1735 1734/1734/1734
f 1674/1674/1674 1675/1675/1675 1736/1736/1736 1735/1735/1735
f 1675/1675/1675 1676/1676/1676 1737/1737/1737 1736/1736/1736
f 1676/1676/1676 1677/1677/1677 1738/1738/1738 1737/1737/1737
f 1677/1677/1677 1678/1678/1678 1739/1739/1739 1738/1738/1738
f 1678/1678/1678 1679/1679/1679 1740/1740/1740 1739/1739/1739
f 1679/1679/1679 1680/1680/1680 1741/1741/1741 1740/1740/1740
f 1680/1680/1680 1681/1681/1681 1742/1742/1742 1741/1741/1741
f 1681/1681/1681 1682/1682/1682 1743/1743/1743 1742/1742/1742
f 1682/1682/1682 1683/1683/1683 1744/1744/1744 1743/1743/1743
f 1683/1683/1683 1684/1684/1684 1745/1745/1745 1744/1744/1744
f 1684/1684/1684 1685/1685/1685 1746/1746/1746 1745/1745/1745
f 1685/1685/1685 1686/1686/1686 1747/1747/1747 1746/1746/1746
f 1686/1686/1686 1687/1687/1687 1748/1748/1748 1747/1747/1747
f 1687/1687/1687 1688/1688/1688 1749/1749/1749 1748/1748/1748
f 1688/1688/1688 1689/1689/1689 1750/1750/1750 1749/1749/1749
f 1689/1689/1689 1690/1690/1690 1751/1751/1751 1750/1750/1750
f 1690/1690/1690 1691/1691/1691 1752/1752/1752 1751/1751/1751
f 1691/1691/1691 1692/1692/1692 1753/1753/1753 1752/1752/1752
f 1692/1692/1692 1693/1693/1693 1754/1754/1754 1753/1753/1753
f 1693/1693/1693 1694/1694/1694 1755/1755/1755 1754/1754/1754
f 1694/1694/1694 1695/1695/1695 1756/1756/1756 1755/1755/1755
f 1695/1695/1695 1696/1696/1696 1757/1757/1757 1756/1756/1756
f 1696/1696/1696 1697/1697/1697 1758/1758/1758 1757/1757/1757
f 1697/1697/1697 1698/1698/1698 1759/1759/1759 1758/1758/1758
f 1698/1698/1698 1699/1699/1699 1760/1760/1760 1759/1759/1759
f 1699/1699/1699 1700/1700/1700 1761/1761/1761 1760/1760/1760
f 1700/1700/1700 1701/1701/1701 1762/1762/1762 1761/1761/1761
f 1701/1701/1701 1702/1702/1702 1763/1763/1763 1762/1762/1762
f 1702/1702/1702 1703/1703/1703 1764/1764/1764 1763/1763/1763
f 1703/1703/1703 1704/1704/1704 1765/1765/1765 1764/1764/1764
f 1704/1704/1704 1705/1705/1705 1766/1766/1766 1765/1765/1765
f 1705/1705/1705 1706/1706/1706 1767/1767/1767 1766/1766/1766
f 1706/1706/1706 1707/1707/1707 1768/1768/1768 1767/1767/1767
f 1707/1707/1707 1708/1708/1708 1769/1769/1769 1768/1768/1768
f 1709/1709/1710 1710/1710/1709 1771/1771/1770 1770/1770/1771
f 1710/1710/1709 1711/1711/1711 1772/1772/1772 1771/1771/1770
f 1711/1711/1711 1712/1712/1712 1773/1773/1773 1772/1772/1772
f 1712/1712/1712 1713/1713/1713 1774/1774/1774 1773/1773/1773
f 1713/1713/1713 1714/1714/1714 1775/1775/1775 1774/1774/1774
f 1714/1714/1714 1715/1715/1715 1776/1776/1776 1775/1775/1775
f 1715/1715/1715 1716/1716/1716 1777/1777/1777 1776/1776/1776
f 1716/1716/1716 1717/1717/1717 1778/1778/1778 1777/1777/1777
f 1717/1717/1717 1718/1718/1718 1779/1779/1779 1778/1778/1778
f 1718/1718/1718 1719/1719/1719 1780/1780/1780 1779/1779/1779
f 1719/1719/1719 1720/1720/1720 1781/1781/1781 1780/1780/1780
f 1720/1720/1720 1721/1721/1721 1782/1782/1782 1781/1781/1781
f 1721/1721/1721 1722/1722/1722 1783/1783/1783 1782/1782/1782
f 1722/1722/1722 1723/1723/1723 1784/1784/1784 1783/1783/1783
f 1723/1723/1723 1724/1724/1724 1785/1785/1785 1784/1784/1784
f 1724/1724/1724 1725/1725/1725 1786/1786/1786 1785/1785/1785
f 1725/1725/1725 1726/1726/1726 1787/1787/1787 1786/1786/1786
f 1726/1726/1726 1727/1727/1727 1788/1788/1788 1787/1787/1787
f 1727/1727/1727 1728/1728/1728 1789/1789/1789 1788/1788/1788
f 1728/1728/1728 1729/1729/1729 1790/1790/1790 1789/1789/1789
f 1729/1729/1729 1730/1730/1730 1791/1791/1791 1790/1790/1790
f 1730/1730/1730 1731/1731/1731 1792/1792/1792 1791/1791/1791
f 1731/1731/1731 1732/1732/1732 1793/1793/1793 1792/1792/1792
f 1732/1732/1732 1733/1733/1733 1794/1794/1794 1793/1793/1793
f 1733/1733/1733 1734/1734/1734 1795/1795/1795 1794/1794/1794
f 1734/1734/1734 1735/1735/1735 1796/1796/1796 1795/1795/1795
f 1735/1735/1735 1736/1736/1736 1797/1797/1797 1796/1796/1796
f 1736/1736/1736 1737/1737/1737 1798/1798/1798 1797/1797/1797
f 1737/1737/1737 1738/1738/1738 1799/1799/1799 1798/1798/1798
f 1738/1738/1738 1739/1739/1739 1800/1800/1800 1799/1799/1799
f 1739/1739/1739 1740/1740/1740 1801/1801/1801 1800/1800/1800
f 1740/1740/1740 1741/1741/1741 1802/1802/1802 1801/1801/1801
f 1741/1741/1741 1742/1742/1742 1803/1803/1803 1802/1802/1802
f 1742/1742/1742 1743/1743/1743 1804/1804/1804 1803/1803/1803
f 1743/1743/1743 1744/1744/1744 1805/1805/1805 1804/1804/1804
f 1744/1744/1744 1745/1745/1745 1806/1806/1806 1805/1805/1805
f 1745/1745/1745 1746/1746/1746 1807/1807/1807 1806/1806/1806
f 1746/1746/1746 1747/1747/1747 1808/1808/1808 1807/1807/1807
f 1747/1747/1747 1748/1748/1748 1809/1809/1809 1808/1808/1808
f 1748/1748/1748 1749/1749/1749 1810/1810/1810 1809/1809/1809
f 1749/1749/1749 1750/1750/1750 1811/1811/1811 1810/1810/1810
f 1750/1750/1750 1751/1751/1751 1812/1812/1812 1811/1811/1811
f 1751/1751/1751 1752/1752/1752 1813/1813/1813 1812/1812/1812
f 1752/1752/1752 1753/1753/1753 1814/1814/1814 1813/1813/1813
f 1753/1753/1753 1754/1754/1754 1815/1815/1815 1814/1814/1814
f 1754/1754/1754 1755/1755/1755 1816/1816/1816 1815/1815/1815
f 1755/1755/1755 1756/1756/1756 1817/1817/1817 1816/1816/1816
f 1756/1756/1756 1757/1757/1757 1818/1818/1818 1817/1817/1817
f 1757/1757/1757 1758/1758/1758 1819/1819/1819 1818/1818/1818
f 1758/1758/1758 1759/1759/1759 1820/1820/1820 1819/1819/1819
f 1759/1759/1759 1760/1760/1760 1821/1821/1821 1820/1820/1820
f 1760/1760/1760 1761/1761/1761 1822/1822/1822 1821/1821/1821
f 1761/1761/1761 1762/1762/1762 1823/1823/1823 1822/1822/1822
f 1762/1762/1762 1763/1763/1763 1824/1824/1824 1823/1823/1823
f 1763/1763/1763 1764/1764/1764 1825/1825/1825 1824/1824/1824
f 1764/1764/1764 1765/1765/1765 1826/1826/1826 1825/1825/1825
f 1765/1765/1765 1766/1766/1766 1827/1827/1827 1826/1826/1826
f 1766/1766/1766 1767/1767/1767 1828/1828/1828 1827/1827/1827
f 1767/1767/1767 1768/1768/1768 1829/1829/1829 1828/1828/1828
f 1768/1768/1768 1769/1769/1769 1830/1830/1830 1829/1829/1829
f 1770/1770/1771 1771/1771/1770 1832/1832/1831 1831/1831/1832
f 1771/1771/1770 1772/1772/1772 1833/1833/1833 1832/1832/1831
f 1772/1772/1772 1773/1773/1773 1834/1834/1834 1833/1833/1833
f 1773/1773/1773 1774/1774/1774 1835/1835/1835 1834/1834/1834
f 1774/1774/1774 1775/1775/1775 1836/1836/1836 1835/1835/1835
f 1775/1775/1775 1776/1776/1776 1837/1837/1837 1836/1836/1836
f 1776/1776/1776 1777/1777/1777 1838/1838/1838 1837/1837/1837
f 1777/1777/1777 1778/1778/1778 1839/1839/1839 1838/1838/1838
f 1778/1778/1778 1779/1779/1779 1840/1840/1840 1839/1839/1839
f 1779/1779/1779 1780/1780/1780 1841/1841/1841 1840/1840/1840
f 1780/1780/1780 1781/1781/1781 1842/1842/1842 1841/1841/1841
f 1781/1781/1781 1782/1782/1782 1843/1843/1843 1842/1842/1842
f 1782/1782/1782 1783/1783/1783 1844/1844/1844 1843/1843/1843
f 1783/1783/1783 1784/1784/1784 1845/1845/1845 1844/1844/1844
f 1784/1784/1784 1785/1785/1785 1846/1846/1846 1845/1845/1845
f 1785/1785/1785 1786/1786/1786 1847/1847/1847 1846/1846/1846
f 1786/1786/1786 1787/1787/1787 1848/1848/1848 1847/1847/1847
f 1787/1787/1787 1788/1788/1788 1849/1849/1849 1848/1848/1848
f 1788/1788/1788 1789/1789/1789 1850/1850/1850 1849/1849/1849
f 1789/1789/1789 1790/1790/1790 1851/1851/1851 1850/1850/1850
f 1790/1790/1790 1791/1791/1791 1852/1852/1852 1851/1851/1851
f 1791/1791/1791 1792/1792/1792 1853/1853/1853 1852/1852/1852
f 1792/1792/1792 1793/1793/1793 1854/1854/1854 1853/1853/1853
f 1793/1793/1793 1794/1794/1794 1855/1855/1855 1854/1854/1854
f 1794/1794/1794 1795/1795/1795 1856/1856/1856 1855/1855/1855
f 1795/1795/1795 1796/1796/1796 1857/1857/1857 1856/1856/1856
f 1796/1796/1796 1797/1797/1797 1858/1858/1858 1857/1857/1857
f 1797/1797/1797 1798/1798/1798 1859/1859/1859 1858/1858/1858
f 1798/1798/1798 1799/1799/1799 1860/1860/1860 1859/1859/1859
f 1799/1799/1799 1800/1800/1800 1861/1861/1861 1860/1860/1860
f 1800/1800/1800 1801/1801/1801 1862/1862/1862 1861/1861/1861
f 1801/1801/1801 1802/1802/1802 1863/1863/1863 1862/1862/1862
f 1802/1802/1802 1803/1803/1803 1864/1864/1864 1863/1863/1863
f 1803/1803/1803 1804/1804/1804 1865/1865/1865 1864/1864/1864
f 1804/1804/1804 1805/1805/1805 1866/1866/1866 1865/1865/1865
f 1805/1805/1805 1806/1806/1806 1867/1867/1867 1866/1866/1866
f 1806/1806/1806 1807/1807/1807 1868/1868/1868 1867/1867/1867
f 1807/1807/1807 1808/1808/1808 1869/1869/1869 1868/1868/1868
f 1808/1808/1808 1809/1809/1809 1870/1870/1870 1869/1869/1869
f 1809/1809/1809 1810/1810/1810 1871/1871/1871 1870/1870/1870
f 1810/1810/1810 1811/1811/1811 1872/1872/1872 1871/1871/1871
f 1811/1811/1811 1812/1812/1812 1873/1873/1873 1872/1872/1872
f 1812/1812/1812 1813/1813/1813 1874/1874/1874 1873/1873/1873
f 1813/1813/1813 1814/1814/1814 1875/1875/1875 1874/1874/1874
f 1814/1814/1814 1815/1815/1815 1876/1876/1876 1875/1875/1875
f 1815/1815/1815 1816/1816/1816 1877/1877/1877 1876/1876/1876
f 1816/1816/1816 1817/1817/1817 1878/1878/1878 1877/1877/1877
f 1817/1817/1817 1818/1818/1818 1879/1879/1879 1878/1878/1878
f 1818/1818/1818 1819/1819/1819 1880/1880/1880 1879/1879/1879
f 1819/1819/1819 1820/1820/1820 1881/1881/1881 1880/1880/1880
f 1820/1820/1820 1821/1821/1821 1882/1882/1882 1881/1881/1881
f 1821/1821/1821 1822/1822/1822 1883/1883/1883 1882/1882/1882
f 1822/1822/1822 1823/1823/1823 1884/1884/1884 1883/1883/1883
f 1823/1823/1823 1824/1824/1824 1885/1885/1885 1884/1884/1884
f 1824/1824/1824 1825/1825/1825 1886/1886/1886 1885/1885/1885
f 1825/1825/1825 1826/1826/1826 1887/1887/1887 1886/1886/1886
f 1826/1826/1826 1827/1827/1827 1888/1888/1888 1887/1887/1887
f 1827/1827/1827 1828/1828/1828 1889/1889/1889 1888/1888/1888
f 1828/1828/1828 1829/1829/1829 1890/1890/1890 1889/1889/1889
f 1829/1829/1829 1830/1830/1830 1891/1891/1891 1890/1890/1890
f 1831/1831/1832 1832/1832/1831 1893/1893/1892 1892/1892/1893
f 1832/1832/1831 1833/1833/1833 1894/1894/1894 1893/1893/1892
f 1833/1833/1833 1834/1834/1834 1895/1895/1895 1894/1894/1894
f 1834/1834/1834 1835/1835/1835 1896/1896/1896 1895/1895/1895
f 1835/1835/1835 1836/1836/1836 1897/1897/1897 1896/1896/1896
f 1836/1836/1836 1837/1837/1837 1898/1898/1898 1897/1897/1897
f 1837/1837/1837 1838/1838/1838 1899/1899/1899 1898/1898/1898
f 1838/1838/1838 1839/1839/1839 1900/1900/1900 1899/1899/1899
f 1839/1839/1839 1840/1840/1840 1901/1901/1901 1900/1900/1900
f 1840/1840/1840 1841/1841/1841 1902/1902/1902 1901/1901/1901
f 1841/1841/1841 1842/1842/1842 1903/1903/1903 1902/1902/1902
f 1842/1842/1842 1843/1843/1843 1904/1904/1904 1903/1903/1903
f 1843/1843/1843 1844/1844/1844 1905/1905/1905 1904/1904/1904
f 1844/1844/1844 1845/1845/1845 1906/1906/1906 1905/1905/1905
f 1845/1845/1845 1846/1846/1846 1907/1907/1907 1906/1906/1906
f 1846/1846/1846 1847/1847/1847 1908/1908/1908 1907/1907/1907
f 1847/1847/1847 1848/1848/1848 1909/1909/1909 1908/1908/1908
f 1848/1848/1848 1849/1849/1849 1910/1910/1910 1909/1909/1909
f 1849/1849/1849 1850/1850/1850 1911/1911/1911 1910/1910/1910
f 1850/1850/1850 1851/1851/1851 1912/1912/1912 1911/1911/1911
f 1851/1851/1851 1852/1852/1852 1913/1913/1913 1912/1912/1912
f 1852/1852/1852 1853/1853/1853 1914/1914/1914 1913/1913/1913
f 1853/1853/1853 1854/1854/1854 1915/1915/1915 1914/1914/1914
f 1854/1854/1854 1855/1855/1855 1916/1916/1916 1915/1915/1915
f 1855/1855/1855 1856/1856/1856 1917/1917/1917 1916/1916/1916
f 1856/1856/1856 1857/1857/1857 1918/1918/1918 1917/1917/1917
f 1857/1857/1857 1858/1858/1858 1919/1919/1919 1918/1918/1918
f 1858/1858/1858 1859/1859/1859 1920/1920/1920 1919/1919/1919
f 1859/1859/1859 1860/1860/1860 1921/1921/1921 1920/1920/1920
f 1860/1860/1860 1861/1861/1861 1922/1922/1922 1921/1921/1921
f 1861/1861/1861 1862/1862/1862 1923/1923/1923 1922/1922/1922
f 1862/1862/1862 1863/1863/1863 1924/1924/1924 1923/1923/1923
f 1863/1863/1863 1864/1864/1864 1925/1925/1925 1924/1924/1924
f 1864/1864/1864 1865/1865/1865 1926/1926/1926 1925/1925/1925
f 1865/1865/1865 1866/1866/1866 1927/1927/1927 1926/1926/1926
f 1866/1866/1866 1867/1867/1867 1928/1928/1928 1927/1927/1927
f 1867/1867/1867 1868/1868/1868 1929/1929/1929 1928/1928/1928
f 1868/1868/1868 1869/1869/1869 1930/1930/1930 1929/1929/1929
f 1869/1869/1869 1870/1870/1870 1931/1931/1931 1930/1930/1930
f 1870/1870/1870 1871/1871/1871 1932/1932/1932 1931/1931/1931
f 1871/1871/1871 1872/1872/1872 1933/1933/1933 1932/1932/1932
f 1872/1872/1872 1873/1873/1873 1934/1934/1934 1933/1933/1933
f 1873/1873/1873 1874/1874/1874 1935/1935/1935 1934/1934/1934
f 1874/1874/1874 1875/1875/1875 1936/1936/1936 1935/1935/1935
f 1875/1875/1875 1876/1876/1876 1937/1937/1937 1936/1936/1936
f 1876/1876/1876 1877/1877/1877 1938/1938/1938 1937/1937/1937
f 1877/1877/1877 1878/1878/1878 1939/1939/1939 1938/1938/1938
f 1878/1878/1878 1879/1879/1879 1940/1940/1940 1939/1939/1939
f 1879/1879/1879 1880/1880/1880 1941/1941/1941 1940/1940/1940
f 1880/1880/1880 1881/1881/1881 1942/1942/1942 1941/1941/1941
f 1881/1881/1881 1882/1882/1882 1943/1943/1943 1942/1942/1942
f 1882/1882/1882 1883/1883/1883 1944/1944/1944 1943/1943/1943
f 1883/1883/1883 1884/1884/1884 1945/1945/1945 1944/1944/1944
f 1884/1884/1884 1885/1885/1885 1946/1946/1946 1945/1945/1945
f 1885/1885/1885 1886/1886/1886 1947/1947/1947 1946/1946/1946
f 1886/1886/1886 1887/1887/1887 1948/1948/1948 1947/1947/1947
f 1887/1887/1887 1888/1888/1888 1949/1949/1949 1948/1948/1948
f 1888/1888/1888 1889/1889/1889 1950/1950/1950 1949/1949/1949
f 1889/1889/1889 1890/1890/1890 1951/1951/1951 1950/1950/1950
f 1890/1890/1890 1891/1891/1891 1952/1952/1952 1951/1951/1951
f 1892/1892/1893 1893/1893/1892 1954/1954/1953 1953/1953/1954
f 1893/1893/1892 1894/1894/1894 1955/1955/1955 1954/1954/1953
f 1894/1894/1894 1895/1895/1895 1956/1956/1956 1955/1955/1955
f 1895/1895/1895 1896/1896/1896 1957/1957/1957 1956/1956/1956
f 1896/1896/1896 1897/1897/1897 1958/1958/1958 1957/1957/1957
f 1897/1897/1897 1898/1898/1898 1959/1959/1959 1958/1958/1958
f 1898/1898/1898 1899/1899/1899 1960/1960/1960 1959/1959/1959
f 1899/1899/1899 1900/1900/1900 1961/1961/1961 1960/1960/1960
f 1900/1900/1900 1901/1901/1901 1962/1962/1962 1961/1961/1961
f 1901/1901/1901 1902/1902/1902 1963/1963/1963 1962/1962/1962
f 1902/1902/1902 1903/1903/1903 1964/1964/1964 1963/1963/1963
f 1903/1903/1903 1904/1904/1904 1965/1965/1965 1964/1964/1964
f 1904/1904/1904 1905/1905/1905 1966/1966/1966 1965/1965/1965
f 1905/1905/1905 1906/1906/1906 1967/1967/1967 1966/1966/1966
f 1906/1906/1906 1907/1907/1907 1968/1968/1968 1967/1967/1967
f 1907/1907/1907 1908/1908/1908 1969/1969/1969 1968/1968/1968
f 1908/1908/1908 1909/1909/1909 1970/1970/1970 1969/1969/1969
f 1909/1909/1909 1910/1910/1910 1971/1971/1971 1970/1970/1970
f 1910/1910/1910 1911/1911/1911 1972/1972/1972 1971/1971/1971
f 1911/1911/1911 1912/1912/1912 1973/1973/1973 1972/1972/1972
f 1912/1912/1912 1913/1913/1913 1974/1974/1974 1973/1973/1973
f 1913/1913/1913 1914/1914/1914 1975/1975/1975 1974/1974/1974
f 1914/1914/1914 1915/1915/1915 1976/1976/1976 1975/1975/1975
f 1915/1915/1915 1916/1916/1916 1977/1977/1977 1976/1976/1976
f 1916/1916/1916 1917/1917/1917 1978/1978/1978 1977/1977/1977
f 1917/1917/1917 1918/1918/1918 1979/1979/1979 1978/1978/1978
f 1918/1918/1918 1919/1919/1919 1980/1980/1980 1979/1979/1979
f 1919/1919/1919 1920/1920/1920 1981/1981/1981 1980/1980/1980
f 1920/1920/1920 1921/1921/1921 1982/1982/1982 1981/1981/1981
f 1921/1921/1921 1922/1922/1922 1983/1983/1983 1982/1982/1982
f 1922/1922/1922 1923/1923/1923 1984/1984/1984 1983/1983/1983
f 1923/1923/1923 1924/1924/1924 1985/1985/1985 1984/1984/1984
f 1924/1924/1924 1925/1925/1925 1986/1986/1986 1985/1985/1985
f 1925/1925/1925 1926/1926/1926 1987/1987/1987 1986/1986/1986
f 1926/1926/1926 1927/1927/1927 1988/1988/1988 1987/1987/1987
f 1927/1927/1927 1928/1928/1928 1989/1989/1989 1988/1988/1988
f 1928/1928/1928 1929/1929/1929 1990/1990/1990 1989/1989/1989
f 1929/1929/1929 1930/1930/1930 1991/1991/1991 1990/1990/1990
f 1930/1930/1930 1931/1931/1931 1992/1992/1992 1991/1991/1991
f 1931/1931/1931 1932/1932/1932 1993/1993/1993 1992/1992/1992
f 1932/1932/1932 1933/1933/1933 1994/1994/1994 1993/1993/1993
f 1933/1933/1933 1934/1934/1934 1995/1995/1995 1994/1994/1994
f 1934/1934/1934 1935/1935/1935 1996/1996/1996 1995/1995/1995
f 1935/1935/1935 1936/1936/1936 1997/1997/1997 1996/1996/1996
f 1936/1936/1936 1937/1937/1937 1998/1998/1998 1997/1997/1997
f 1937/1937/1937 1938/1938/1938 1999/1999/1999 1998/1998/1998
f 1938/1938/1938 1939/1939/1939 2000/2000/2000 1999/1999/1999
f 1939/1939/1939 1940/1940/1940 2001/2001/2001 2000/2000/2000
f 1940/1940/1940 1941/1941/1941 2002/2002/2002 2001/2001/2001
f 1941/1941/1941 1942/1942/1942 2003/2003/2003 2002/2002/2002
f 1942/1942/1942 1943/1943/1943 2004/2004/2004 2003/2003/2003
f 1943/1943/1943 1944/1944/1944 2005/2005/2005 2004/2004/2004
f 1944/1944/1944 1945/1945/1945 2006/2006/2006 2005/2005/2005
f 1945/1945/1945 1946/1946/1946 2007/2007/2007 2006/2006/2006
f 1946/1946/1946 1947/1947/1947 2008/2008/2008 2007/2007/2007
f 1947/1947/1947 1948/1948/1948 2009/2009/2009 2008/2008/2008
f 1948/1948/1948 1949/1949/1949 2010/2010/2010 2009/2009/2009
f 1949/1949/1949 1950/1950/1950 2011/2011/2011 2010/2010/2010
f 1950/1950/1950 1951/1951/1951 2012/2012/2012 2011/2011/2011
f 1951/1951/1951 1952/1952/1952 2013/2013/2013 2012/2012/2012
f 1953/1953/1954 1954/1954/1953 2015/2015/2014 2014/2014/2015
f 1954/1954/1953 1955/1955/1955 2016/2016/2016 2015/2015/2014
f 1955/1955/1955 1956/1956/1956 2017/2017/2017 2016/2016/2016
f 1956/1956/1956 1957/1957/1957 2018/2018/2018 2017/2017/2017
f 1957/1957/1957 1958/1958/1958 2019/2019/2019 2018/2018/2018
f 1958/1958/1958 1959/1959/1959 2020/2020/2020 2019/2019/2019
f 1959/1959/1959 1960/1960/1960 2021/2021/2021 2020/2020/2020
f 1960/1960/1960 1961/1961/1961 2022/2022/2022 2021/2021/2021
f 1961/1961/1961 1962/1962/1962 2023/2023/2023 2022/2022/2022
f 1962/1962/1962 1963/1963/1963 2024/2024/2024 2023/2023/2023
f 1963/1963/1963 1964/1964/1964 2025/2025/2025 2024/2024/2024
f 1964/1964/1964 1965/1965/1965 2026/2026/2026 2025/2025/2025
f 1965/1965/1965 1966/1966/1966 2027/2027/2027 2026/2026/2026
f 1966/1966/1966 1967/1967/1967 2028/2028/2028 2027/2027/2027
f 1967/1967/1967 1968/1968/1968 2029/2029/2029 2028/2028/2028
f 1968/1968/1968 1969/1969/1969 2030/2030/2030 2029/2029/2029
f 1969/1969/1969 1970/1970/1970 2031/2031/2031 2030/2030/2030
f 1970/1970/1970 1971/1971/1971 2032/2032/2032 2031/2031/2031
f 1971/1971/1971 1972/1972/1972 2033/2033/2033 2032/2032/2032
f 1972/1972/1972 1973/1973/1973 2034/2034/2034 2033/2033/2033
f 1973/1973/1973 1974/1974/1974 2035/2035/2035 2034/2034/2034
f 1974/1974/1974 1975/1975/1975 2036/2036/2036 2035/2035/2035
f 1975/1975/1975 1976/1976/1976 2037/2037/2037 2036/2036/2036
f 1976/1976/1976 1977/1977/1977 2038/2038/2038 2037/2037/2037
f 1977/1977/1977 1978/1978/1978 2039/2039/2039 2038/2038/2038
f 1978/1978/1978 1979/1979/1979 2040/2040/2040 2039/2039/2039
f 1979/1979/1979 1980/1980/1980 2041/2041/2041 2040/2040/2040
f 1980/1980/1980 1981/1981/1981 2042/2042/2042 2041/2041/2041
f 1981/1981/1981 1982/1982/1982 2043/2043/2043 2042/2042/2042
f 1982/1982/1982 1983/1983/1983 2044/2044/2044 2043/2043/2043
f 1983/1983/1983 1984/1984/1984 2045/2045/2045 2044/2044/2044
f 1984/1984/1984 1985/1985/1985 2046/2046/2046 2045/2045/2045
f 1985/1985/1985 1986/1986/1986 2047/2047/2047 2046/2046/2046
f 1986/1986/1986 1987/1987/1987 2048/2048/2048 2047/2047/2047
f 1987/1987/1987 1988/1988/1988 2049/2049/2049 2048/2048/2048
f 1988/1988/1988 1989/1989/1989 2050/2050/2050 2049/2049/2049
f 1989/1989/1989 1990/1990/1990 2051/2051/2051 2050/2050/2050
f 1990/1990/1990 1991/1991/1991 2052/2052/2052 2051/2051/2051
f 1991/1991/1991 1992/1992/1992 2053/2053/2053 2052/2052/2052
f 1992/1992/1992 1993/1993/1993 2054/2054/2054 2053/2053/2053
f 1993/1993/1993 1994/1994/1994 2055/2055/2055 2054/2054/2054
f 1994/1994/1994 1995/1995/1995 2056/2056/2056 2055/2055/2055
f 1995/1995/1995 1996/1996/1996 2057/2057/2057 2056/2056/2056
f 1996/1996/1996 1997/1997/1997 2058/2058/2058 2057/2057/2057
f 1997/1997/1997 1998/1998/1998 2059/2059/2059 2058/2058/2058
f 1998/1998/1998 1999/1999/1999 2060/2060/2060 2059/2059/2059
f 1999/1999/1999 2000/2000/2000 2061/2061/2061 2060/2060/2060
f 2000/2000/2000 2001/2001/2001 2062/2062/2062 2061/2061/2061
f 2001/2001/2001 2002/2002/2002 2063/2063/2063 2062/2062/2062
f 2002/2002/2002 2003/2003/2003 2064/2064/2064 2063/2063/2063
f 2003/2003/2003 2004/2004/2004 2065/2065/2065 2064/2064/2064
f 2004/2004/2004 2005/2005/2005 2066/2066/2066 2065/2065/2065
f 2005/2005/2005 2006/2006/2006 2067/2067/2067 2066/2066/2066
f 2006/2006/2006 2007/2007/2007 2068/2068/2068 2067/2067/2067
f 2007/2007/2007 2008/2008/2008 2069/2069/2069 2068/2068/2068
f 2008/2008/2008 2009/2009/2009 2070/2070/2070 2069/2069/2069
f 2009/2009/2009 2010/2010/2010 2071/2071/2071 2070/2070/2070
f 2010/2010/2010 2011/2011/2011 2072/2072/2072 2071/2071/2071
f 2011/2011/2011 2012/2012/2012 2073/2073/2073 2072/2072/2072
f 2012/2012/2012 2013/2013/2013 2074/2074/2074 2073/2073/2073
f 2014/2014/2015 2015/2015/2014 2076/2076/2075 2075/2075/2076
f 2015/2015/2014 2016/2016/2016 2077/2077/2077 2076/2076/2075
f 2016/2016/2016 2017/2017/2017 2078/2078/2078 2077/2077/2077
f 2017/2017/2017 2018/2018/2018 2079/2079/2079 2078/2078/2078
f 2018/2018/2018 2019/2019/2019 2080/2080/2080 2079/2079/2079
f 2019/2019/2019 2020/2020/2020 2081/2081/2081 2080/2080/2080
f 2020/2020/2020 2021/2021/2021 2082/2082/2082 2081/2081/2081
f 2021/2021/2021 2022/2022/2022 2083/2083/2083 2082/2082/2082
f 2022/2022/2022 2023/2023/2023 2084/2084/2084 2083/2083/2083
f 2023/2023/2023 2024/2024/2024 2085/2085/2085 2084/2084/2084
f 2024/2024/2024 2025/2025/2025 2086/2086/2086 2085/2085/2085
f 2025/2025/2025 2026/2026/2026 2087/2087/2087 2086/2086/2086
f 2026/2026/2026 2027/2027/2027 2088/2088/2088 2087/2087/2087
f 2027/2027/2027 2028/2028/2028 2089/2089/2089 2088/2088/2088
f 2028/2028/2028 2029/2029/2029 2090/2090/2090 2089/2089/2089
f 2029/2029/2029 2030/2030/2030 2091/2091/2091 2090/2090/2090
f 2030/2030/2030 2031/2031/2031 2092/2092/2092 2091/2091/2091
f 2031/2031/2031 2032/2032/2032 2093/2093/2093 2092/2092/2092
f 2032/2032/2032 2033/2033/2033 2094/2094/2094 2093/2093/2093
f 2033/2033/2033 2034/2034/2034 2095/2095/2095 2094/2094/2094
f 2034/2034/2034 2035/2035/2035 2096/2096/2096 2095/2095/2095
f 2035/2035/2035 2036/2036/2036 2097/2097/2097 2096/2096/2096
f 2036/2036/2036 2037/2037/2037 2098/2098/2098 2097/2097/2097
f 2037/2037/2037 2038/2038/2038 2099/2099/2099 2098/2098/2098
f 2038/2038/2038 2039/2039/2039 2100/2100/2100 2099/2099/2099
f 2039/2039/2039 2040/2040/2040 2101/2101/2101 2100/2100/2100
f 2040/2040/2040 2041/2041/2041 2102/2102/2102 2101/2101/2101
f 2041/2041/2041 2042/2042/2042 2103/2103/2103 2102/2102/2102
f 2042/2042/2042 2043/2043/2043 2104/2104/2104 2103/2103/2103
f 2043/2043/2043 2044/2044/2044 2105/2105/2105 2104/2104/2104
f 2044/2044/2044 2045/2045/2045 2106/2106/2106 2105/2105/2105
f 2045/2045/2045 2046/2046/2046 2107/2107/2107 2106/2106/2106
f 2046/2046/2046 2047/2047/2047 2108/2108/2108 2107/2107/2107
f 2047/2047/2047 2048/2048/2048 2109/2109/2109 2108/2108/2108
f 2048/2048/2048 2049/2049/2049 2110/2110/2110 2109/2109/2109
f 2049/2049/2049 2050/2050/2050 2111/2111/2111 2110/2110/2110
f 2050/2050/2050 2051/2051/2051 2112/2112/2112 2111/2111/2111
f 2051/2051/2051 2052/2052/2052 2113/2113/2113 2112/2112/2112
f 2052/2052/2052 2053/2053/2053 2114/2114/2114 2113/2113/2113
f 2053/2053/2053 2054/2054/2054 2115/2115/2115 2114/2114/2114
f 2054/2054/2054 2055/2055/2055 2116/2116/2116 2115/2115/2115
f 2055/2055/2055 2056/2056/2056 2117/2117/2117 2116/2116/2116
f 2056/2056/2056 2057/2057/2057 2118/2118/2118 2117/2117/2117
f 2057/2057/2057 2058/2058/2058 2119/2119/2119 2118/2118/2118
f 2058/2058/2058 2059/2059/2059 2120/2120/2120 2119/2119/2119
f 2059/2059/2059 2060/2060/2060 2121/2121/2121 2120/2120/2120
f 2060/2060/2060 2061/2061/2061 2122/2122/2122 2121/2121/2121
f 2061/2061/2061 2062/2062/2062 2123/2123/2123 2122/2122/2122
f 2062/2062/2062 2063/2063/2063 2124/2124/2124 2123/2123/2123
f 2063/2063/2063 2064/2064/2064 2125/2125/2125 2124/2124/2124
f 2064/2064/2064 2065/2065/2065 2126/2126/2126 2125/2125/2125
f 2065/2065/2065 2066/2066/2066 2127/2127/2127 2126/2126/2126
f 2066/2066/2066 2067/2067/2067 2128/2128/2128 2127/2127/2127
f 2067/2067/2067 2068/2068/2068 2129/2129/2129 2128/2128/2128
f 2068/2068/2068 2069/2069/2069 2130/2130/2130 2129/2129/2129
f 2069/2069/2069 2070/2070/2070 2131/2131/2131 2130/2130/2130
f 2070/2070/2070 2071/2071/2071 2132/2132/2132 2131/2131/2131
f 2071/2071/2071 2072/2072/2072 2133/2133/2133 2132/2132/2132
f 2072/2072/2072 2073/2073/2073 2134/2134/2134 2133/2133/2133
f 2073/2073/2073 2074/2074/2074 2135/2135/2135 2134/2134/2134
f 2075/2075/2076 2076/2076/2075 2137/2137/2136 2136/2136/2137
f 2076/2076/2075 2077/2077/2077 2138/2138/2138 2137/2137/2136
f 2077/2077/2077 2078/2078/2078 2139/2139/2139 2138/2138/2138
f 2078/2078/2078 2079/2079/2079 2140/2140/2140 2139/2139/2139
f 2079/2079/2079 2080/2080/2080 2141/2141/2141 2140/2140/2140
f 2080/2080/2080 2081/2081/2081 2142/2142/2142 2141/2141/2141
f 2081/2081/2081 2082/2082/2082 2143/2143/2143 2142/2142/2142
f 2082/2082/2082 2083/2083/2083 2144/2144/2144 2143/2143/2143
f 2083/2083/2083 2084/2084/2084 2145/2145/2145 2144/2144/2144
f 2084/2084/2084 2085/2085/2085 2146/2146/2146 2145/2145/2145
f 2085/2085/2085 2086/2086/2086 2147/2147/2147 2146/2146/2146
f 2086/2086/2086 2087/2087/2087 2148/2148/2148 2147/2147/2147
f 2087/2087/2087 2088/2088/2088 2149/2149/2149 2148/2148/2148
f 2088/2088/2088 2089/2089/2089 2150/2150/2150 2149/2149/2149
f 2089/2089/2089 2090/2090/2090 2151/2151/2151 2150/2150/2150
f 2090/2090/2090 2091/2091/2091 2152/2152/2152 2151/2151/2151
f 2091/2091/2091 2092/2092/2092 2153/2153/2153 2152/2152/2152
f 2092/2092/2092 2093/2093/2093 2154/2154/2154 2153/2153/2153
f 2093/2093/2093 2094/2094/2094 2155/2155/2155 2154/2154/2154
f 2094/2094/2094 2095/2095/2095 2156/2156/2156 2155/2155/2155
f 2095/2095/2095 2096/2096/2096 2157/2157/2157 2156/2156/2156
f 2096/2096/2096 2097/2097/2097 2158/2158/2158 2157/2157/2157
f 2097/2097/2097 2098/2098/2098 2159/2159/2159 2158/2158/2158
f 2098/2098/2098 2099/2099/2099 2160/2160/2160 2159/2159/2159
f 2099/2099/2099 2100/2100/2100 2161/2161/2161 2160/2160/2160
f 2100/2100/2100 2101/2101/2101 2162/2162/2162 2161/2161/2161
f 2101/2101/2101 2102/2102/2102 2163/2163/2163 2162/2162/2162
f 2102/2102/2102 2103/2103/2103 2164/2164/2164 2163/2163/2163
f 2103/2103/2103 2104/2104/2104 2165/2165/2165 2164/2164/2164
f 2104/2104/2104 2105/2105/2105 2166/2166/2166 2165/2165/2165
f 2105/2105/2105 2106/2106/2106 2167/2167/2167 2166/2166/2166
f 2106/2106/2106 2107/2107/2107 2168/2168/2168 2167/2167/2167
f 2107/2107/2107 2108/2108/2108 2169/2169/2169 2168/2168/2168
f 2108/2108/2108 2109/2109/2109 2170/2170/2170 2169/2169/2169
f 2109/2109/2109 2110/2110/2110 2171/2171/2171 2170/2170/2170
f 2110/2110/2110 2111/2111/2111 2172/2172/2172 2171/2171/2171
f 2111/2111/2111 2112/2112/2112 2173/2173/2173 2172/2172/2172
f 2112/2112/2112 2113/2113/2113 2174/2174/2174 2173/2173/2173
f 2113/2113/2113 2114/2114/2114 2175/2175/2175 2174/2174/2174
f 2114/2114/2114 2115/2115/2115 2176/2176/2176 2175/2175/2175
f 2115/2115/2115 2116/2116/2116 2177/2177/2177 2176/2176/2176
f 2116/2116/2116 2117/2117/2117 2178/2178/2178 2177/2177/2177
f 2117/2117/2117 2118/2118/2118 2179/2179/2179 2178/2178/2178
f 2118/2118/2118 2119/2119/2119 2180/2180/2180 2179/2179/2179
f 2119/2119/2119 2120/2120/2120 2181/2181/2181 2180/2180/2180
f 2120/2120/2120 2121/2121/2121 2182/2182/2182 2181/2181/2181
f 2121/2121/2121 2122/2122/2122 2183/2183/2183 2182/2182/2182
f 2122/2122/2122 2123/2123/2123 2184/2184/2184 2183/2183/2183
f 2123/2123/2123 2124/2124/2124 2185/2185/2185 2184/2184/2184
f 2124/2124/2124 2125/2125/2125 2186/2186/2186 2185/2185/2185
f 2125/2125/2125 2126/2126/2126 2187/2187/2187 2186/2186/2186
f 2126/2126/2126 2127/2127/2127 2188/2188/2188 2187/2187/2187
f 2127/2127/2127 2128/2128/2128 2189/2189/2189 2188/2188/2188
f 2128/2128/2128 2129/2129/2129 2190/2190/2190 2189/2189/2189
f 2129/2129/2129 2130/2130/2130 2191/2191/2191 2190/2190/2190
f 2130/2130/2130 2131/2131/2131 2192/2192/2192 2191/2191/2191
f 2131/2131/2131 2132/2132/2132 2193/2193/2193 2192/2192/2192
f 2132/2132/2132 2133/2133/2133 2194/2194/2194 2193/2193/2193
f 2133/2133/2133 2134/2134/2134 2195/2195/2195 2194/2194/2194
f 2134/2134/2134 2135/2135/2135 2196/2196/2196 2195/2195/2195
f 2136/2136/2137 2137/2137/2136 2198/2198/2197 2197/2197/2198
f 2137/2137/2136 2138/2138/2138 2199/2199/2199 2198/2198/2197
f 2138/2138/2138 2139/2139/2139 2200/2200/2200 2199/2199/2199
f 2139/2139/2139 2140/2140/2140 2201/2201/2201 2200/2200/2200
f 2140/2140/2140 2141/2141/2141 2202/2202/2202 2201/2201/2201
f 2141/2141/2141 2142/2142/2142 2203/2203/2203 2202/2202/2202
f 2142/2142/2142 2143/2143/2143 2204/2204/2204 2203/2203/2203
f 2143/2143/2143 2144/2144/2144 2205/2205/2205 2204/2204/2204
f 2144/2144/2144 2145/2145/2145 2206/2206/2206 2205/2205/2205
f 2145/2145/2145 2146/2146/2146 2207/2207/2207 2206/2206/2206
f 2146/2146/2146 2147/2147/2147 2208/2208/2208 2207/2207/2207
f 2147/2147/2147 2148/2148/2148 2209/2209/2209 2208/2208/2208
f 2148/2148/2148 2149/2149/2149 2210/2210/2210 2209/2209/2209
f 2149/2149/2149 2150/2150/2150 2211/2211/2211 2210/2210/2210
f 2150/2150/2150 2151/2151/2151 2212/2212/2212 2211/2211/2211
f 2151/2151/2151 2152/2152/2152 2213/2213/2213 2212/2212/2212
f 2152/2152/2152 2153/2153/2153 2214/2214/2214 2213/2213/2213
f 2153/2153/2153 2154/2154/2154 2215/2215/2215 2214/2214/2214
f 2154/2154/2154 2155/2155/2155 2216/2216/2216 2215/2215/2215
f 2155/2155/2155 2156/2156/2156 2217/2217/2217 2216/2216/2216
f 2156/2156/2156 2157/2157/2157 2218/2218/2218 2217/2217/2217
f 2157/2157/2157 2158/2158/2158 2219/2219/2219 2218/2218/2218
f 2158/2158/2158 2159/2159/2159 2220/2220/2220 2219/2219/2219
f 2159/2159/2159 2160/2160/2160 2221/2221/2221 2220/2220/2220
f 2160/2160/2160 2161/2161/2161 2222/2222/2222 2221/2221/2221
f 2161/2161/2161 2162/2162/2162 2223/2223/2223 2222/2222/2222
f 2162/2162/2162 2163/2163/2163 2224/2224/2224 2223/2223/2223
f 2163/2163/2163 2164/2164/2164 2225/2225/2225 2224/2224/2224
f 2164/2164/2164 2165/2165/2165 2226/2226/2226 2225/2225/2225
f 2165/2165/2165 2166/2166/2166 2227/2227/2227 2226/2226/2226
f 2166/2166/2166 2167/2167/2167 2228/2228/2228 2227/2227/2227
f 2167/2167/2167 2168/2168/2168 2229/2229/2229 2228/2228/2228
f 2168/2168/2168 2169/2169/2169 2230/2230/2230 2229/2229/2229
f 2169/2169/2169 2170/2170/2170 2231/2231/2231 2230/2230/2230
f 2170/2170/2170 2171/2171/2171 2232/2232/2232 2231/2231/2231
f 2171/2171/2171 2172/2172/2172 2233/2233/2233 2232/2232/2232
f 2172/2172/2172 2173/2173/2173 2234/2234/2234 2233/2233/2233
f 2173/2173/2173 2174/2174/2174 2235/2235/2235 2234/2234/2234
f 2174/2174/2174 2175/2175/2175 2236/2236/2236 2235/2235/2235
f 2175/2175/2175 2176/2176/2176 2237/2237/2237 2236/2236/2236
f 2176/2176/2176 2177/2177/2177 2238/2238/2238 2237/2237/2237
f 2177/2177/2177 2178/2178/2178 2239/2239/2239 2238/2238/2238
f 2178/2178/2178 2179/2179/2179 2240/2240/2240 2239/2239/2239
f 2179/2179/2179 2180/2180/2180 2241/2241/2241 2240/2240/2240
f 2180/2180/2180 2181/2181/2181 2242/2242/2242 2241/2241/2241
f 2181/2181/2181 2182/2182/2182 2243/2243/2243 2242/2242/2242
f 2182/2182/2182 2183/2183/2183 2244/2244/2244 2243/2243/2243
f 2183/2183/2183 2184/2184/2184 2245/2245/2245 2244/2244/2244
f 2184/2184/2184 2185/2185/2185 2246/2246/2246 2245/2245/2245
f 2185/2185/2185 2186/2186/2186 2247/2247/2247 2246/2246/2246
f 2186/2186/2186 2187/2187/2187 2248/2248/2248 2247/2247/2247
f 2187/2187/2187 2188/2188/2188 2249/2249/2249 2248/2248/2248
f 2188/2188/2188 2189/2189/2189 2250/2250/2250 2249/2249/2249
f 2189/2189/2189 2190/2190/2190 2251/2251/2251 2250/2250/2250
f 2190/2190/2190 2191/2191/2191 2252/2252/2252 2251/2251/2251
f 2191/2191/2191 2192/2192/2192 2253/2253/2253 2252/2252/2252
f 2192/2192/2192 2193/2193/2193 2254/2254/2254 2253/2253/2253
f 2193/2193/2193 2194/2194/2194 2255/2255/2255 2254/2254/2254
f 2194/2194/2194 2195/2195/2195 2256/2256/2256 2255/2255/2255
f 2195/2195/2195 2196/2196/2196 2257/2257/2257 2256/2256/2256
f 2197/2197/2198 2198/2198/2197 2259/2259/2258 2258/2258/2259
f 2198/2198/2197 2199/2199/2199 2260/2260/2260 2259/2259/2258
f 2199/2199/2199 2200/2200/2200 2261/2261/2261 2260/2260/2260
f 2200/2200/2200 2201/2201/2201 2262/2262/2262 2261/2261/2261
f 2201/2201/2201 2202/2202/2202 2263/2263/2263 2262/2262/2262
f 2202/2202/2202 2203/2203/2203 2264/2264/2264 2263/2263/2263
f 2203/2203/2203 2204/2204/2204 2265/2265/2265 2264/2264/2264
f 2204/2204/2204 2205/2205/2205 2266/2266/2266 2265/2265/2265
f 2205/2205/2205 2206/2206/2206 2267/2267/2267 2266/2266/2266
f 2206/2206/2206 2207/2207/2207 2268/2268/2268 2267/2267/2267
f 2207/2207/2207 2208/2208/2208 2269/2269/2269 2268/2268/2268
f 2208/2208/2208 2209/2209/2209 2270/2270/2270 2269/2269/2269
f 2209/2209/2209 2210/2210/2210 2271/2271/2271 2270/2270/2270
f 2210/2210/2210 2211/2211/2211 2272/2272/2272 2271/2271/2271
f 2211/2211/2211 2212/2212/2212 2273/2273/2273 2272/2272/2272
f 2212/2212/2212 2213/2213/2213 2274/2274/2274 2273/2273/2273
f 2213/2213/2213 2214/2214/2214 2275/2275/2275 2274/2274/2274
f 2214/2214/2214 2215/2215/2215 2276/2276/2276 2275/2275/2275
f 2215/2215/2215 2216/2216/2216 2277/2277/2277 2276/2276/2276
f 2216/2216/2216 2217/2217/2217 2278/2278/2278 2277/2277/2277
f 2217/2217/2217 2218/2218/2218 2279/2279/2279 2278/2278/2278
f 2218/2218/2218 2219/2219/2219 2280/2280/2280 2279/2279/2279
f 2219/2219/2219 2220/2220/2220 2281/2281/2281 2280/2280/2280
f 2220/2220/2220 2221/2221/2221 2282/2282/2282 2281/2281/2281
f 2221/2221/2221 2222/2222/2222 2283/2283/2283 2282/2282/2282
f 2222/2222/2222 2223/2223/2223 2284/2284/2284 2283/2283/2283
f 2223/2223/2223 2224/2224/2224 2285/2285/2285 2284/2284/2284
f 2224/2224/2224 2225/2225/2225 2286/2286/2286 2285/2285/2285
f 2225/2225/2225 2226/2226/2226 2287/2287/2287 2286/2286/2286
f 2226/2226/2226 2227/2227/2227 2288/2288/2288 2287/2287/2287
f 2227/2227/2227 2228/2228/2228 2289/2289/2289 2288/2288/2288
f 2228/2228/2228 2229/2229/2229 2290/2290/2290 2289/2289/2289
f 2229/2229/2229 2230/2230/2230 2291/2291/2291 2290/2290/2290
f 2230/2230/2230 2231/2231/2231 2292/2292/2292 2291/2291/2291
f 2231/2231/2231 2232/2232/2232 2293/2293/2293 2292/2292/2292
f 2232/2232/2232 2233/2233/2233 2294/2294/2294 2293/2293/2293
f 2233/2233/2233 2234/2234/2234 2295/2295/2295 2294/2294/2294
f 2234/2234/2234 2235/2235/2235 2296/2296/2296 2295/2295/2295
f 2235/2235/2235 2236/2236/2236 2297/2297/2297 2296/2296/2296
f 2236/2236/2236 2237/2237/2237 2298/2298/2298 2297/2297/2297
f 2237/2237/2237 2238/2238/2238 2299/2299/2299 2298/2298/2298
f 2238/2238/2238 2239/2239/2239 2300/2300/2300 2299/2299/2299
f 2239/2239/2239 2240/2240/2240 2301/2301/2301 2300/2300/2300
f 2240/2240/2240 2241/2241/2241 2302/2302/2302 2301/2301/2301
f 2241/2241/2241 2242/2242/2242 2303/2303/2303 2302/2302/2302
f 2242/2242/2242 2243/2243/2243 2304/2304/2304 2303/2303/2303
f 2243/2243/2243 2244/2244/2244 2305/2305/2305 2304/2304/2304
f 2244/2244/2244 2245/2245/2245 2306/2306/2306 2305/2305/2305
f 2245/2245/2245 2246/2246/2246 2307/2307/2307 2306/2306/2306
f 2246/2246/2246 2247/2247/2247 2308/2308/2308 2307/2307/2307
f 2247/2247/2247 2248/2248/2248 2309/2309/2309 2308/2308/2308
f 2248/2248/2248 2249/2249/2249 2310/2310/2310 2309/2309/2309
f 2249/2249/2249 2250/2250/2250 2311/2311/2311 2310/2310/2310
f 2250/2250/2250 2251/2251/2251 2312/2312/2312 2311/2311/2311
f 2251/2251/2251 2252/2252/2252 2313/2313/2313 2312/2312/2312
f 2252/2252/2252 2253/2253/2253 2314/2314/2314 2313/2313/2313
f 2253/2253/2253 2254/2254/2254 2315/2315/2315 2314/2314/2314
f 2254/2254/2254 2255/2255/2255 2316/2316/2316 2315/2315/2315
f 2255/2255/2255 2256/2256/2256 2317/2317/2317 2316/2316/2316
f 2256/2256/2256 2257/2257/2257 2318/2318/2318 2317/2317/2317
f 2258/2258/2259 2259/2259/2258 2320/2320/2319 2319/2319/2320
f 2259/2259/2258 2260/2260/2260 2321/2321/2321 2320/2320/2319
f 2260/2260/2260 2261/2261/2261 2322/2322/2322 2321/2321/2321
f 2261/2261/2261 2262/2262/2262 2323/2323/2323 2322/2322/2322
f 2262/2262/2262 2263/2263/2263 2324/2324/2324 2323/2323/2323
f 2263/2263/2263 2264/2264/2264 2325/2325/2325 2324/2324/2324
f 2264/2264/2264 2265/2265/2265 2326/2326/2326 2325/2325/2325
f 2265/2265/2265 2266/2266/2266 2327/2327/2327 2326/2326/2326
f 2266/2266/2266 2267/2267/2267 2328/2328/2328 2327/2327/2327
f 2267/2267/2267 2268/2268/2268 2329/2329/2329 2328/2328/2328
f 2268/2268/2268 2269/2269/2269 2330/2330/2330 2329/2329/2329
f 2269/2269/2269 2270/2270/2270 2331/2331/2331 2330/2330/2330
f 2270/2270/2270 2271/2271/2271 2332/2332/2332 2331/2331/2331
f 2271/2271/2271 2272/2272/2272 2333/2333/2333 2332/2332/2332
f 2272/2272/2272 2273/2273/2273 2334/2334/2334 2333/2333/2333
f 2273/2273/2273 2274/2274/2274 2335/2335/2335 2334/2334/2334
f 2274/2274/2274 2275/2275/2275 2336/2336/2336 2335/2335/2335
f 2275/2275/2275 2276/2276/2276 2337/2337/2337 2336/2336/2336
f 2276/2276/2276 2277/2277/2277 2338/2338/2338 2337/2337/2337
f 2277/2277/2277 2278/2278/2278 2339/2339/2339 2338/2338/2338
f 2278/2278/2278 2279/2279/2279 2340/2340/2340 2339/2339/2339
f 2279/2279/2279 2280/2280/2280 2341/2341/2341 2340/2340/2340
f 2280/2280/2280 2281/2281/2281 2342/2342/2342 2341/2341/2341
f 2281/2281/2281 2282/2282/2282 2343/2343/2343 2342/2342/2342
f 2282/2282/2282 2283/2283/2283 2344/2344/2344 2343/2343/2343
f 2283/2283/2283 2284/2284/2284 2345/2345/2345 2344/2344/2344
f 2284/2284/2284 2285/2285/2285 2346/2346/2346 2345/2345/2345
f 2285/2285/2285 2286/2286/2286 2347/2347/2347 2346/2346/2346
f 2286/2286/2286 2287/2287/2287 2348/2348/2348 2347/2347/2347
f 2287/2287/2287 2288/2288/2288 2349/2349/2349 2348/2348/2348
f 2288/2288/2288 2289/2289/2289 2350/2350/2350 2349/2349/2349
f 2289/2289/2289 2290/2290/2290 2351/2351/2351 2350/2350/2350
f 2290/2290/2290 2291/2291/2291 2352/2352/2352 2351/2351/2351
f 2291/2291/2291 2292/2292/2292 2353/2353/2353 2352/2352/2352
f 2292/2292/2292 2293/2293/2293 2354/2354/2354 2353/2353/2353
f 2293/2293/2293 2294/2294/2294 2355/2355/2355 2354/2354/2354
f 2294/2294/2294 2295/2295/2295 2356/2356/2356 2355/2355/2355
f 2295/2295/2295 2296/2296/2296 2357/2357/2357 2356/2356/2356
f 2296/2296/2296 2297/2297/2297 2358/2358/2358 2357/2357/2357
f 2297/2297/2297 2298/2298/2298 2359/2359/2359 2358/2358/2358
f 2298/2298/2298 2299/2299/2299 2360/2360/2360 2359/2359/2359
f 2299/2299/2299 2300/2300/2300 2361/2361/2361 2360/2360/2360
f 2300/2300/2300 2301/2301/2301 2362/2362/2362 2361/2361/2361
f 2301/2301/2301 2302/2302/2302 2363/2363/2363 2362/2362/2362
f 2302/2302/2302 2303/2303/2303 2364/2364/2364 2363/2363/2363
f 2303/2303/2303 2304/2304/2304 2365/2365/2365 2364/2364/2364
f 2304/2304/2304 2305/2305/2305 2366/2366/2366 2365/2365/2365
f 2305/2305/2305 2306/2306/2306 2367/2367/2367 2366/2366/2366
f 2306/2306/2306 2307/2307/2307 2368/2368/2368 2367/2367/2367
f 2307/2307/2307 2308/2308/2308 2369/2369/2369 2368/2368/2368
f 2308/2308/2308 2309/2309/2309 2370/2370/2370 2369/2369/2369
f 2309/2309/2309 2310/2310/2310 2371/2371/2371 2370/2370/2370
f 2310/2310/2310 2311/2311/2311 2372/2372/2372 2371/2371/2371
f 2311/2311/2311 2312/2312/2312 2373/2373/2373 2372/2372/2372
f 2312/2312/2312 2313/2313/2313 2374/2374/2374 2373/2373/2373
f 2313/2313/2313 2314/2314/2314 2375/2375/2375 2374/2374/2374
f 2314/2314/2314 2315/2315/2315 2376/2376/2376 2375/2375/2375
f 2315/2315/2315 2316/2316/2316 2377/2377/2377 2376/2376/2376
f 2316/2316/2316 2317/2317/2317 2378/2378/2378 2377/2377/2377
f 2317/2317/2317 2318/2318/2318 2379/2379/2379 2378/2378/2378
f 2319/2319/2320 2320/2320/2319 2381/2381/2380 2380/2380/2381
f 2320/2320/2319 2321/2321/2321 2382/2382/2382 2381/2381/2380
f 2321/2321/2321 2322/2322/2322 2383/2383/2383 2382/2382/2382
f 2322/2322/2322 2323/2323/2323 2384/2384/2384 2383/2383/2383
f 2323/2323/2323 2324/2324/2324 2385/2385/2385 2384/2384/2384
f 2324/2324/2324 2325/2325/2325 2386/2386/2386 2385/2385/2385
f 2325/2325/2325 2326/2326/2326 2387/2387/2387 2386/2386/2386
f 2326/2326/2326 2327/2327/2327 2388/2388/2388 2387/2387/2387
f 2327/2327/2327 2328/2328/2328 2389/2389/2389 2388/2388/2388
f 2328/2328/2328 2329/2329/2329 2390/2390/2390 2389/2389/2389
f 2329/2329/2329 2330/2330/2330 2391/2391/2391 2390/2390/2390
f 2330/2330/2330 2331/2331/2331 2392/2392/2392 2391/2391/2391
f 2331/2331/2331 2332/2332/2332 2393/2393/2393 2392/2392/2392
f 2332/2332/2332 2333/2333/2333 2394/2394/2394 2393/2393/2393
f 2333/2333/2333 2334/2334/2334 2395/2395/2395 2394/2394/2394
f 2334/2334/2334 2335/2335/2335 2396/2396/2396 2395/2395/2395
f 2335/2335/2335 2336/2336/2336 2397/2397/2397 2396/2396/2396
f 2336/2336/2336 2337/2337/2337 2398/2398/2398 2397/2397/2397
f 2337/2337/2337 2338/2338/2338 2399/2399/2399 2398/2398/2398
f 2338/2338/2338 2339/2339/2339 2400/2400/2400 2399/2399/2399
f 2339/2339/2339 2340/2340/2340 2401/2401/2401 2400/2400/2400
f 2340/2340/2340 2341/2341/2341 2402/2402/2402 2401/2401/2401
f 2341/2341/2341 2342/2342/2342 2403/2403/2403 2402/2402/2402
f 2342/2342/2342 2343/2343/2343 2404/2404/2404 2403/2403/2403
f 2343/2343/2343 2344/2344/2344 2405/2405/2405 2404/2404/2404
f 2344/2344/2344 2345/2345/2345 2406/2406/2406 2405/2405/2405
f 2345/2345/2345 2346/2346/2346 2407/2407/2407 2406/2406/2406
f 2346/2346/2346 2347/2347/2347 2408/2408/2408 2407/2407/2407
f 2347/2347/2347 2348/2348/2348 2409/2409/2409 2408/2408/2408
f 2348/2348/2348 2349/2349/2349 2410/2410/2410 2409/2409/2409
f 2349/2349/2349 2350/2350/2350 2411/2411/2411 2410/2410/2410
f 2350/2350/2350 2351/2351/2351 2412/2412/2412 2411/2411/2411
f 2351/2351/2351 2352/2352/2352 2413/2413/2413 2412/2412/2412
f 2352/2352/2352 2353/2353/2353 2414/2414/2414 2413/2413/2413
f 2353/2353/2353 2354/2354/2354 2415/2415/2415 2414/2414/2414
f 2354/2354/2354 2355/2355/2355 2416/2416/2416 2415/2415/2415
f 2355/2355/2355 2356/2356/2356 2417/2417/2417 2416/2416/2416
f 2356/2356/2356 2357/2357/2357 2418/2418/2418 2417/2417/2417
f 2357/2357/2357 2358/2358/2358 2419/2419/2419 2418/2418/2418
f 2358/2358/2358 2359/2359/2359 2420/2420/2420 2419/2419/2419
f 2359/2359/2359 2360/2360/2360 2421/2421/2421 2420/2420/2420
f 2360/2360/2360 2361/2361/2361 2422/2422/2422 2421/2421/2421
f 2361/2361/2361 2362/2362/2362 2423/2423/2423 2422/2422/2422
f 2362/2362/2362 2363/2363/2363 2424/2424/2424 2423/2423/2423
f 2363/2363/2363 2364/2364/2364 2425/2425/2425 2424/2424/2424
f 2364/2364/2364 2365/2365/2365 2426/2426/2426 2425/2425/2425
f 2365/2365/2365 2366/2366/2366 2427/2427/2427 2426/2426/2426
f 2366/2366/2366 2367/2367/2367 2428/2428/2428 2427/2427/2427
f 2367/2367/2367 2368/2368/2368 2429/2429/2429 2428/2428/2428
f 2368/2368/2368 2369/2369/2369 2430/2430/2430 2429/2429/2429
f 2369/2369/2369 2370/2370/2370 2431/2431/2431 2430/2430/2430
f 2370/2370/2370 2371/2371/2371 2432/2432/2432 2431/2431/2431
f 2371/2371/2371 2372/2372/2372 2433/2433/2433 2432/2432/2432
f 2372/2372/2372 2373/2373/2373 2434/2434/2434 2433/2433/2433
f 2373/2373/2373 2374/2374/2374 2435/2435/2435 2434/2434/2434
f 2374/2374/2374 2375/2375/2375 2436/2436/2436 2435/2435/2435
f 2375/2375/2375 2376/2376/2376 2437/2437/2437 2436/2436/2436
f 2376/2376/2376 2377/2377/2377 2438/2438/2438 2437/2437/2437
f 2377/2377/2377 2378/2378/2378 2439/2439/2439 2438/2438/2438
f 2378/2378/2378 2379/2379/2379 2440/2440/2440 2439/2439/2439
f 2380/2380/2381 2381/2381/2380 2442/2442/2441 2441/2441/2442
f 2381/2381/2380 2382/2382/2382 2443/2443/2443 2442/2442/2441
f 2382/2382/2382 2383/2383/2383 2444/2444/2444 2443/2443/2443
f 2383/2383/2383 2384/2384/2384 2445/2445/2445 2444/2444/2444
f 2384/2384/2384 2385/2385/2385 2446/2446/2446 2445/2445/2445
f 2385/2385/2385 2386/2386/2386 2447/2447/2447 2446/2446/2446
f 2386/2386/2386 2387/2387/2387 2448/2448/2448 2447/2447/2447
f 2387/2387/2387 2388/2388/2388 2449/2449/2449 2448/2448/2448
f 2388/2388/2388 2389/2389/2389 2450/2450/2450 2449/2449/2449
f 2389/2389/2389 2390/2390/2390 2451/2451/2451 2450/2450/2450
f 2390/2390/2390 2391/2391/2391 2452/2452/2452 2451/2451/2451
f 2391/2391/2391 2392/2392/2392 2453/2453/2453 2452/2452/2452
f 2392/2392/2392 2393/2393/2393 2454/2454/2454 2453/2453/2453
f 2393/2393/2393 2394/2394/2394 2455/2455/2455 2454/2454/2454
f 2394/2394/2394 2395/2395/2395 2456/2456/2456 2455/2455/2455
f 2395/2395/2395 2396/2396/2396 2457/2457/2457 2456/2456/2456
f 2396/2396/2396 2397/2397/2397 2458/2458/2458 2457/2457/2457
f 2397/2397/2397 2398/2398/2398 2459/2459/2459 2458/2458/2458
f 2398/2398/2398 2399/2399/2399 2460/2460/2460 2459/2459/2459
f 2399/2399/2399 2400/2400/2400 2461/2461/2461 2460/2460/2460
f 2400/2400/2400 2401/2401/2401 2462/2462/2462 2461/2461/2461
f 2401/2401/2401 2402/2402/2402 2463/2463/2463 2462/2462/2462
f 2402/2402/2402 2403/2403/2403 2464/2464/2464 2463/2463/2463
f 2403/2403/2403 2404/2404/2404 2465/2465/2465 2464/2464/2464
f 2404/2404/2404 2405/2405/2405 2466/2466/2466 2465/2465/2465
f 2405/2405/2405 2406/2406/2406 2467/2467/2467 2466/2466/2466
f 2406/2406/2406 2407/2407/2407 2468/2468/2468 2467/2467/2467
f 2407/2407/2407 2408/2408/2408 2469/2469/2469 2468/2468/2468
f 2408/2408/2408 2409/2409/2409 2470/2470/2470 2469/2469/2469
f 2409/2409/2409 2410/2410/2410 2471/2471/2471 2470/2470/2470
f 2410/2410/2410 2411/2411/2411 2472/2472/2472 2471/2471/2471
f 2411/2411/2411 2412/2412/2412 2473/2473/2473 2472/2472/2472
f 2412/2412/2412 2413/2413/2413 2474/2474/2474 2473/2473/2473
f 2413/2413/2413 2414/2414/2414 2475/2475/2475 2474/2474/2474
f 2414/2414/2414 2415/2415/2415 2476/2476/2476 2475/2475/2475
f 2415/2415/2415 2416/2416/2416 2477/2477/2477 2476/2476/2476
f 2416/2416/2416 2417/2417/2417 2478/2478/2478 2477/2477/2477
f 2417/2417/2417 2418/2418/2418 2479/2479/2479 2478/2478/2478
f 2418/2418/2418 2419/2419/2419 2480/2480/2480 2479/2479/2479
f 2419/2419/2419 2420/2420/2420 2481/2481/2481 2480/2480/2480
f 2420/2420/2420 2421/2421/2421 2482/2482/2482 2481/2481/2481
f 2421/2421/2421 2422/2422/2422 2483/2483/2483 2482/2482/2482
f 2422/2422/2422 2423/2423/2423 2484/2484/2484 2483/2483/2483
f 2423/2423/2423 2424/2424/2424 2485/2485/2485 2484/2484/2484
f 2424/2424/2424 2425/2425/2425 2486/2486/2486 2485/2485/2485
f 2425/2425/2425 2426/2426/2426 2487/2487/2487 2486/2486/2486
f 2426/2426/2426 2427/2427/2427 2488/2488/2488 2487/2487/2487
f 2427/2427/2427 2428/2428/2428 2489/2489/2489 2488/2488/2488
f 2428/2428/2428 2429/2429/2429 2490/2490/2490 2489/2489/2489
f 2429/2429/2429 2430/2430/2430 2491/2491/2491 2490/2490/2490
f 2430/2430/2430 2431/2431/2431 2492/2492/2492 2491/2491/2491
f 2431/2431/2431 2432/2432/2432 2493/2493/2493 2492/2492/2492
f 2432/2432/2432 2433/2433/2433 2494/2494/2494 2493/2493/2493
f 2433/2433/2433 2434/2434/2434 2495/2495/2495 2494/2494/2494
f 2434/2434/2434 2435/2435/2435 2496/2496/2496 2495/2495/2495
f 2435/2435/2435 2436/2436/2436 2497/2497/2497 2496/2496/2496
f 2436/2436/2436 2437/2437/2437 2498/2498/2498 2497/2497/2497
f 2437/2437/2437 2438/2438/2438 2499/2499/2499 2498/2498/2498
f 2438/2438/2438 2439/2439/2439 2500/2500/2500 2499/2499/2499
f 2439/2439/2439 2440/2440/2440 2501/2501/2501 2500/2500/2500
f 2441/2441/2442 2442/2442/2441 2503/2503/2502 2502/2502/2503
f 2442/2442/2441 2443/2443/2443 2504/2504/2504 2503/2503/2502
f 2443/2443/2443 2444/2444/2444 2505/2505/2505 2504/2504/2504
f 2444/2444/2444 2445/2445/2445 2506/2506/2506 2505/2505/2505
f 2445/2445/2445 2446/2446/2446 2507/2507/2507 2506/2506/2506
f 2446/2446/2446 2447/2447/2447 2508/2508/2508 2507/2507/2507
f 2447/2447/2447 2448/2448/2448 2509/2509/2509 2508/2508/2508
f 2448/2448/2448 2449/2449/2449 2510/2510/2510 2509/2509/2509
f 2449/2449/2449 2450/2450/2450 2511/2511/2511 2510/2510/2510
f 2450/2450/2450 2451/2451/2451 2512/2512/2512 2511/2511/2511
f 2451/2451/2451 2452/2452/2452 2513/2513/2513 2512/2512/2512
f 2452/2452/2452 2453/2453/2453 2514/2514/2514 2513/2513/2513
f 2453/2453/2453 2454/2454/2454 2515/2515/2515 2514/2514/2514
f 2454/2454/2454 2455/2455/2455 2516/2516/2516 2515/2515/2515
f 2455/2455/2455 2456/2456/2456 2517/2517/2517 2516/2516/2516
f 2456/2456/2456 2457/2457/2457 2518/2518/2518 2517/2517/2517
f 2457/2457/2457 2458/2458/2458 2519/2519/2519 2518/2518/2518
f 2458/2458/2458 2459/2459/2459 2520/2520/2520 2519/2519/2519
f 2459/2459/2459 2460/2460/2460 2521/2521/2521 2520/2520/2520
f 2460/2460/2460 2461/2461/2461 2522/2522/2522 2521/2521/2521
f 2461/2461/2461 2462/2462/2462 2523/2523/2523 2522/2522/2522
f 2462/2462/2462 2463/2463/2463 2524/2524/2524 2523/2523/2523
f 2463/2463/2463 2464/2464/2464 2525/2525/2525 2524/2524/2524
f 2464/2464/2464 2465/2465/2465 2526/2526/2526 2525/2525/2525
f 2465/2465/2465 2466/2466/2466 2527/2527/2527 2526/2526/2526
f 2466/2466/2466 2467/2467/2467 2528/2528/2528 2527/2527/2527
f 2467/2467/2467 2468/2468/2468 2529/2529/2529 2528/2528/2528
f 2468/2468/2468 2469/2469/2469 2530/2530/2530 2529/2529/2529
f 2469/2469/2469 2470/2470/2470 2531/2531/2531 2530/2530/2530
f 2470/2470/2470 2471/2471/2471 2532/2532/2532 2531/2531/2531
f 2471/2471/2471 2472/2472/2472 2533/2533/2533 2532/2532/2532
f 2472/2472/2472 2473/2473/2473 2534/2534/2534 2533/2533/2533
f 2473/2473/2473 2474/2474/2474 2535/2535/2535 2534/2534/2534
f 2474/2474/2474 2475/2475/2475 2536/2536/2536 2535/2535/2535
f 2475/2475/2475 2476/2476/2476 2537/2537/2537 2536/2536/2536
f 2476/2476/2476 2477/2477/2477 2538/2538/2538 2537/2537/2537
f 2477/2477/2477 2478/2478/2478 2539/2539/2539 2538/2538/2538
f 2478/2478/2478 2479/2479/2479 2540/2540/2540 2539/2539/2539
f 2479/2479/2479 2480/2480/2480 2541/2541/2541 2540/2540/2540
f 2480/2480/2480 2481/2481/2481 2542/2542/2542 2541/2541/2541
f 2481/2481/2481 2482/2482/2482 2543/2543/2543 2542/2542/2542
f 2482/2482/2482 2483/2483/2483 2544/2544/2544 2543/2543/2543
f 2483/2483/2483 2484/2484/2484 2545/2545/2545 2544/2544/2544
f 2484/2484/2484 2485/2485/2485 2546/2546/2546 2545/2545/2545
f 2485/2485/2485 2486/2486/2486 2547/2547/2547 2546/2546/2546
f 2486/2486/2486 2487/2487/2487 2548/2548/2548 2547/2547/2547
f 2487/2487/2487 2488/2488/2488 2549/2549/2549 2548/2548/2548
f 2488/2488/2488 2489/2489/2489 2550/2550/2550 2549/2549/2549
f 2489/2489/2489 2490/2490/2490 2551/2551/2551 2550/2550/2550
f 2490/2490/2490 2491/2491/2491 2552/2552/2552 2551/2551/2551
f 2491/2491/2491 2492/2492/2492 2553/2553/2553 2552/2552/2552
f 2492/2492/2492 2493/2493/2493 2554/2554/2554 2553/2553/2553
f 2493/2493/2493 2494/2494/2494 2555/2555/2555 2554/2554/2554
f 2494/2494/2494 2495/2495/2495 2556/2556/2556 2555/2555/2555
f 2495/2495/2495 2496/2496/2496 2557/2557/2557 2556/2556/2556
f 2496/2496/2496 2497/2497/2497 2558/2558/2558 2557/2557/2557
f 2497/2497/2497 2498/2498/2498 2559/2559/2559 2558/2558/2558
f 2498/2498/2498 2499/2499/2499 2560/2560/2560 2559/2559/2559
f 2499/2499/2499 2500/2500/2500 2561/2561/2561 2560/2560/2560
f 2500/2500/2500 2501/2501/2501 2562/2562/2562 2561/2561/2561
f 2502/2502/2503 2503/2503/2502 2564/2564/2563 2563/2563/2564
f 2503/2503/2502 2504/2504/2504 2565/2565/2565 2564/2564/2563
f 2504/2504/2504 2505/2505/2505 2566/2566/2566 2565/2565/2565
f 2505/2505/2505 2506/2506/2506 2567/2567/2567 2566/2566/2566
f 2506/2506/2506 2507/2507/2507 2568/2568/2568 2567/2567/2567
f 2507/2507/2507 2508/2508/2508 2569/2569/2569 2568/2568/2568
f 2508/2508/2508 2509/2509/2509 2570/2570/2570 2569/2569/2569
f 2509/2509/2509 2510/2510/2510 2571/2571/2571 2570/2570/2570
f 2510/2510/2510 2511/2511/2511 2572/2572/2572 2571/2571/2571
f 2511/2511/2511 2512/2512/2512 2573/2573/2573 2572/2572/2572
f 2512/2512/2512 2513/2513/2513 2574/2574/2574 2573/2573/2573
f 2513/2513/2513 2514/2514/2514 2575/2575/2575 2574/2574/2574
f 2514/2514/2514 2515/2515/2515 2576/2576/2576 2575/2575/2575
f 2515/2515/2515 2516/2516/2516 2577/2577/2577 2576/2576/2576
f 2516/2516/2516 2517/2517/2517 2578/2578/2578 2577/2577/2577
f 2517/2517/2517 2518/2518/2518 2579/2579/2579 2578/2578/2578
f 2518/2518/2518 2519/2519/2519 2580/2580/2580 2579/2579/2579
f 2519/2519/2519 2520/2520/2520 2581/2581/2581 2580/2580/2580
f 2520/2520/2520 2521/2521/2521 2582/2582/2582 2581/2581/2581
f 2521/2521/2521 2522/2522/2522 2583/2583/2583 2582/2582/2582
f 2522/2522/2522 2523/2523/2523 2584/2584/2584 2583/2583/2583
f 2523/2523/2523 2524/2524/2524 2585/2585/2585 2584/2584/2584
f 2524/2524/2524 2525/2525/2525 2586/2586/2586 2585/2585/2585
f 2525/2525/2525 2526/2526/2526 2587/2587/2587 2586/2586/2586
f 2526/2526/2526 2527/2527/2527 2588/2588/2588 2587/2587/2587
f 2527/2527/2527 2528/2528/2528 2589/2589/2589 2588/2588/2588
f 2528/2528/2528 2529/2529/2529 2590/2590/2590 2589/2589/2589
f 2529/2529/2529 2530/2530/2530 2591/2591/2591 2590/2590/2590
f 2530/2530/2530 2531/2531/2531 2592/2592/2592 2591/2591/2591
f 2531/2531/2531 2532/2532/2532 2593/2593/2593 2592/2592/2592
f 2532/2532/2532 2533/2533/2533 2594/2594/2594 2593/2593/2593
f 2533/2533/2533 2534/2534/2534 2595/2595/2595 2594/2594/2594
f 2534/2534/2534 2535/2535/2535 2596/2596/2596 2595/2595/2595
f 2535/2535/2535 2536/2536/2536 2597/2597/2597 2596/2596/2596
f 2536/2536/2536 2537/2537/2537 2598/2598/2598 2597/2597/2597
f 2537/2537/2537 2538/2538/2538 2599/2599/2599 2598/2598/2598
f 2538/2538/2538 2539/2539/2539 2600/2600/2600 2599/2599/2599
f 2539/2539/2539 2540/2540/2540 2601/2601/2601 2600/2600/2600
f 2540/2540/2540 2541/2541/2541 2602/2602/2602 2601/2601/2601
f 2541/2541/2541 2542/2542/2542 2603/2603/2603 2602/2602/2602
f 2542/2542/2542 2543/2543/2543 2604/2604/2604 2603/2603/2603
f 2543/2543/2543 2544/2544/2544 2605/2605/2605 2604/2604/2604
f 2544/2544/2544 2545/2545/2545 2606/2606/2606 2605/2605/2605
f 2545/2545/2545 2546/2546/2546 2607/2607/2607 2606/2606/2606
f 2546/2546/2546 2547/2547/2547 2608/2608/2608 2607/2607/2607
f 2547/2547/2547 2548/2548/2548 2609/2609/2609 2608/2608/2608
f 2548/2548/2548 2549/2549/2549 2610/2610/2610 2609/2609/2609
f 2549/2549/2549 2550/2550/2550 2611/2611/2611 2610/2610/2610
f 2550/2550/2550 2551/2551/2551 2612/2612/2612 2611/2611/2611
f 2551/2551/2551 2552/2552/2552 2613/2613/2613 2612/2612/2612
f 2552/2552/2552 2553/2553/2553 2614/2614/2614 2613/2613/2613
f 2553/2553/2553 2554/2554/2554 2615/2615/2615 2614/2614/2614
f 2554/2554/2554 2555/2555/2555 2616/2616/2616 2615/2615/2615
f 2555/2555/2555 2556/2556/2556 2617/2617/2617 2616/2616/2616
f 2556/2556/2556 2557/2557/2557 2618/2618/2618 2617/2617/2617
f 2557/2557/2557 2558/2558/2558 2619/2619/2619 2618/2618/2618
f 2558/2558/2558 2559/2559/2559 2620/2620/2620 2619/2619/2619
f 2559/2559/2559 2560/2560/2560 2621/2621/2621 2620/2620/2620
f 2560/2560/2560 2561/2561/2561 2622/2622/2622 2621/2621/2621
f 2561/2561/2561 2562/2562/2562 2623/2623/2623 2622/2622/2622
f 2563/2563/2564 2564/2564/2563 2625/2625/2624 2624/2624/2625
f 2564/2564/2563 2565/2565/2565 2626/2626/2626 2625/2625/2624
f 2565/2565/2565 2566/2566/2566 2627/2627/2627 2626/2626/2626
f 2566/2566/2566 2567/2567/2567 2628/2628/2628 2627/2627/2627
f 2567/2567/2567 2568/2568/2568 2629/2629/2629 2628/2628/2628
f 2568/2568/2568 2569/2569/2569 2630/2630/2630 2629/2629/2629
f 2569/2569/2569 2570/2570/2570 2631/2631/2631 2630/2630/2630
f 2570/2570/2570 2571/2571/2571 2632/2632/2632 2631/2631/2631
f 2571/2571/2571 2572/2572/2572 2633/2633/2633 2632/2632/2632
f 2572/2572/2572 2573/2573/2573 2634/2634/2634 2633/2633/2633
f 2573/2573/2573 2574/2574/2574 2635/2635/2635 2634/2634/2634
f 2574/2574/2574 2575/2575/2575 2636/2636/2636 2635/2635/2635
f 2575/2575/2575 2576/2576/2576 2637/2637/2637 2636/2636/2636
f 2576/2576/2576 2577/2577/2577 2638/2638/2638 2637/2637/2637
f 2577/2577/2577 2578/2578/2578 2639/2639/2639 2638/2638/2638
f 2578/2578/2578 2579/2579/2579 2640/2640/2640 2639/2639/2639
f 2579/2579/2579 2580/2580/2580 2641/2641/2641 2640/2640/2640
f 2580/2580/2580 2581/2581/2581 2642/2642/2642 2641/2641/2641
f 2581/2581/2581 2582/2582/2582 2643/2643/2643 2642/2642/2642
f 2582/2582/2582 2583/2583/2583 2644/2644/2644 2643/2643/2643
f 2583/2583/2583 2584/2584/2584 2645/2645/2645 2644/2644/2644
f 2584/2584/2584 2585/2585/2585 2646/2646/2646 2645/2645/2645
f 2585/2585/2585 2586/2586/2586 2647/2647/2647 2646/2646/2646
f 2586/2586/2586 2587/2587/2587 2648/2648/2648 2647/2647/2647
f 2587/2587/2587 2588/2588/2588 2649/2649/2649 2648/2648/2648
f 2588/2588/2588 2589/2589/2589 2650/2650/2650 2649/2649/2649
f 2589/2589/2589 2590/2590/2590 2651/2651/2651 2650/2650/2650
f 2590/2590/2590 2591/2591/2591 2652/2652/2652 2651/2651/2651
f 2591/2591/2591 2592/2592/2592 2653/2653/2653 2652/2652/2652
f 2592/2592/2592 2593/2593/2593 2654/2654/2654 2653/2653/2653
f 2593/2593/2593 2594/2594/2594 2655/2655/2655 2654/2654/2654
f 2594/2594/2594 2595/2595/2595 2656/2656/2656 2655/2655/2655
f 2595/2595/2595 2596/2596/2596 2657/2657/2657 2656/2656/2656
f 2596/2596/2596 2597/2597/2597 2658/2658/2658 2657/2657/2657
f 2597/2597/2597 2598/2598/2598 2659/2659/2659 2658/2658/2658
f 2598/2598/2598 2599/2599/2599 2660/2660/2660 2659/2659/2659
f 2599/2599/2599 2600/2600/2600 2661/2661/2661 2660/2660/2660
f 2600/2600/2600 2601/2601/2601 2662/2662/2662 2661/2661/2661
f 2601/2601/2601 2602/2602/2602 2663/2663/2663 2662/2662/2662
f 2602/2602/2602 2603/2603/2603 2664/2664/2664 2663/2663/2663
f 2603/2603/2603 2604/2604/2604 2665/2665/2665 2664/2664/2664
f 2604/2604/2604 2605/2605/2605 2666/2666/2666 2665/2665/2665
f 2605/2605/2605 2606/2606/2606 2667/2667/2667 2666/2666/2666
f 2606/2606/2606 2607/2607/2607 2668/2668/2668 2667/2667/2667
f 2607/2607/2607 2608/2608/2608 2669/2669/2669 2668/2668/2668
f 2608/2608/2608 2609/2609/2609 2670/2670/2670 2669/2669/2669
f 2609/2609/2609 2610/2610/2610 2671/2671/2671 2670/2670/2670
f 2610/2610/2610 2611/2611/2611 2672/2672/2672 2671/2671/2671
f 2611/2611/2611 2612/2612/2612 2673/2673/2673 2672/2672/2672
f 2612/2612/2612 2613/2613/2613 2674/2674/2674 2673/2673/2673
f 2613/2613/2613 2614/2614/2614 2675/2675/2675 2674/2674/2674
f 2614/2614/2614 2615/2615/2615 2676/2676/2676 2675/2675/2675
f 2615/2615/2615 2616/2616/2616 2677/2677/2677 2676/2676/2676
f 2616/2616/2616 2617/2617/2617 2678/2678/2678 2677/2677/2677
f 2617/2617/2617 2618/2618/2618 2679/2679/2679 2678/2678/2678
f 2618/2618/2618 2619/2619/2619 2680/2680/2680 2679/2679/2679
f 2619/2619/2619 2620/2620/2620 2681/2681/2681 2680/2680/2680
f 2620/2620/2620 2621/2621/2621 2682/2682/2682 2681/2681/2681
f 2621/2621/2621 2622/2622/2622 2683/2683/2683 2682/2682/2682
f 2622/2622/2622 2623/2623/2623 2684/2684/2684 2683/2683/2683
f 2624/2624/2625 2625/2625/2624 2686/2686/2685 2685/2685/2686
f 2625/2625/2624 2626/2626/2626 2687/2687/2687 2686/2686/2685
f 2626/2626/2626 2627/2627/2627 2688/2688/2688 2687/2687/2687
f 2627/2627/2627 2628/2628/2628 2689/2689/2689 2688/2688/2688
f 2628/2628/2628 2629/2629/2629 2690/2690/2690 2689/2689/2689
f 2629/2629/2629 2630/2630/2630 2691/2691/2691 2690/2690/2690
f 2630/2630/2630 2631/2631/2631 2692/2692/2692 2691/2691/2691
f 2631/2631/2631 2632/2632/2632 2693/2693/2693 2692/2692/2692
f 2632/2632/2632 2633/2633/2633 2694/2694/2694 2693/2693/2693
f 2633/2633/2633 2634/2634/2634 2695/2695/2695 2694/2694/2694
f 2634/2634/2634 2635/2635/2635 2696/2696/2696 2695/2695/2695
f 2635/2635/2635 2636/2636/2636 2697/2697/2697 2696/2696/2696
f 2636/2636/2636 2637/2637/2637 2698/2698/2698 2697/2697/2697
f 2637/2637/2637 2638/2638/2638 2699/2699/2699 2698/2698/2698
f 2638/2638/2638 2639/2639/2639 2700/2700/2700 2699/2699/2699
f 2639/2639/2639 2640/2640/2640 2701/2701/2701 2700/2700/2700
f 2640/2640/2640 2641/2641/2641 2702/2702/2702 2701/2701/2701
f 2641/2641/2641 2642/2642/2642 2703/2703/2703 2702/2702/2702
f 2642/2642/2642 2643/2643/2643 2704/2704/2704 2703/2703/2703
f 2643/2643/2643 2644/2644/2644 2705/2705/2705 2704/2704/2704
f 2644/2644/2644 2645/2645/2645 2706/2706/2706 2705/2705/2705
f 2645/2645/2645 2646/2646/2646 2707/2707/2707 2706/2706/2706
f 2646/2646/2646 2647/2647/2647 2708/2708/2708 2707/2707/2707
f 2647/2647/2647 2648/2648/2648 2709/2709/2709 2708/2708/2708
f 2648/2648/2648 2649/2649/2649 2710/2710/2710 2709/2709/2709
f 2649/2649/2649 2650/2650/2650 2711/2711/2711 2710/2710/2710
f 2650/2650/2650 2651/2651/2651 2712/2712/2712 2711/2711/2711
f 2651/2651/2651 2652/2652/2652 2713/2713/2713 2712/2712/2712
f 2652/2652/2652 2653/2653/2653 2714/2714/2714 2713/2713/2713
f 2653/2653/2653 2654/2654/2654 2715/2715/2715 2714/2714/2714
f 2654/2654/2654 2655/2655/2655 2716/2716/2716 2715/2715/2715
f 2655/2655/2655 2656/2656/2656 2717/2717/2717 2716/2716/2716
f 2656/2656/2656 2657/2657/2657 2718/2718/2718 2717/2717/2717
f 2657/2657/2657 2658/2658/2658 2719/2719/2719 2718/2718/2718
f 2658/2658/2658 2659/2659/2659 2720/2720/2720 2719/2719/2719
f 2659/2659/2659 2660/2660/2660 2721/2721/2721 2720/2720/2720
f 2660/2660/2660 2661/2661/2661 2722/2722/2722 2721/2721/2721
f 2661/2661/2661 2662/2662/2662 2723/2723/2723 2722/2722/2722
f 2662/2662/2662 2663/2663/2663 2724/2724/2724 2723/2723/2723
f 2663/2663/2663 2664/2664/2664 2725/2725/2725 2724/2724/2724
f 2664/2664/2664 2665/2665/2665 2726/2726/2726 2725/2725/2725
f 2665/2665/2665 2666/2666/2666 2727/2727/2727 2726/2726/2726
f 2666/2666/2666 2667/2667/2667 2728/2728/2728 2727/2727/2727
f 2667/2667/2667 2668/2668/2668 2729/2729/2729 2728/2728/2728
f 2668/2668/2668 2669/2669/2669 2730/2730/2730 2729/2729/2729
f 2669/2669/2669 2670/2670/2670 2731/2731/2731 2730/2730/2730
f 2670/2670/2670 2671/2671/2671 2732/2732/2732 2731/2731/2731
f 2671/2671/2671 2672/2672/2672 2733/2733/2733 2732/2732/2732
f 2672/2672/2672 2673/2673/2673 2734/2734/2734 2733/2733/2733
f 2673/2673/2673 2674/2674/2674 2735/2735/2735 2734/2734/2734
f 2674/2674/2674 2675/2675/2675 2736/2736/2736 2735/2735/2735
f 2675/2675/2675 2676/2676/2676 2737/2737/2737 2736/2736/2736
f 2676/2676/2676 2677/2677/2677 2738/2738/2738 2737/2737/2737
f 2677/2677/2677 2678/2678/2678 2739/2739/2739 2738/2738/2738
f 2678/2678/2678 2679/2679/2679 2740/2740/2740 2739/2739/2739
f 2679/2679/2679 2680/2680/2680 2741/2741/2741 2740/2740/2740
f 2680/2680/2680 2681/2681/2681 2742/2742/2742 2741/2741/2741
f 2681/2681/2681 2682/2682/2682 2743/2743/2743 2742/2742/2742
f 2682/2682/2682 2683/2683/2683 2744/2744/2744 2743/2743/2743
f 2683/2683/2683 2684/2684/2684 2745/2745/2745 2744/2744/2744
f 2685/2685/2686 2686/2686/2685 2747/2747/2746 2746/2746/2747
f 2686/2686/2685 2687/2687/2687 2748/2748/2748 2747/2747/2746
f 2687/2687/2687 2688/2688/2688 2749/2749/2749 2748/2748/2748
f 2688/2688/2688 2689/2689/2689 2750/2750/2750 2749/2749/2749
f 2689/2689/2689 2690/2690/2690 2751/2751/2751 2750/2750/2750
f 2690/2690/2690 2691/2691/2691 2752/2752/2752 2751/2751/2751
f 2691/2691/2691 2692/2692/2692 2753/2753/2753 2752/2752/2752
f 2692/2692/2692 2693/2693/2693 2754/2754/2754 2753/2753/2753
f 2693/2693/2693 2694/2694/2694 2755/2755/2755 2754/2754/2754
f 2694/2694/2694 2695/2695/2695 2756/2756/2756 2755/2755/2755
f 2695/2695/2695 2696/2696/2696 2757/2757/2757 2756/2756/2756
f 2696/2696/2696 2697/2697/2697 2758/2758/2758 2757/2757/2757
f 2697/2697/2697 2698/2698/2698 2759/2759/2759 2758/2758/2758
f 2698/2698/2698 2699/2699/2699 2760/2760/2760 2759/2759/2759
f 2699/2699/2699 2700/2700/2700 2761/2761/2761 2760/2760/2760
f 2700/2700/2700 2701/2701/2701 2762/2762/2762 2761/2761/2761
f 2701/2701/2701 2702/2702/2702 2763/2763/2763 2762/2762/2762
f 2702/2702/2702 2703/2703/2703 2764/2764/2764 2763/2763/2763
f 2703/2703/2703 2704/2704/2704 2765/2765/2765 2764/2764/2764
f 2704/2704/2704 2705/2705/2705 2766/2766/2766 2765/2765/2765
f 2705/2705/2705 2706/2706/2706 2767/2767/2767 2766/2766/2766
f 2706/2706/2706 2707/2707/2707 2768/2768/2768 2767/2767/2767
f 2707/2707/2707 2708/2708/2708 2769/2769/2769 2768/2768/2768
f 2708/2708/2708 2709/2709/2709 2770/2770/2770 2769/2769/2769
f 2709/2709/2709 2710/2710/2710 2771/2771/2771 2770/2770/2770
f 2710/2710/2710 2711/2711/2711 2772/2772/2772 2771/2771/2771
f 2711/2711/2711 2712/2712/2712 2773/2773/2773 2772/2772/2772
f 2712/2712/2712 2713/2713/2713 2774/2774/2774 2773/2773/2773
f 2713/2713/2713 2714/2714/2714 2775/2775/2775 2774/2774/2774
f 2714/2714/2714 2715/2715/2715 2776/2776/2776 2775/2775/2775
f 2715/2715/2715 2716/2716/2716 2777/2777/2777 2776/2776/2776
f 2716/2716/2716 2717/2717/2717 2778/2778/2778 2777/2777/2777
f 2717/2717/2717 2718/2718/2718 2779/2779/2779 2778/2778/2778
f 2718/2718/2718 2719/2719/2719 2780/2780/2780 2779/2779/2779
f 2719/2719/2719 2720/2720/2720 2781/2781/2781 2780/2780/2780
f 2720/2720/2720 2721/2721/2721 2782/2782/2782 2781/2781/2781
f 2721/2721/2721 2722/2722/2722 2783/2783/2783 2782/2782/2782
f 2722/2722/2722 2723/2723/2723 2784/2784/2784 2783/2783/2783
f 2723/2723/2723 2724/2724/2724 2785/2785/2785 2784/2784/2784
f 2724/2724/2724 2725/2725/2725 2786/2786/2786 2785/2785/2785
f 2725/2725/2725 2726/2726/2726 2787/2787/2787 2786/2786/2786
f 2726/2726/2726 2727/2727/2727 2788/2788/2788 2787/2787/2787
f 2727/2727/2727 2728/2728/2728 2789/2789/2789 2788/2788/2788
f 2728/2728/2728 2729/2729/2729 2790/2790/2790 2789/2789/2789
f 2729/2729/2729 2730/2730/2730 2791/2791/2791 2790/2790/2790
f 2730/2730/2730 2731/2731/2731 2792/2792/2792 2791/2791/2791
f 2731/2731/2731 2732/2732/2732 2793/2793/2793 2792/2792/2792
f 2732/2732/2732 2733/2733/2733 2794/2794/2794 2793/2793/2793
f 2733/2733/2733 2734/2734/2734 2795/2795/2795 2794/2794/2794
f 2734/2734/2734 2735/2735/2735 2796/2796/2796 2795/2795/2795
f 2735/2735/2735 2736/2736/2736 2797/2797/2797 2796/2796/2796
f 2736/2736/2736 2737/2737/2737 2798/2798/2798 2797/2797/2797
f 2737/2737/2737 2738/2738/2738 2799/2799/2799 2798/2798/2798
f 2738/2738/2738 2739/2739/2739 2800/2800/2800 2799/2799/2799
f 2739/2739/2739 2740/2740/2740 2801/2801/2801 2800/2800/2800
f 2740/2740/2740 2741/2741/2741 2802/2802/2802 2801/2801/2801
f 2741/2741/2741 2742/2742/2742 2803/2803/2803 2802/2802/2802
f 2742/2742/2742 2743/2743/2743 2804/2804/2804 2803/2803/2803
f 2743/2743/2743 2744/2744/2744 2805/2805/2805 2804/2804/2804
f 2744/2744/2744 2745/2745/2745 2806/2806/2806 2805/2805/2805
f 2746/2746/2747 2747/2747/2746 2808/2808/2807 2807/2807/2808
f 2747/2747/2746 2748/2748/2748 2809/2809/2809 2808/2808/2807
f 2748/2748/2748 2749/2749/2749 2810/2810/2810 2809/2809/2809
f 2749/2749/2749 2750/2750/2750 2811/2811/2811 2810/2810/2810
f 2750/2750/2750 2751/2751/2751 2812/2812/2812 2811/2811/2811
f 2751/2751/2751 2752/2752/2752 2813/2813/2813 2812/2812/2812
f 2752/2752/2752 2753/2753/2753 2814/2814/2814 2813/2813/2813
f 2753/2753/2753 2754/2754/2754 2815/2815/2815 2814/2814/2814
f 2754/2754/2754 2755/2755/2755 2816/2816/2816 2815/2815/2815
f 2755/2755/2755 2756/2756/2756 2817/2817/2817 2816/2816/2816
f 2756/2756/2756 2757/2757/2757 2818/2818/2818 2817/2817/2817
f 2757/2757/2757 2758/2758/2758 2819/2819/2819 2818/2818/2818
f 2758/2758/2758 2759/2759/2759 2820/2820/2820 2819/2819/2819
f 2759/2759/2759 2760/2760/2760 2821/2821/2821 2820/2820/2820
f 2760/2760/2760 2761/2761/2761 2822/2822/2822 2821/2821/2821
f 2761/2761/2761 2762/2762/2762 2823/2823/2823 2822/2822/2822
f 2762/2762/2762 2763/2763/2763 2824/2824/2824 2823/2823/2823
f 2763/2763/2763 2764/2764/2764 2825/2825/2825 2824/2824/2824
f 2764/2764/2764 2765/2765/2765 2826/2826/2826 2825/2825/2825
f 2765/2765/2765 2766/2766/2766 2827/2827/2827 2826/2826/2826
f 2766/2766/2766 2767/2767/2767 2828/2828/2828 2827/2827/2827
f 2767/2767/2767 2768/2768/2768 2829/2829/2829 2828/2828/2828
f 2768/2768/2768 2769/2769/2769 2830/2830/2830 2829/2829/2829
f 2769/2769/2769 2770/2770/2770 2831/2831/2831 2830/2830/2830
f 2770/2770/2770 2771/2771/2771 2832/2832/2832 2831/2831/2831
f 2771/2771/2771 2772/2772/2772 2833/2833/2833 2832/2832/2832
f 2772/2772/2772 2773/2773/2773 2834/2834/2834 2833/2833/2833
f 2773/2773/2773 2774/2774/2774 2835/2835/2835 2834/2834/2834
f 2774/2774/2774 2775/2775/2775 2836/2836/2836 2835/2835/2835
f 2775/2775/2775 2776/2776/2776 2837/2837/2837 2836/2836/2836
f 2776/2776/2776 2777/2777/2777 2838/2838/2838 2837/2837/2837
f 2777/2777/2777 2778/2778/2778 2839/2839/2839 2838/2838/2838
f 2778/2778/2778 2779/2779/2779 2840/2840/2840 2839/2839/2839
f 2779/2779/2779 2780/2780/2780 2841/2841/2841 2840/2840/2840
f 2780/2780/2780 2781/2781/2781 2842/2842/2842 2841/2841/2841
f 2781/2781/2781 2782/2782/2782 2843/2843/2843 2842/2842/2842
f 2782/2782/2782 2783/2783/2783 2844/2844/2844 2843/2843/2843
f 2783/2783/2783 2784/2784/2784 2845/2845/2845 2844/2844/2844
f 2784/2784/2784 2785/2785/2785 2846/2846/2846 2845/2845/2845
f 2785/2785/2785 2786/2786/2786 2847/2847/2847 2846/2846/2846
f 2786/2786/2786 2787/2787/2787 2848/2848/2848 2847/2847/2847
f 2787/2787/2787 2788/2788/2788 2849/2849/2849 2848/2848/2848
f 2788/2788/2788 2789/2789/2789 2850/2850/2850 2849/2849/2849
f 2789/2789/2789 2790/2790/2790 2851/2851/2851 2850/2850/2850
f 2790/2790/2790 2791/2791/2791 2852/2852/2852 2851/2851/2851
f 2791/2791/2791 2792/2792/2792 2853/2853/2853 2852/2852/2852
f 2792/2792/2792 2793/2793/2793 2854/2854/2854 2853/2853/2853
f 2793/2793/2793 2794/2794/2794 2855/2855/2855 2854/2854/2854
f 2794/2794/2794 2795/2795/2795 2856/2856/2856 2855/2855/2855
f 2795/2795/2795 2796/2796/2796 2857/2857/2857 2856/2856/2856
f 2796/2796/2796 2797/2797/2797 2858/2858/2858 2857/2857/2857
f 2797/2797/2797 2798/2798/2798 2859/2859/2859 2858/2858/2858
f 2798/2798/2798 2799/2799/2799 2860/2860/2860 2859/2859/2859
f 2799/2799/2799 2800/2800/2800 2861/2861/2861 2860/2860/2860
f 2800/2800/2800 2801/2801/2801 2862/2862/2862 2861/2861/2861
f 2801/2801/2801 2802/2802/2802 2863/2863/2863 2862/2862/2862
f 2802/2802/2802 2803/2803/2803 2864/2864/2864 2863/2863/2863
f 2803/2803/2803 2804/2804/2804 2865/2865/2865 2864/2864/2864
f 2804/2804/2804 2805/2805/2805 2866/2866/2866 2865/2865/2865
f 2805/2805/2805 2806/2806/2806 2867/2867/2867 2866/2866/2866
f 2807/2807/2808 2808/2808/2807 2869/2869/2868 2868/2868/2869
f 2808/2808/2807 2809/2809/2809 2870/2870/2870 2869/2869/2868
f 2809/2809/2809 2810/2810/2810 2871/2871/2871 2870/2870/2870
f 2810/2810/2810 2811/2811/2811 2872/2872/2872 2871/2871/2871
f 2811/2811/2811 2812/2812/2812 2873/2873/2873 2872/2872/2872
f 2812/2812/2812 2813/2813/2813 2874/2874/2874 2873/2873/2873
f 2813/2813/2813 2814/2814/2814 2875/2875/2875 2874/2874/2874
f 2814/2814/2814 2815/2815/2815 2876/2876/2876 2875/2875/2875
f 2815/2815/2815 2816/2816/2816 2877/2877/2877 2876/2876/2876
f 2816/2816/2816 2817/2817/2817 2878/2878/2878 2877/2877/2877
f 2817/2817/2817 2818/2818/2818 2879/2879/2879 2878/2878/2878
f 2818/2818/2818 2819/2819/2819 2880/2880/2880 2879/2879/2879
f 2819/2819/2819 2820/2820/2820 2881/2881/2881 2880/2880/2880
f 2820/2820/2820 2821/2821/2821 2882/2882/2882 2881/2881/2881
f 2821/2821/2821 2822/2822/2822 2883/2883/2883 2882/2882/2882
f 2822/2822/2822 2823/2823/2823 2884/2884/2884 2883/2883/2883
f 2823/2823/2823 2824/2824/2824 2885/2885/2885 2884/2884/2884
f 2824/2824/2824 2825/2825/2825 2886/2886/2886 2885/2885/2885
f 2825/2825/2825 2826/2826/2826 2887/2887/2887 2886/2886/2886
f 2826/2826/2826 2827/2827/2827 2888/2888/2888 2887/2887/2887
f 2827/2827/2827 2828/2828/2828 2889/2889/2889 2888/2888/2888
f 2828/2828/2828 2829/2829/2829 2890/2890/2890 2889/2889/2889
f 2829/2829/2829 2830/2830/2830 2891/2891/2891 2890/2890/2890
f 2830/2830/2830 2831/2831/2831 2892/2892/2892 2891/2891/2891
f 2831/2831/2831 2832/2832/2832 2893/2893/2893 2892/2892/2892
f 2832/2832/2832 2833/2833/2833 2894/2894/2894 2893/2893/2893
f 2833/2833/2833 2834/2834/2834 2895/2895/2895 2894/2894/2894
f 2834/2834/2834 2835/2835/2835 2896/2896/2896 2895/2895/2895
f 2835/2835/2835 2836/2836/2836 2897/2897/2897 2896/2896/2896
f 2836/2836/2836 2837/2837/2837 2898/2898/2898 2897/2897/2897
f 2837/2837/2837 2838/2838/2838 2899/2899/2899 2898/2898/2898
f 2838/2838/2838 2839/2839/2839 2900/2900/2900 2899/2899/2899
f 2839/2839/2839 2840/2840/2840 2901/2901/2901 2900/2900/2900
f 2840/2840/2840 2841/2841/2841 2902/2902/2902 2901/2901/2901
f 2841/2841/2841 2842/2842/2842 2903/2903/2903 2902/2902/2902
f 2842/2842/2842 2843/2843/2843 2904/2904/2904 2903/2903/2903
f 2843/2843/2843 2844/2844/2844 2905/2905/2905 2904/2904/2904
f 2844/2844/2844 2845/2845/2845 2906/2906/2906 2905/2905/2905
f 2845/2845/2845 2846/2846/2846 2907/2907/2907 2906/2906/2906
f 2846/2846/2846 2847/2847/2847 2908/2908/2908 2907/2907/2907
f 2847/2847/2847 2848/2848/2848 2909/2909/2909 2908/2908/2908
f 2848/2848/2848 2849/2849/2849 2910/2910/2910 2909/2909/2909
f 2849/2849/2849 2850/2850/2850 2911/2911/2911 2910/2910/2910
f 2850/2850/2850 2851/2851/2851 2912/2912/2912 2911/2911/2911
f 2851/2851/2851 2852/2852/2852 2913/2913/2913 2912/2912/2912
f 2852/2852/2852 2853/2853/2853 2914/2914/2914 2913/2913/2913
f 2853/2853/2853 2854/2854/2854 2915/2915/2915 2914/2914/2914
f 2854/2854/2854 2855/2855/2855 2916/2916/2916 2915/2915/2915
f 2855/2855/2855 2856/2856/2856 2917/2917/2917 2916/2916/2916
f 2856/2856/2856 2857/2857/2857 2918/2918/2918 2917/2917/2917
f 2857/2857/2857 2858/2858/2858 2919/2919/2919 2918/2918/2918
f 2858/2858/2858 2859/2859/2859 2920/2920/2920 2919/2919/2919
f 2859/2859/2859 2860/2860/2860 2921/2921/2921 2920/2920/2920
f 2860/2860/2860 2861/2861/2861 2922/2922/2922 2921/2921/2921
f 2861/2861/2861 2862/2862/2862 2923/2923/2923 2922/2922/2922
f 2862/2862/2862 2863/2863/2863 2924/2924/2924 2923/2923/2923
f 2863/2863/2863 2864/2864/2864 2925/2925/2925 2924/2924/2924
f 2864/2864/2864 2865/2865/2865 2926/2926/2926 2925/2925/2925
f 2865/2865/2865 2866/2866/2866 2927/2927/2927 2926/2926/2926
f 2866/2866/2866 2867/2867/2867 2928/2928/2928 2927/2927/2927
f 2868/2868/2869 2869/2869/2868 2930/2930/2929 2929/2929/2930
f 2869/2869/2868 2870/2870/2870 2931/2931/2931 2930/2930/2929
f 2870/2870/2870 2871/2871/2871 2932/2932/2932 2931/2931/2931
f 2871/2871/2871 2872/2872/2872 2933/2933/2933 2932/2932/2932
f 2872/2872/2872 2873/2873/2873 2934/2934/2934 2933/2933/2933
f 2873/2873/2873 2874/2874/2874 2935/2935/2935 2934/2934/2934
f 2874/2874/2874 2875/2875/2875 2936/2936/2936 2935/2935/2935
f 2875/2875/2875 2876/2876/2876 2937/2937/2937 2936/2936/2936
f 2876/2876/2876 2877/2877/2877 2938/2938/2938 2937/2937/2937
f 2877/2877/2877 2878/2878/2878 2939/2939/2939 2938/2938/2938
f 2878/2878/2878 2879/2879/2879 2940/2940/2940 2939/2939/2939
f 2879/2879/2879 2880/2880/2880 2941/2941/2941 2940/2940/2940
f 2880/2880/2880 2881/2881/2881 2942/2942/2942 2941/2941/2941
f 2881/2881/2881 2882/2882/2882 2943/2943/2943 2942/2942/2942
f 2882/2882/2882 2883/2883/2883 2944/2944/2944 2943/2943/2943
f 2883/2883/2883 2884/2884/2884 2945/2945/2945 2944/2944/2944
f 2884/2884/2884 2885/2885/2885 2946/2946/2946 2945/2945/2945
f 2885/2885/2885 2886/2886/2886 2947/2947/2947 2946/2946/2946
f 2886/2886/2886 2887/2887/2887 2948/2948/2948 2947/2947/2947
f 2887/2887/2887 2888/2888/2888 2949/2949/2949 2948/2948/2948
f 2888/2888/2888 2889/2889/2889 2950/2950/2950 2949/2949/2949
f 2889/2889/2889 2890/2890/2890 2951/2951/2951 2950/2950/2950
f 2890/2890/2890 2891/2891/2891 2952/2952/2952 2951/2951/2951
f 2891/2891/2891 2892/2892/2892 2953/2953/2953 2952/2952/2952
f 2892/2892/2892 2893/2893/2893 2954/2954/2954 2953/2953/2953
f 2893/2893/2893 2894/2894/2894 2955/2955/2955 2954/2954/2954
f 2894/2894/2894 2895/2895/2895 2956/2956/2956 2955/2955/2955
f 2895/2895/2895 2896/2896/2896 2957/2957/2957 2956/2956/2956
f 2896/2896/2896 2897/2897/2897 2958/2958/2958 2957/2957/2957
f 2897/2897/2897 2898/2898/2898 2959/2959/2959 2958/2958/2958
f 2898/2898/2898 2899/2899/2899 2960/2960/2960 2959/2959/2959
f 2899/2899/2899 2900/2900/2900 2961/2961/2961 2960/2960/2960
f 2900/2900/2900 2901/2901/2901 2962/2962/2962 2961/2961/2961
f 2901/2901/2901 2902/2902/2902 2963/2963/2963 2962/2962/2962
f 2902/2902/2902 2903/2903/2903 2964/2964/2964 2963/2963/2963
f 2903/2903/2903 2904/2904/2904 2965/2965/2965 2964/2964/2964
f 2904/2904/2904 2905/2905/2905 2966/2966/2966 2965/2965/2965
f 2905/2905/2905 2906/2906/2906 2967/2967/2967 2966/2966/2966
f 2906/2906/2906 2907/2907/2907 2968/2968/2968 2967/2967/2967
f 2907/2907/2907 2908/2908/2908 2969/2969/2969 2968/2968/2968
f 2908/2908/2908 2909/2909/2909 2970/2970/2970 2969/2969/2969
f 2909/2909/2909 2910/2910/2910 2971/2971/2971 2970/2970/2970
f 2910/2910/2910 2911/2911/2911 2972/2972/2972 2971/2971/2971
f 2911/2911/2911 2912/2912/2912 2973/2973/2973 2972/2972/2972
f 2912/2912/2912 2913/2913/2913 2974/2974/2974 2973/2973/2973
f 2913/2913/2913 2914/2914/2914 2975/2975/2975 2974/2974/2974
f 2914/2914/2914 2915/2915/2915 2976/2976/2976 2975/2975/2975
f 2915/2915/2915 2916/2916/2916 2977/2977/2977 2976/2976/2976
f 2916/2916/2916 2917/2917/2917 2978/2978/2978 2977/2977/2977
f 2917/2917/2917 2918/2918/2918 2979/2979/2979 2978/2978/2978
f 2918/2918/2918 2919/2919/2919 2980/2980/2980 2979/2979/2979
f 2919/2919/2919 2920/2920/2920 2981/2981/2981 2980/2980/2980
f 2920/2920/2920 2921/2921/2921 2982/2982/2982 2981/2981/2981
f 2921/2921/2921 2922/2922/2922 2983/2983/2983 2982/2982/2982
f 2922/2922/2922 2923/2923/2923 2984/2984/2984 2983/2983/2983
f 2923/2923/2923 2924/2924/2924 2985/2985/2985 2984/2984/2984
f 2924/2924/2924 2925/2925/2925 2986/2986/2986 2985/2985/2985
f 2925/2925/2925 2926/2926/2926 2987/2987/2987 2986/2986/2986
f 2926/2926/2926 2927/2927/2927 2988/2988/2988 2987/2987/2987
f 2927/2927/2927 2928/2928/2928 2989/2989/2989 2988/2988/2988
f 2929/2929/2930 2930/2930/2929 2991/2991/2990 2990/2990/2991
f 2930/2930/2929 2931/2931/2931 2992/2992/2992 2991/2991/2990
f 2931/2931/2931 2932/2932/2932 2993/2993/2993 2992/2992/2992
f 2932/2932/2932 2933/2933/2933 2994/2994/2994 2993/2993/2993
f 2933/2933/2933 2934/2934/2934 2995/2995/2995 2994/2994/2994
f 2934/2934/2934 2935/2935/2935 2996/2996/2996 2995/2995/2995
f 2935/2935/2935 2936/2936/2936 2997/2997/2997 2996/2996/2996
f 2936/2936/2936 2937/2937/2937 2998/2998/2998 2997/2997/2997
f 2937/2937/2937 2938/2938/2938 2999/2999/2999 2998/2998/2998
f 2938/2938/2938 2939/2939/2939 3000/3000/3000 2999/2999/2999
f 2939/2939/2939 2940/2940/2940 3001/3001/3001 3000/3000/3000
f 2940/2940/2940 2941/2941/2941 3002/3002/3002 3001/3001/3001
f 2941/2941/2941 2942/2942/2942 3003/3003/3003 3002/3002/3002
f 2942/2942/2942 2943/2943/2943 3004/3004/3004 3003/3003/3003
f 2943/2943/2943 2944/2944/2944 3005/3005/3005 3004/3004/3004
f 2944/2944/2944 2945/2945/2945 3006/3006/3006 3005/3005/3005
f 2945/2945/2945 2946/2946/2946 3007/3007/3007 3006/3006/3006
f 2946/2946/2946 2947/2947/2947 3008/3008/3008 3007/3007/3007
f 2947/2947/2947 2948/2948/2948 3009/3009/3009 3008/3008/3008
f 2948/2948/2948 2949/2949/2949 3010/3010/3010 3009/3009/3009
f 2949/2949/2949 2950/2950/2950 3011/3011/3011 3010/3010/3010
f 2950/2950/2950 2951/2951/2951 3012/3012/3012 3011/3011/3011
f 2951/2951/2951 2952/2952/2952 3013/3013/3013 3012/3012/3012
f 2952/2952/2952 2953/2953/2953 3014/3014/3014 3013/3013/3013
f 2953/2953/2953 2954/2954/2954 3015/3015/3015 3014/3014/3014
f 2954/2954/2954 2955/2955/2955 3016/3016/3016 3015/3015/3015
f 2955/2955/2955 2956/2956/2956 3017/3017/3017 3016/3016/3016
f 2956/2956/2956 2957/2957/2957 3018/3018/3018 3017/3017/3017
f 2957/2957/2957 2958/2958/2958 3019/3019/3019 3018/3018/3018
f 2958/2958/2958 2959/2959/2959 3020/3020/3020 3019/3019/3019
f 2959/2959/2959 2960/2960/2960 3021/3021/3021 3020/3020/3020
f 2960/2960/2960 2961/2961/2961 3022/3022/3022 3021/3021/3021
f 2961/2961/2961 2962/2962/2962 3023/3023/3023 3022/3022/3022
f 2962/2962/2962 2963/2963/2963 3024/3024/3024 3023/3023/3023
f 2963/2963/2963 2964/2964/2964 3025/3025/3025 3024/3024/3024
f 2964/2964/2964 2965/2965/2965 3026/3026/3026 3025/3025/3025
f 2965/2965/2965 2966/2966/2966 3027/3027/3027 3026/3026/3026
f 2966/2966/2966 2967/2967/2967 3028/3028/3028 3027/3027/3027
f 2967/2967/2967 2968/2968/2968 3029/3029/3029 3028/3028/3028
f 2968/2968/2968 2969/2969/2969 3030/3030/3030 3029/3029/3029
f 2969/2969/2969 2970/2970/2970 3031/3031/3031 3030/3030/3030
f 2970/2970/2970 2971/2971/2971 3032/3032/3032 3031/3031/3031
f 2971/2971/2971 2972/2972/2972 3033/3033/3033 3032/3032/3032
f 2972/2972/2972 2973/2973/2973 3034/3034/3034 3033/3033/3033
f 2973/2973/2973 2974/2974/2974 3035/3035/3035 3034/3034/3034
f 2974/2974/2974 2975/2975/2975 3036/3036/3036 3035/3035/3035
f 2975/2975/2975 2976/2976/2976 3037/3037/3037 3036/3036/3036
f 2976/2976/2976 2977/2977/2977 3038/3038/3038 3037/3037/3037
f 2977/2977/2977 2978/2978/2978 3039/3039/3039 3038/3038/3038
f 2978/2978/2978 2979/2979/2979 3040/3040/3040 3039/3039/3039
f 2979/2979/2979 2980/2980/2980 3041/3041/3041 3040/3040/3040
f 2980/2980/2980 2981/2981/2981 3042/3042/3042 3041/3041/3041
f 2981/2981/2981 2982/2982/2982 3043/3043/3043 3042/3042/3042
f 2982/2982/2982 2983/2983/2983 3044/3044/3044 3043/3043/3043
f 2983/2983/2983 2984/2984/2984 3045/3045/3045 3044/3044/3044
f 2984/2984/2984 2985/2985/2985 3046/3046/3046 3045/3045/3045
f 2985/2985/2985 2986/2986/2986 3047/3047/3047 3046/3046/3046
f 2986/2986/2986 2987/2987/2987 3048/3048/3048 3047/3047/3047
f 2987/2987/2987 2988/2988/2988 3049/3049/3049 3048/3048/3048
f 2988/2988/2988 2989/2989/2989 3050/3050/3050 3049/3049/3049
f 2990/2990/2991 2991/2991/2990 3052/3052/3051 3051/3051/3052
f 2991/2991/2990 2992/2992/2992 3053/3053/3053 3052/3052/3051
f 2992/2992/2992 2993/2993/2993 3054/3054/3054 3053/3053/3053
f 2993/2993/2993 2994/2994/2994 3055/3055/3055 3054/3054/3054
f 2994/2994/2994 2995/2995/2995 3056/3056/3056 3055/3055/3055
f 2995/2995/2995 2996/2996/2996 3057/3057/3057 3056/3056/3056
f 2996/2996/2996 2997/2997/2997 3058/3058/3058 3057/3057/3057
f 2997/2997/2997 2998/2998/2998 3059/3059/3059 3058/3058/3058
f 2998/2998/2998 2999/2999/2999 3060/3060/3060 3059/3059/3059
f 2999/2999/2999 3000/3000/3000 3061/3061/3061 3060/3060/3060
f 3000/3000/3000 3001/3001/3001 3062/3062/3062 3061/3061/3061
f 3001/3001/3001 3002/3002/3002 3063/3063/3063 3062/3062/3062
f 3002/3002/3002 3003/3003/3003 3064/3064/3064 3063/3063/3063
f 3003/3003/3003 3004/3004/3004 3065/3065/3065 3064/3064/3064
f 3004/3004/3004 3005/3005/3005 3066/3066/3066 3065/3065/3065
f 3005/3005/3005 3006/3006/3006 3067/3067/3067 3066/3066/3066
f 3006/3006/3006 3007/3007/3007 3068/3068/3068 3067/3067/3067
f 3007/3007/3007 3008/3008/3008 3069/3069/3069 3068/3068/3068
f 3008/3008/3008 3009/3009/3009 3070/3070/3070 3069/3069/3069
f 3009/3009/3009 3010/3010/3010 3071/3071/3071 3070/3070/3070
f 3010/3010/3010 3011/3011/3011 3072/3072/3072 3071/3071/3071
f 3011/3011/3011 3012/3012/3012 3073/3073/3073 3072/3072/3072
f 3012/3012/3012 3013/3013/3013 3074/3074/3074 3073/3073/3073
f 3013/3013/3013 3014/3014/3014 3075/3075/3075 3074/3074/3074
f 3014/3014/3014 3015/3015/3015 3076/3076/3076 3075/3075/3075
f 3015/3015/3015 3016/3016/3016 3077/3077/3077 3076/3076/3076
f 3016/3016/3016 3017/3017/3017 3078/3078/3078 3077/3077/3077
f 3017/3017/3017 3018/3018/3018 3079/3079/3079 3078/3078/3078
f 3018/3018/3018 3019/3019/3019 3080/3080/3080 3079/3079/3079
f 3019/3019/3019 3020/3020/3020 3081/3081/3081 3080/3080/3080
f 3020/3020/3020 3021/3021/3021 3082/3082/3082 3081/3081/3081
f 3021/3021/3021 3022/3022/3022 3083/3083/3083 3082/3082/3082
f 3022/3022/3022 3023/3023/3023 3084/3084/3084 3083/3083/3083
f 3023/3023/3023 3024/3024/3024 3085/3085/3085 3084/3084/3084
f 3024/3024/3024 3025/3025/3025 3086/3086/3086 3085/3085/3085
f 3025/3025/3025 3026/3026/3026 3087/3087/3087 3086/3086/3086
f 3026/3026/3026 3027/3027/3027 3088/3088/3088 3087/3087/3087
f 3027/3027/3027 3028/3028/3028 3089/3089/3089 3088/3088/3088
f 3028/3028/3028 3029/3029/3029 3090/3090/3090 3089/3089/3089
f 3029/3029/3029 3030/3030/3030 3091/3091/3091 3090/3090/3090
f 3030/3030/3030 3031/3031/3031 3092/3092/3092 3091/3091/3091
f 3031/3031/3031 3032/3032/3032 3093/3093/3093 3092/3092/3092
f 3032/3032/3032 3033/3033/3033 3094/3094/3094 3093/3093/3093
f 3033/3033/3033 3034/3034/3034 3095/3095/3095 3094/3094/3094
f 3034/3034/3034 3035/3035/3035 3096/3096/3096 3095/3095/3095
f 3035/3035/3035 3036/3036/3036 3097/3097/3097 3096/3096/3096
f 3036/3036/3036 3037/3037/3037 3098/3098/3098 3097/3097/3097
f 3037/3037/3037 3038/3038/3038 3099/3099/3099 3098/3098/3098
f 3038/3038/3038 3039/3039/3039 3100/3100/3100 3099/3099/3099
f 3039/3039/3039 3040/3040/3040 3101/3101/3101 3100/3100/3100
f 3040/3040/3040 3041/3041/3041 3102/3102/3102 3101/3101/3101
f 3041/3041/3041 3042/3042/3042 3103/3103/3103 3102/3102/3102
f 3042/3042/3042 3043/3043/3043 3104/3104/3104 3103/3103/3103
f 3043/3043/3043 3044/3044/3044 3105/3105/3105 3104/3104/3104
f 3044/3044/3044 3045/3045/3045 3106/3106/3106 3105/3105/3105
f 3045/3045/3045 3046/3046/3046 3107/3107/3107 3106/3106/3106
f 3046/3046/3046 3047/3047/3047 3108/3108/3108 3107/3107/3107
f 3047/3047/3047 3048/3048/3048 3109/3109/3109 3108/3108/3108
f 3048/3048/3048 3049/3049/3049 3110/3110/3110 3109/3109/3109
f 3049/3049/3049 3050/3050/3050 3111/3111/3111 3110/3110/3110
f 3051/3051/3052 3052/3052/3051 3113/3113/3112 3112/3112/3113
f 3052/3052/3051 3053/3053/3053 3114/3114/3114 3113/3113/3112
f 3053/3053/3053 3054/3054/3054 3115/3115/3115 3114/3114/3114
f 3054/3054/3054 3055/3055/3055 3116/3116/3116 3115/3115/3115
f 3055/3055/3055 3056/3056/3056 3117/3117/3117 3116/3116/3116
f 3056/3056/3056 3057/3057/3057 3118/3118/3118 3117/3117/3117
f 3057/3057/3057 3058/3058/3058 3119/3119/3119 3118/3118/3118
f 3058/3058/3058 3059/3059/3059 3120/3120/3120 3119/3119/3119
f 3059/3059/3059 3060/3060/3060 3121/3121/3121 3120/3120/3120
f 3060/3060/3060 3061/3061/3061 3122/3122/3122 3121/3121/3121
f 3061/3061/3061 3062/3062/3062 3123/3123/3123 3122/3122/3122
f 3062/3062/3062 3063/3063/3063 3124/3124/3124 3123/3123/3123
f 3063/3063/3063 3064/3064/3064 3125/3125/3125 3124/3124/3124
f 3064/3064/3064 3065/3065/3065 3126/3126/3126 3125/3125/3125
f 3065/3065/3065 3066/3066/3066 3127/3127/3127 3126/3126/3126
f 3066/3066/3066 3067/3067/3067 3128/3128/3128 3127/3127/3127
f 3067/3067/3067 3068/3068/3068 3129/3129/3129 3128/3128/3128
f 3068/3068/3068 3069/3069/3069 3130/3130/3130 3129/3129/3129
f 3069/3069/3069 3070/3070/3070 3131/3131/3131 3130/3130/3130
f 3070/3070/3070 3071/3071/3071 3132/3132/3132 3131/3131/3131
f 3071/3071/3071 3072/3072/3072 3133/3133/3133 3132/3132/3132
f 3072/3072/3072 3073/3073/3073 3134/3134/3134 3133/3133/3133
f 3073/3073/3073 3074/3074/3074 3135/3135/3135 3134/3134/3134
f 3074/3074/3074 3075/3075/3075 3136/3136/3136 3135/3135/3135
f 3075/3075/3075 3076/3076/3076 3137/3137/3137 3136/3136/3136
f 3076/3076/3076 3077/3077/3077 3138/3138/3138 3137/3137/3137
f 3077/3077/3077 3078/3078/3078 3139/3139/3139 3138/3138/3138
f 3078/3078/3078 3079/3079/3079 3140/3140/3140 3139/3139/3139
f 3079/3079/3079 3080/3080/3080 3141/3141/3141 3140/3140/3140
f 3080/3080/3080 3081/3081/3081 3142/3142/3142 3141/3141/3141
f 3081/3081/3081 3082/3082/3082 3143/3143/3143 3142/3142/3142
f 3082/3082/3082 3083/3083/3083 3144/3144/3144 3143/3143/3143
f 3083/3083/3083 3084/3084/3084 3145/3145/3145 3144/3144/3144
f 3084/3084/3084 3085/3085/3085 3146/3146/3146 3145/3145/3145
f 3085/3085/3085 3086/3086/3086 3147/3147/3147 3146/3146/3146
f 3086/3086/3086 3087/3087/3087 3148/3148/3148 3147/3147/3147
f 3087/3087/3087 3088/3088/3088 3149/3149/3149 3148/3148/3148
f 3088/3088/3088 3089/3089/3089 3150/3150/3150 3149/3149/3149
f 3089/3089/3089 3090/3090/3090 3151/3151/3151 3150/3150/3150
f 3090/3090/3090 3091/3091/3091 3152/3152/3152 3151/3151/3151
f 3091/3091/3091 3092/3092/3092 3153/3153/3153 3152/3152/3152
f 3092/3092/3092 3093/3093/3093 3154/3154/3154 3153/3153/3153
f 3093/3093/3093 3094/3094/3094 3155/3155/3155 3154/3154/3154
f 3094/3094/3094 3095/3095/3095 3156/3156/3156 3155/3155/3155
f 3095/3095/3095 3096/3096/3096 3157/3157/3157 3156/3156/3156
f 3096/3096/3096 3097/3097/3097 3158/3158/3158 3157/3157/3157
f 3097/3097/3097 3098/3098/3098 3159/3159/3159 3158/3158/3158
f 3098/3098/3098 3099/3099/3099 3160/3160/3160 3159/3159/3159
f 3099/3099/3099 3100/3100/3100 3161/3161/3161 3160/3160/3160
f 3100/3100/3100 3101/3101/3101 3162/3162/3162 3161/3161/3161
f 3101/3101/3101 3102/3102/3102 3163/3163/3163 3162/3162/3162
f 3102/3102/3102 3103/3103/3103 3164/3164/3164 3163/3163/3163
f 3103/3103/3103 3104/3104/3104 3165/3165/3165 3164/3164/3164
f 3104/3104/3104 3105/3105/3105 3166/3166/3166 3165/3165/3165
f 3105/3105/3105 3106/3106/3106 3167/3167/3167 3166/3166/3166
f 3106/3106/3106 3107/3107/3107 3168/3168/3168 3167/3167/3167
f 3107/3107/3107 3108/3108/3108 3169/3169/3169 3168/3168/3168
f 3108/3108/3108 3109/3109/3109 3170/3170/3170 3169/3169/3169
f 3109/3109/3109 3110/3110/3110 3171/3171/3171 3170/3170/3170
f 3110/3110/3110 3111/3111/3111 3172/3172/3172 3171/3171/3171
f 3112/3112/3113 3113/3113/3112 3174/3174/3173 3173/3173/3174
f 3113/3113/3112 3114/3114/3114 3175/3175/3175 3174/3174/3173
f 3114/3114/3114 3115/3115/3115 3176/3176/3176 3175/3175/3175
f 3115/3115/3115 3116/3116/3116 3177/3177/3177 3176/3176/3176
f 3116/3116/3116 3117/3117/3117 3178/3178/3178 3177/3177/3177
f 3117/3117/3117 3118/3118/3118 3179/3179/3179 3178/3178/3178
f 3118/3118/3118 3119/3119/3119 3180/3180/3180 3179/3179/3179
f 3119/3119/3119 3120/3120/3120 3181/3181/3181 3180/3180/3180
f 3120/3120/3120 3121/3121/3121 3182/3182/3182 3181/3181/3181
f 3121/3121/3121 3122/3122/3122 3183/3183/3183 3182/3182/3182
f 3122/3122/3122 3123/3123/3123 3184/3184/3184 3183/3183/3183
f 3123/3123/3123 3124/3124/3124 3185/3185/3185 3184/3184/3184
f 3124/3124/3124 3125/3125/3125 3186/3186/3186 3185/3185/3185
f 3125/3125/3125 3126/3126/3126 3187/3187/3187 3186/3186/3186
f 3126/3126/3126 3127/3127/3127 3188/3188/3188 3187/3187/3187
f 3127/3127/3127 3128/3128/3128 3189/3189/3189 3188/3188/3188
f 3128/3128/3128 3129/3129/3129 3190/3190/3190 3189/3189/3189
f 3129/3129/3129 3130/3130/3130 3191/3191/3191 3190/3190/3190
f 3130/3130/3130 3131/3131/3131 3192/3192/3192 3191/3191/3191
f 3131/3131/3131 3132/3132/3132 3193/3193/3193 3192/3192/3192
f 3132/3132/3132 3133/3133/3133 3194/3194/3194 3193/3193/3193
f 3133/3133/3133 3134/3134/3134 3195/3195/3195 3194/3194/3194
f 3134/3134/3134 3135/3135/3135 3196/3196/3196 3195/3195/3195
f 3135/3135/3135 3136/3136/3136 3197/3197/3197 3196/3196/3196
f 3136/3136/3136 3137/3137/3137 3198/3198/3198 3197/3197/3197
f 3137/3137/3137 3138/3138/3138 3199/3199/3199 3198/3198/3198
f 3138/3138/3138 3139/3139/3139 3200/3200/3200 3199/3199/3199
f 3139/3139/3139 3140/3140/3140 3201/3201/3201 3200/3200/3200
f 3140/3140/3140 3141/3141/3141 3202/3202/3202 3201/3201/3201
f 3141/3141/3141 3142/3142/3142 3203/3203/3203 3202/3202/3202
f 3142/3142/3142 3143/3143/3143 3204/3204/3204 3203/3203/3203
f 3143/3143/3143 3144/3144/3144 3205/3205/3205 3204/3204/3204
f 3144/3144/3144 3145/3145/3145 3206/3206/3206 3205/3205/3205
f 3145/3145/3145 3146/3146/3146 3207/3207/3207 3206/3206/3206
f 3146/3146/3146 3147/3147/3147 3208/3208/3208 3207/3207/3207
f 3147/3147/3147 3148/3148/3148 3209/3209/3209 3208/3208/3208
f 3148/3148/3148 3149/3149/3149 3210/3210/3210 3209/3209/3209
f 3149/3149/3149 3150/3150/3150 3211/3211/3211 3210/3210/3210
f 3150/3150/3150 3151/3151/3151 3212/3212/3212 3211/3211/3211
f 3151/3151/3151 3152/3152/3152 3213/3213/3213 3212/3212/3212
f 3152/3152/3152 3153/3153/3153 3214/3214/3214 3213/3213/3213
f 3153/3153/3153 3154/3154/3154 3215/3215/3215 3214/3214/3214
f 3154/3154/3154 3155/3155/3155 3216/3216/3216 3215/3215/3215
f 3155/3155/3155 3156/3156/3156 3217/3217/3217 3216/3216/3216
f 3156/3156/3156 3157/3157/3157 3218/3218/3218 3217/3217/3217
f 3157/3157/3157 3158/3158/3158 3219/3219/3219 3218/3218/3218
f 3158/3158/3158 3159/3159/3159 3220/3220/3220 3219/3219/3219
f 3159/3159/3159 3160/3160/3160 3221/3221/3221 3220/3220/3220
f 3160/3160/3160 3161/3161/3161 3222/3222/3222 3221/3221/3221
f 3161/3161/3161 3162/3162/3162 3223/3223/3223 3222/3222/3222
f 3162/3162/3162 3163/3163/3163 3224/3224/3224 3223/3223/3223
f 3163/3163/3163 3164/3164/3164 3225/3225/3225 3224/3224/3224
f 3164/3164/3164 3165/3165/3165 3226/3226/3226 3225/3225/3225
f 3165/3165/3165 3166/3166/3166 3227/3227/3227 3226/3226/3226
f 3166/3166/3166 3167/3167/3167 3228/3228/3228 3227/3227/3227
f 3167/3167/3167 3168/3168/3168 3229/3229/3229 3228/3228/3228
f 3168/3168/3168 3169/3169/3169 3230/3230/3230 3229/3229/3229
f 3169/3169/3169 3170/3170/3170 3231/3231/3231 3230/3230/3230
f 3170/3170/3170 3171/3171/3171 3232/3232/3232 3231/3231/3231
f 3171/3171/3171 3172/3172/3172 3233/3233/3233 3232/3232/3232
f 3173/3173/3174 3174/3174/3173 3235/3235/3234 3234/3234/3235
f 3174/3174/3173 3175/3175/3175 3236/3236/3236 3235/3235/3234
f 3175/3175/3175 3176/3176/3176 3237/3237/3237 3236/3236/3236
f 3176/3176/3176 3177/3177/3177 3238/3238/3238 3237/3237/3237
f 3177/3177/3177 3178/3178/3178 3239/3239/3239 3238/3238/3238
f 3178/3178/3178 3179/3179/3179 3240/3240/3240 3239/3239/3239
f 3179/3179/3179 3180/3180/3180 3241/3241/3241 3240/3240/3240
f 3180/3180/3180 3181/3181/3181 3242/3242/3242 3241/3241/3241
f 3181/3181/3181 3182/3182/3182 3243/3243/3243 3242/3242/3242
f 3182/3182/3182 3183/3183/3183 3244/3244/3244 3243/3243/3243
f 3183/3183/3183 3184/3184/3184 3245/3245/3245 3244/3244/3244
f 3184/3184/3184 3185/3185/3185 3246/3246/3246 3245/3245/3245
f 3185/3185/3185 3186/3186/3186 3247/3247/3247 3246/3246/3246
f 3186/3186/3186 3187/3187/3187 3248/3248/3248 3247/3247/3247
f 3187/3187/3187 3188/3188/3188 3249/3249/3249 3248/3248/3248
f 3188/3188/3188 3189/3189/3189 3250/3250/3250 3249/3249/3249
f 3189/3189/3189 3190/3190/3190 3251/3251/3251 3250/3250/3250
f 3190/3190/3190 3191/3191/3191 3252/3252/3252 3251/3251/3251
f 3191/3191/3191 3192/3192/3192 3253/3253/3253 3252/3252/3252
f 3192/3192/3192 3193/3193/3193 3254/3254/3254 3253/3253/3253
f 3193/3193/3193 3194/3194/3194 3255/3255/3255 3254/3254/3254
f 3194/3194/3194 3195/3195/3195 3256/3256/3256 3255/3255/3255
f 3195/3195/3195 3196/3196/3196 3257/3257/3257 3256/3256/3256
f 3196/3196/3196 3197/3197/3197 3258/3258/3258 3257/3257/3257
f 3197/3197/3197 3198/3198/3198 3259/3259/3259 3258/3258/3258
f 3198/3198/3198 3199/3199/3199 3260/3260/3260 3259/3259/3259
f 3199/3199/3199 3200/3200/3200 3261/3261/3261 3260/3260/3260
f 3200/3200/3200 3201/3201/3201 3262/3262/3262 3261/3261/3261
f 3201/3201/3201 3202/3202/3202 3263/3263/3263 3262/3262/3262
f 3202/3202/3202 3203/3203/3203 3264/3264/3264 3263/3263/3263
f 3203/3203/3203 3204/3204/3204 3265/3265/3265 3264/3264/3264
f 3204/3204/3204 3205/3205/3205 3266/3266/3266 3265/3265/3265
f 3205/3205/3205 3206/3206/3206 3267/3267/3267 3266/3266/3266
f 3206/3206/3206 3207/3207/3207 3268/3268/3268 3267/3267/3267
f 3207/3207/3207 3208/3208/3208 3269/3269/3269 3268/3268/3268
f 3208/3208/3208 3209/3209/3209 3270/3270/3270 3269/3269/3269
f 3209/3209/3209 3210/3210/3210 3271/3271/3271 3270/3270/3270
f 3210/3210/3210 3211/3211/3211 3272/3272/3272 3271/3271/3271
f 3211/3211/3211 3212/3212/3212 3273/3273/3273 3272/3272/3272
f 3212/3212/3212 3213/3213/3213 3274/3274/3274 3273/3273/3273
f 3213/3213/3213 3214/3214/3214 3275/3275/3275 3274/3274/3274
f 3214/3214/3214 3215/3215/3215 3276/3276/3276 3275/3275/3275
f 3215/3215/3215 3216/3216/3216 3277/3277/3277 3276/3276/3276
f 3216/3216/3216 3217/3217/3217 3278/3278/3278 3277/3277/3277
f 3217/3217/3217 3218/3218/3218 3279/3279/3279 3278/3278/3278
f 3218/3218/3218 3219/3219/3219 3280/3280/3280 3279/3279/3279
f 3219/3219/3219 3220/3220/3220 3281/3281/3281 3280/3280/3280
f 3220/3220/3220 3221/3221/3221 3282/3282/3282 3281/3281/3281
f 3221/3221/3221 3222/3222/3222 3283/3283/3283 3282/3282/3282
f 3222/3222/3222 3223/3223/3223 3284/3284/3284 3283/3283/3283
f 3223/3223/3223 3224/3224/3224 3285/3285/3285 3284/3284/3284
f 3224/3224/3224 3225/3225/3225 3286/3286/3286 3285/3285/3285
f 3225/3225/3225 3226/3226/3226 3287/3287/3287 3286/3286/3286
f 3226/3226/3226 3227/3227/3227 3288/3288/3288 3287/3287/3287
f 3227/3227/3227 3228/3228/3228 3289/3289/3289 3288/3288/3288
f 3228/3228/3228 3229/3229/3229 3290/3290/3290 3289/3289/3289
f 3229/3229/3229 3230/3230/3230 3291/3291/3291 3290/3290/3290
f 3230/3230/3230 3231/3231/3231 3292/3292/3292 3291/3291/3291
f 3231/3231/3231 3232/3232/3232 3293/3293/3293 3292/3292/3292
f 3232/3232/3232 3233/3233/3233 3294/3294/3294 3293/3293/3293
f 3234/3234/3235 3235/3235/3234 3296/3296/3295 3295/3295/3296
f 3235/3235/3234 3236/3236/3236 3297/3297/3297 3296/3296/3295
f 3236/3236/3236 3237/3237/3237 3298/3298/3298 3297/3297/3297
f 3237/3237/3237 3238/3238/3238 3299/3299/3299 3298/3298/3298
f 3238/3238/3238 3239/3239/3239 3300/3300/3300 3299/3299/3299
f 3239/3239/3239 3240/3240/3240 3301/3301/3301 3300/3300/3300
f 3240/3240/3240 3241/3241/3241 3302/3302/3302 3301/3301/3301
f 3241/3241/3241 3242/3242/3242 3303/3303/3303 3302/3302/3302
f 3242/3242/3242 3243/3243/3243 3304/3304/3304 3303/3303/3303
f 3243/3243/3243 3244/3244/3244 3305/3305/3305 3304/3304/3304
f 3244/3244/3244 3245/3245/3245 3306/3306/3306 3305/3305/3305
f 3245/3245/3245 3246/3246/3246 3307/3307/3307 3306/3306/3306
f 3246/3246/3246 3247/3247/3247 3308/3308/3308 3307/3307/3307
f 3247/3247/3247 3248/3248/3248 3309/3309/3309 3308/3308/3308
f 3248/3248/3248 3249/3249/3249 3310/3310/3310 3309/3309/3309
f 3249/3249/3249 3250/3250/3250 3311/3311/3311 3310/3310/3310
f 3250/3250/3250 3251/3251/3251 3312/3312/3312 3311/3311/3311
f 3251/3251/3251 3252/3252/3252 3313/3313/3313 3312/3312/3312
f 3252/3252/3252 3253/3253/3253 3314/3314/3314 3313/3313/3313
f 3253/3253/3253 3254/3254/3254 3315/3315/3315 3314/3314/3314
f 3254/3254/3254 3255/3255/3255 3316/3316/3316 3315/3315/3315
f 3255/3255/3255 3256/3256/3256 3317/3317/3317 3316/3316/3316
f 3256/3256/3256 3257/3257/3257 3318/3318/3318 3317/3317/3317
f 3257/3257/3257 3258/3258/3258 3319/3319/3319 3318/3318/3318
f 3258/3258/3258 3259/3259/3259 3320/3320/3320 3319/3319/3319
f 3259/3259/3259 3260/3260/3260 3321/3321/3321 3320/3320/3320
f 3260/3260/3260 3261/3261/3261 3322/3322/3322 3321/3321/3321
f 3261/3261/3261 3262/3262/3262 3323/3323/3323 3322/3322/3322
f 3262/3262/3262 3263/3263/3263 3324/3324/3324 3323/3323/3323
f 3263/3263/3263 3264/3264/3264 3325/3325/3325 3324/3324/3324
f 3264/3264/3264 3265/3265/3265 3326/3326/3326 3325/3325/3325
f 3265/3265/3265 3266/3266/3266 3327/3327/3327 3326/3326/3326
f 3266/3266/3266 3267/3267/3267 3328/3328/3328 3327/3327/3327
f 3267/3267/3267 3268/3268/3268 3329/3329/3329 3328/3328/3328
f 3268/3268/3268 3269/3269/3269 3330/3330/3330 3329/3329/3329
f 3269/3269/3269 3270/3270/3270 3331/3331/3331 3330/3330/3330
f 3270/3270/3270 3271/3271/3271 3332/3332/3332 3331/3331/3331
f 3271/3271/3271 3272/3272/3272 3333/3333/3333 3332/3332/3332
f 3272/3272/3272 3273/3273/3273 3334/3334/3334 3333/3333/3333
f 3273/3273/3273 3274/3274/3274 3335/3335/3335 3334/3334/3334
f 3274/3274/3274 3275/3275/3275 3336/3336/3336 3335/3335/3335
f 3275/3275/3275 3276/3276/3276 3337/3337/3337 3336/3336/3336
f 3276/3276/3276 3277/3277/3277 3338/3338/3338 3337/3337/3337
f 3277/3277/3277 3278/3278/3278 3339/3339/3339 3338/3338/3338
f 3278/3278/3278 3279/3279/3279 3340/3340/3340 3339/3339/3339
f 3279/3279/3279 3280/3280/3280 3341/3341/3341 3340/3340/3340
f 3280/3280/3280 3281/3281/3281 3342/3342/3342 3341/3341/3341
f 3281/3281/3281 3282/3282/3282 3343/3343/3343 3342/3342/3342
f 3282/3282/3282 3283/3283/3283 3344/3344/3344 3343/3343/3343
f 3283/3283/3283 3284/3284/3284 3345/3345/3345 3344/3344/3344
f 3284/3284/3284 3285/3285/3285 3346/3346/3346 3345/3345/3345
f 3285/3285/3285 3286/3286/3286 3347/3347/3347 3346/3346/3346
f 3286/3286/3286 3287/3287/3287 3348/3348/3348 3347/3347/3347
f 3287/3287/3287 3288/3288/3288 3349/3349/3349 3348/3348/3348
f 3288/3288/3288 3289/3289/3289 3350/3350/3350 3349/3349/3349
f 3289/3289/3289 3290/3290/3290 3351/3351/3351 3350/3350/3350
f 3290/3290/3290 3291/3291/3291 3352/3352/3352 3351/3351/3351
f 3291/3291/3291 3292/3292/3292 3353/3353/3353 3352/3352/3352
f 3292/3292/3292 3293/3293/3293 3354/3354/3354 3353/3353/3353
f 3293/3293/3293 3294/3294/3294 3355/3355/3355 3354/3354/3354
f 3295/3295/3296 3296/3296/3295 3357/3357/3356 3356/3356/3357
f 3296/3296/3295 3297/3297/3297 3358/3358/3358 3357/3357/3356
f 3297/3297/3297 3298/3298/3298 3359/3359/3359 3358/3358/3358
f 3298/3298/3298 3299/3299/3299 3360/3360/3360 3359/3359/3359
f 3299/3299/3299 3300/3300/3300 3361/3361/3361 3360/3360/3360
f 3300/3300/3300 3301/3301/3301 3362/3362/3362 3361/3361/3361
f 3301/3301/3301 3302/3302/3302 3363/3363/3363 3362/3362/3362
f 3302/3302/3302 3303/3303/3303 3364/3364/3364 3363/3363/3363
f 3303/3303/3303 3304/3304/3304 3365/3365/3365 3364/3364/3364
f 3304/3304/3304 3305/3305/3305 3366/3366/3366 3365/3365/3365
f 3305/3305/3305 3306/3306/3306 3367/3367/3367 3366/3366/3366
f 3306/3306/3306 3307/3307/3307 3368/3368/3368 3367/3367/3367
f 3307/3307/3307 3308/3308/3308 3369/3369/3369 3368/3368/3368
f 3308/3308/3308 3309/3309/3309 3370/3370/3370 3369/3369/3369
f 3309/3309/3309 3310/3310/3310 3371/3371/3371 3370/3370/3370
f 3310/3310/3310 3311/3311/3311 3372/3372/3372 3371/3371/3371
f 3311/3311/3311 3312/3312/3312 3373/3373/3373 3372/3372/3372
f 3312/3312/3312 3313/3313/3313 3374/3374/3374 3373/3373/3373
f 3313/3313/3313 3314/3314/3314 3375/3375/3375 3374/3374/3374
f 3314/3314/3314 3315/3315/3315 3376/3376/3376 3375/3375/3375
f 3315/3315/3315 3316/3316/3316 3377/3377/3377 3376/3376/3376
f 3316/3316/3316 3317/3317/3317 3378/3378/3378 3377/3377/3377
f 3317/3317/3317 3318/3318/3318 3379/3379/3379 3378/3378/3378
f 3318/3318/3318 3319/3319/3319 3380/3380/3380 3379/3379/3379
f 3319/3319/3319 3320/3320/3320 3381/3381/3381 3380/3380/3380
f 3320/3320/3320 3321/3321/3321 3382/3382/3382 3381/3381/3381
f 3321/3321/3321 3322/3322/3322 3383/3383/3383 3382/3382/3382
f 3322/3322/3322 3323/3323/3323 3384/3384/3384 3383/3383/3383
f 3323/3323/3323 3324/3324/3324 3385/3385/3385 3384/3384/3384
f 3324/3324/3324 3325/3325/3325 3386/3386/3386 3385/3385/3385
f 3325/3325/3325 3326/3326/3326 3387/3387/3387 3386/3386/3386
f 3326/3326/3326 3327/3327/3327 3388/3388/3388 3387/3387/3387
f 3327/3327/3327 3328/3328/3328 3389/3389/3389 3388/3388/3388
f 3328/3328/3328 3329/3329/3329 3390/3390/3390 3389/3389/3389
f 3329/3329/3329 3330/3330/3330 3391/3391/3391 3390/3390/3390
f 3330/3330/3330 3331/3331/3331 3392/3392/3392 3391/3391/3391
f 3331/3331/3331 3332/3332/3332 3393/3393/3393 3392/3392/3392
f 3332/3332/3332 3333/3333/3333 3394/3394/3394 3393/3393/3393
f 3333/3333/3333 3334/3334/3334 3395/3395/3395 3394/3394/3394
f 3334/3334/3334 3335/3335/3335 3396/3396/3396 3395/3395/3395
f 3335/3335/3335 3336/3336/3336 3397/3397/3397 3396/3396/3396
f 3336/3336/3336 3337/3337/3337 3398/3398/3398 3397/3397/3397
f 3337/3337/3337 3338/3338/3338 3399/3399/3399 3398/3398/3398
f 3338/3338/3338 3339/3339/3339 3400/3400/3400 3399/3399/3399
f 3339/3339/3339 3340/3340/3340 3401/3401/3401 3400/3400/3400
f 3340/3340/3340 3341/3341/3341 3402/3402/3402 3401/3401/3401
f 3341/3341/3341 3342/3342/3342 3403/3403/3403 3402/3402/3402
f 3342/3342/3342 3343/3343/3343 3404/3404/3404 3403/3403/3403
f 3343/3343/3343 3344/3344/3344 3405/3405/3405 3404/3404/3404
f 3344/3344/3344 3345/3345/3345 3406/3406/3406 3405/3405/3405
f 3345/3345/3345 3346/3346/3346 3407/3407/3407 3406/3406/3406
f 3346/3346/3346 3347/3347/3347 3408/3408/3408 3407/3407/3407
f 3347/3347/3347 3348/3348/3348 3409/3409/3409 3408/3408/3408
f 3348/3348/3348 3349/3349/3349 3410/3410/3410 3409/3409/3409
f 3349/3349/3349 3350/3350/3350 3411/3411/3411 3410/3410/3410
f 3350/3350/3350 3351/3351/3351 3412/3412/3412 3411/3411/3411
f 3351/3351/3351 3352/3352/3352 3413/3413/3413 3412/3412/3412
f 3352/3352/3352 3353/3353/3353 3414/3414/3414 3413/3413/3413
f 3353/3353/3353 3354/3354/3354 3415/3415/3415 3414/3414/3414
f 3354/3354/3354 3355/3355/3355 3416/3416/3416 3415/3415/3415
f 3356/3356/3357 3357/3357/3356 3418/3418/3417 3417/3417/3418
f 3357/3357/3356 3358/3358/3358 3419/3419/3419 3418/3418/3417
f 3358/3358/3358 3359/3359/3359 3420/3420/3420 3419/3419/3419
f 3359/3359/3359 3360/3360/3360 3421/3421/3421 3420/3420/3420
f 3360/3360/3360 3361/3361/3361 3422/3422/3422 3421/3421/3421
f 3361/3361/3361 3362/3362/3362 3423/3423/3423 3422/3422/3422
f 3362/3362/3362 3363/3363/3363 3424/3424/3424 3423/3423/3423
f 3363/3363/3363 3364/3364/3364 3425/3425/3425 3424/3424/3424
f 3364/3364/3364 3365/3365/3365 3426/3426/3426 3425/3425/3425
f 3365/3365/3365 3366/3366/3366 3427/3427/3427 3426/3426/3426
f 3366/3366/3366 3367/3367/3367 3428/3428/3428 3427/3427/3427
f 3367/3367/3367 3368/3368/3368 3429/3429/3429 3428/3428/3428
f 3368/3368/3368 3369/3369/3369 3430/3430/3430 3429/3429/3429
f 3369/3369/3369 3370/3370/3370 3431/3431/3431 3430/3430/3430
f 3370/3370/3370 3371/3371/3371 3432/3432/3432 3431/3431/3431
f 3371/3371/3371 3372/3372/3372 3433/3433/3433 3432/3432/3432
f 3372/3372/3372 3373/3373/3373 3434/3434/3434 3433/3433/3433
f 3373/3373/3373 3374/3374/3374 3435/3435/3435 3434/3434/3434
f 3374/3374/3374 3375/3375/3375 3436/3436/3436 3435/3435/3435
f 3375/3375/3375 3376/3376/3376 3437/3437/3437 3436/3436/3436
f 3376/3376/3376 3377/3377/3377 3438/3438/3438 3437/3437/3437
f 3377/3377/3377 3378/3378/3378 3439/3439/3439 3438/3438/3438
f 3378/3378/3378 3379/3379/3379 3440/3440/3440 3439/3439/3439
f 3379/3379/3379 3380/3380/3380 3441/3441/3441 3440/3440/3440
f 3380/3380/3380 3381/3381/3381 3442/3442/3442 3441/3441/3441
f 3381/3381/3381 3382/3382/3382 3443/3443/3443 3442/3442/3442
f 3382/3382/3382 3383/3383/3383 3444/3444/3444 3443/3443/3443
f 3383/3383/3383 3384/3384/3384 3445/3445/3445 3444/3444/3444
f 3384/3384/3384 3385/3385/3385 3446/3446/3446 3445/3445/3445
f 3385/3385/3385 3386/3386/3386 3447/3447/3447 3446/3446/3446
f 3386/3386/3386 3387/3387/3387 3448/3448/3448 3447/3447/3447
f 3387/3387/3387 3388/3388/3388 3449/3449/3449 3448/3448/3448
f 3388/3388/3388 3389/3389/3389 3450/3450/3450 3449/3449/3449
f 3389/3389/3389 3390/3390/3390 3451/3451/3451 3450/3450/3450
f 3390/3390/3390 3391/3391/3391 3452/3452/3452 3451/3451/3451
f 3391/3391/3391 3392/3392/3392 3453/3453/3453 3452/3452/3452
f 3392/3392/3392 3393/3393/3393 3454/3454/3454 3453/3453/3453
f 3393/3393/3393 3394/3394/3394 3455/3455/3455 3454/3454/3454
f 3394/3394/3394 3395/3395/3395 3456/3456/3456 3455/3455/3455
f 3395/3395/3395 3396/3396/3396 3457/3457/3457 3456/3456/3456
f 3396/3396/3396 3397/3397/3397 3458/3458/3458 3457/3457/3457
f 3397/3397/3397 3398/3398/3398 3459/3459/3459 3458/3458/3458
f 3398/3398/3398 3399/3399/3399 3460/3460/3460 3459/3459/3459
f 3399/3399/3399 3400/3400/3400 3461/3461/3461 3460/3460/3460
f 3400/3400/3400 3401/3401/3401 3462/3462/3462 3461/3461/3461
f 3401/3401/3401 3402/3402/3402 3463/3463/3463 3462/3462/3462
f 3402/3402/3402 3403/3403/3403 3464/3464/3464 3463/3463/3463
f 3403/3403/3403 3404/3404/3404 3465/3465/3465 3464/3464/3464
f 3404/3404/3404 3405/3405/3405 3466/3466/3466 3465/3465/3465
f 3405/3405/3405 3406/3406/3406 3467/3467/3467 3466/3466/3466
f 3406/3406/3406 3407/3407/3407 3468/3468/3468 3467/3467/3467
f 3407/3407/3407 3408/3408/3408 3469/3469/3469 3468/3468/3468
f 3408/3408/3408 3409/3409/3409 3470/3470/3470 3469/3469/3469
f 3409/3409/3409 3410/3410/3410 3471/3471/3471 3470/3470/3470
f 3410/3410/3410 3411/3411/3411 3472/3472/3472 3471/3471/3471
f 3411/3411/3411 3412/3412/3412 3473/3473/3473 3472/3472/3472
f 3412/3412/3412 3413/3413/3413 3474/3474/3474 3473/3473/3473
f 3413/3413/3413 3414/3414/3414 3475/3475/3475 3474/3474/3474
f 3414/3414/3414 3415/3415/3415 3476/3476/3476 3475/3475/3475
f 3415/3415/3415 3416/3416/3416 3477/3477/3477 3476/3476/3476
f 3417/3417/3418 3418/3418/3417 3479/3479/3478 3478/3478/3479
f 3418/3418/3417 3419/3419/3419 3480/3480/3480 3479/3479/3478
f 3419/3419/3419 3420/3420/3420 3481/3481/3481 3480/3480/3480
f 3420/3420/3420 3421/3421/3421 3482/3482/3482 3481/3481/3481
f 3421/3421/3421 3422/3422/3422 3483/3483/3483 3482/3482/3482
f 3422/3422/3422 3423/3423/3423 3484/3484/3484 3483/3483/3483
f 3423/3423/3423 3424/3424/3424 3485/3485/3485 3484/3484/3484
f 3424/3424/3424 3425/3425/3425 3486/3486/3486 3485/3485/3485
f 3425/3425/3425 3426/3426/3426 3487/3487/3487 3486/3486/3486
f 3426/3426/3426 3427/3427/3427 3488/3488/3488 3487/3487/3487
f 3427/3427/3427 3428/3428/3428 3489/3489/3489 3488/3488/3488
f 3428/3428/3428 3429/3429/3429 3490/3490/3490 3489/3489/3489
f 3429/3429/3429 3430/3430/3430 3491/3491/3491 3490/3490/3490
f 3430/3430/3430 3431/3431/3431 3492/3492/3492 3491/3491/3491
f 3431/3431/3431 3432/3432/3432 3493/3493/3493 3492/3492/3492
f 3432/3432/3432 3433/3433/3433 3494/3494/3494 3493/3493/3493
f 3433/3433/3433 3434/3434/3434 3495/3495/3495 3494/3494/3494
f 3434/3434/3434 3435/3435/3435 3496/3496/3496 3495/3495/3495
f 3435/3435/3435 3436/3436/3436 3497/3497/3497 3496/3496/3496
f 3436/3436/3436 3437/3437/3437 3498/3498/3498 3497/3497/3497
f 3437/3437/3437 3438/3438/3438 3499/3499/3499 3498/3498/3498
f 3438/3438/3438 3439/3439/3439 3500/3500/3500 3499/3499/3499
f 3439/3439/3439 3440/3440/3440 3501/3501/3501 3500/3500/3500
f 3440/3440/3440 3441/3441/3441 3502/3502/3502 3501/3501/3501
f 3441/3441/3441 3442/3442/3442 3503/3503/3503 3502/3502/3502
f 3442/3442/3442 3443/3443/3443 3504/3504/3504 3503/3503/3503
f 3443/3443/3443 3444/3444/3444 3505/3505/3505 3504/3504/3504
f 3444/3444/3444 3445/3445/3445 3506/3506/3506 3505/3505/3505
f 3445/3445/3445 3446/3446/3446 3507/3507/3507 3506/3506/3506
f 3446/3446/3446 3447/3447/3447 3508/3508/3508 3507/3507/3507
f 3447/3447/3447 3448/3448/3448 3509/3509/3509 3508/3508/3508
f 3448/3448/3448 3449/3449/3449 3510/3510/3510 3509/3509/3509
f 3449/3449/3449 3450/3450/3450 3511/3511/3511 3510/3510/3510
f 3450/3450/3450 3451/3451/3451 3512/3512/3512 3511/3511/3511
f 3451/3451/3451 3452/3452/3452 3513/3513/3513 3512/3512/3512
f 3452/3452/3452 3453/3453/3453 3514/3514/3514 3513/3513/3513
f 3453/3453/3453 3454/3454/3454 3515/3515/3515 3514/3514/3514
f 3454/3454/3454 3455/3455/3455 3516/3516/3516 3515/3515/3515
f 3455/3455/3455 3456/3456/3456 3517/3517/3517 3516/3516/3516
f 3456/3456/3456 3457/3457/3457 3518/3518/3518 3517/3517/3517
f 3457/3457/3457 3458/3458/3458 3519/3519/3519 3518/3518/3518
f 3458/3458/3458 3459/3459/3459 3520/3520/3520 3519/3519/3519
f 3459/3459/3459 3460/3460/3460 3521/3521/3521 3520/3520/3520
f 3460/3460/3460 3461/3461/3461 3522/3522/3522 3521/3521/3521
f 3461/3461/3461 3462/3462/3462 3523/3523/3523 3522/3522/3522
f 3462/3462/3462 3463/3463/3463 3524/3524/3524 3523/3523/3523
f 3463/3463/3463 3464/3464/3464 3525/3525/3525 3524/3524/3524
f 3464/3464/3464 3465/3465/3465 3526/3526/3526 3525/3525/3525
f 3465/3465/3465 3466/3466/3466 3527/3527/3527 3526/3526/3526
f 3466/3466/3466 3467/3467/3467 3528/3528/3528 3527/3527/3527
f 3467/3467/3467 3468/3468/3468 3529/3529/3529 3528/3528/3528
f 3468/3468/3468 3469/3469/3469 3530/3530/3530 3529/3529/3529
f 3469/3469/3469 3470/3470/3470 3531/3531/3531 3530/3530/3530
f 3470/3470/3470 3471/3471/3471 3532/3532/3532 3531/3531/3531
f 3471/3471/3471 3472/3472/3472 3533/3533/3533 3532/3532/3532
f 3472/3472/3472 3473/3473/3473 3534/3534/3534 3533/3533/3533
f 3473/3473/3473 3474/3474/3474 3535/3535/3535 3534/3534/3534
f 3474/3474/3474 3475/3475/3475 3536/3536/3536 3535/3535/3535
f 3475/3475/3475 3476/3476/3476 3537/3537/3537 3536/3536/3536
f 3476/3476/3476 3477/3477/3477 3538/3538/3538 3537/3537/3537
f 3478/3478/3479 3479/3479/3478 3540/3540/3539 3539/3539/3540
f 3479/3479/3478 3480/3480/3480 3541/3541/3541 3540/3540/3539
f 3480/3480/3480 3481/3481/3481 3542/3542/3542 3541/3541/3541
f 3481/3481/3481 3482/3482/3482 3543/3543/3543 3542/3542/3542
f 3482/3482/3482 3483/3483/3483 3544/3544/3544 3543/3543/3543
f 3483/3483/3483 3484/3484/3484 3545/3545/3545 3544/3544/3544
f 3484/3484/3484 3485/3485/3485 3546/3546/3546 3545/3545/3545
f 3485/3485/3485 3486/3486/3486 3547/3547/3547 3546/3546/3546
f 3486/3486/3486 3487/3487/3487 3548/3548/3548 3547/3547/3547
f 3487/3487/3487 3488/3488/3488 3549/3549/3549 3548/3548/3548
f 3488/3488/3488 3489/3489/3489 3550/3550/3550 3549/3549/3549
f 3489/3489/3489 3490/3490/3490 3551/3551/3551 3550/3550/3550
f 3490/3490/3490 3491/3491/3491 3552/3552/3552 3551/3551/3551
f 3491/3491/3491 3492/3492/3492 3553/3553/3553 3552/3552/3552
f 3492/3492/3492 3493/3493/3493 3554/3554/3554 3553/3553/3553
f 3493/3493/3493 3494/3494/3494 3555/3555/3555 3554/3554/3554
f 3494/3494/3494 3495/3495/3495 3556/3556/3556 3555/3555/3555
f 3495/3495/3495 3496/3496/3496 3557/3557/3557 3556/3556/3556
f 3496/3496/3496 3497/3497/3497 3558/3558/3558 3557/3557/3557
f 3497/3497/3497 3498/3498/3498 3559/3559/3559 3558/3558/3558
f 3498/3498/3498 3499/3499/3499 3560/3560/3560 3559/3559/3559
f 3499/3499/3499 3500/3500/3500 3561/3561/3561 3560/3560/3560
f 3500/3500/3500 3501/3501/3501 3562/3562/3562 3561/3561/3561
f 3501/3501/3501 3502/3502/3502 3563/3563/3563 3562/3562/3562
f 3502/3502/3502 3503/3503/3503 3564/3564/3564 3563/3563/3563
f 3503/3503/3503 3504/3504/3504 3565/3565/3565 3564/3564/3564
f 3504/3504/3504 3505/3505/3505 3566/3566/3566 3565/3565/3565
f 3505/3505/3505 3506/3506/3506 3567/3567/3567 3566/3566/3566
f 3506/3506/3506 3507/3507/3507 3568/3568/3568 3567/3567/3567
f 3507/3507/3507 3508/3508/3508 3569/3569/3569 3568/3568/3568
f 3508/3508/3508 3509/3509/3509 3570/3570/3570 3569/3569/3569
f 3509/3509/3509 3510/3510/3510 3571/3571/3571 3570/3570/3570
f 3510/3510/3510 3511/3511/3511 3572/3572/3572 3571/3571/3571
f 3511/3511/3511 3512/3512/3512 3573/3573/3573 3572/3572/3572
f 3512/3512/3512 3513/3513/3513 3574/3574/3574 3573/3573/3573
f 3513/3513/3513 3514/3514/3514 3575/3575/3575 3574/3574/3574
f 3514/3514/3514 3515/3515/3515 3576/3576/3576 3575/3575/3575
f 3515/3515/3515 3516/3516/3516 3577/3577/3577 3576/3576/3576
f 3516/3516/3516 3517/3517/3517 3578/3578/3578 3577/3577/3577
f 3517/3517/3517 3518/3518/3518 3579/3579/3579 3578/3578/3578
f 3518/3518/3518 3519/3519/3519 3580/3580/3580 3579/3579/3579
f 3519/3519/3519 3520/3520/3520 3581/3581/3581 3580/3580/3580
f 3520/3520/3520 3521/3521/3521 3582/3582/3582 3581/3581/3581
f 3521/3521/3521 3522/3522/3522 3583/3583/3583 3582/3582/3582
f 3522/3522/3522 3523/3523/3523 3584/3584/3584 3583/3583/3583
f 3523/3523/3523 3524/3524/3524 3585/3585/3585 3584/3584/3584
f 3524/3524/3524 3525/3525/3525 3586/3586/3586 3585/3585/3585
f 3525/3525/3525 3526/3526/3526 3587/3587/3587 3586/3586/3586
f 3526/3526/3526 3527/3527/3527 3588/3588/3588 3587/3587/3587
f 3527/3527/3527 3528/3528/3528 3589/3589/3589 3588/3588/3588
f 3528/3528/3528 3529/3529/3529 3590/3590/3590 3589/3589/3589
f 3529/3529/3529 3530/3530/3530 3591/3591/3591 3590/3590/3590
f 3530/3530/3530 3531/3531/3531 3592/3592/3592 3591/3591/3591
f 3531/3531/3531 3532/3532/3532 3593/3593/3593 3592/3592/3592
f 3532/3532/3532 3533/3533/3533 3594/3594/3594 3593/3593/3593
f 3533/3533/3533 3534/3534/3534 3595/3595/3595 3594/3594/3594
f 3534/3534/3534 3535/3535/3535 3596/3596/3596 3595/3595/3595
f 3535/3535/3535 3536/3536/3536 3597/3597/3597 3596/3596/3596
f 3536/3536/3536 3537/3537/3537 3598/3598/3598 3597/3597/3597
f 3537/3537/3537 3538/3538/3538 3599/3599/3599 3598/3598/3598
f 3539/3539/3540 3540/3540/3539 3601/3601/3600 3600/3600/3601
f 3540/3540/3539 3541/3541/3541 3602/3602/3602 3601/3601/3600
f 3541/3541/3541 3542/3542/3542 3603/3603/3603 3602/3602/3602
f 3542/3542/3542 3543/3543/3543 3604/3604/3604 3603/3603/3603
f 3543/3543/3543 3544/3544/3544 3605/3605/3605 3604/3604/3604
f 3544/3544/3544 3545/3545/3545 3606/3606/3606 3605/3605/3605
f 3545/3545/3545 3546/3546/3546 3607/3607/3607 3606/3606/3606
f 3546/3546/3546 3547/3547/3547 3608/3608/3608 3607/3607/3607
f 3547/3547/3547 3548/3548/3548 3609/3609/3609 3608/3608/3608
f 3548/3548/3548 3549/3549/3549 3610/3610/3610 3609/3609/3609
f 3549/3549/3549 3550/3550/3550 3611/3611/3611 3610/3610/3610
f 3550/3550/3550 3551/3551/3551 3612/3612/3612 3611/3611/3611
f 3551/3551/3551 3552/3552/3552 3613/3613/3613 3612/3612/3612
f 3552/3552/3552 3553/3553/3553 3614/3614/3614 3613/3613/3613
f 3553/3553/3553 3554/3554/3554 3615/3615/3615 3614/3614/3614
f 3554/3554/3554 3555/3555/3555 3616/3616/3616 3615/3615/3615
f 3555/3555/3555 3556/3556/3556 3617/3617/3617 3616/3616/3616
f 3556/3556/3556 3557/3557/3557 3618/3618/3618 3617/3617/3617
f 3557/3557/3557 3558/3558/3558 3619/3619/3619 3618/3618/3618
f 3558/3558/3558 3559/3559/3559 3620/3620/3620 3619/3619/3619
f 3559/3559/3559 3560/3560/3560 3621/3621/3621 3620/3620/3620
f 3560/3560/3560 3561/3561/3561 3622/3622/3622 3621/3621/3621
f 3561/3561/3561 3562/3562/3562 3623/3623/3623 3622/3622/3622
f 3562/3562/3562 3563/3563/3563 3624/3624/3624 3623/3623/3623
f 3563/3563/3563 3564/3564/3564 3625/3625/3625 3624/3624/3624
f 3564/3564/3564 3565/3565/3565 3626/3626/3626 3625/3625/3625
f 3565/3565/3565 3566/3566/3566 3627/3627/3627 3626/3626/3626
f 3566/3566/3566 3567/3567/3567 3628/3628/3628 3627/3627/3627
f 3567/3567/3567 3568/3568/3568 3629/3629/3629 3628/3628/3628
f 3568/3568/3568 3569/3569/3569 3630/3630/3630 3629/3629/3629
f 3569/3569/3569 3570/3570/3570 3631/3631/3631 3630/3630/3630
f 3570/3570/3570 3571/3571/3571 3632/3632/3632 3631/3631/3631
f 3571/3571/3571 3572/3572/3572 3633/3633/3633 3632/3632/3632
f 3572/3572/3572 3573/3573/3573 3634/3634/3634 3633/3633/3633
f 3573/3573/3573 3574/3574/3574 3635/3635/3635 3634/3634/3634
f 3574/3574/3574 3575/3575/3575 3636/3636/3636 3635/3635/3635
f 3575/3575/3575 3576/3576/3576 3637/3637/3637 3636/3636/3636
f 3576/3576/3576 3577/3577/3577 3638/3638/3638 3637/3637/3637
f 3577/3577/3577 3578/3578/3578 3639/3639/3639 3638/3638/3638
f 3578/3578/3578 3579/3579/3579 3640/3640/3640 3639/3639/3639
f 3579/3579/3579 3580/3580/3580 3641/3641/3641 3640/3640/3640
f 3580/3580/3580 3581/3581/3581 3642/3642/3642 3641/3641/3641
f 3581/3581/3581 3582/3582/3582 3643/3643/3643 3642/3642/3642
f 3582/3582/3582 3583/3583/3583 3644/3644/3644 3643/3643/3643
f 3583/3583/3583 3584/3584/3584 3645/3645/3645 3644/3644/3644
f 3584/3584/3584 3585/3585/3585 3646/3646/3646 3645/3645/3645
f 3585/3585/3585 3586/3586/3586 3647/3647/3647 3646/3646/3646
f 3586/3586/3586 3587/3587/3587 3648/3648/3648 3647/3647/3647
f 3587/3587/3587 3588/3588/3588 3649/3649/3649 3648/3648/3648
f 3588/3588/3588 3589/3589/3589 3650/3650/3650 3649/3649/3649
f 3589/3589/3589 3590/3590/3590 3651/3651/3651 3650/3650/3650
f 3590/3590/3590 3591/3591/3591 3652/3652/3652 3651/3651/3651
f 3591/3591/3591 3592/3592/3592 3653/3653/3653 3652/3652/3652
f 3592/3592/3592 3593/3593/3593 3654/3654/3654 3653/3653/3653
f 3593/3593/3593 3594/3594/3594 3655/3655/3655 3654/3654/3654
f 3594/3594/3594 3595/3595/3595 3656/3656/3656 3655/3655/3655
f 3595/3595/3595 3596/3596/3596 3657/3657/3657 3656/3656/3656
f 3596/3596/3596 3597/3597/3597 3658/3658/3658 3657/3657/3657
f 3597/3597/3597 3598/3598/3598 3659/3659/3659 3658/3658/3658
f 3598/3598/3598 3599/3599/3599 3660/3660/3660 3659/3659/3659
f 3600/3600/3601 3601/3601/3600 3662/3662/3661 3661/3661/3662
f 3601/3601/3600 3602/3602/3602 3663/3663/3663 3662/3662/3661
f 3602/3602/3602 3603/3603/3603 3664/3664/3664 3663/3663/3663
f 3603/3603/3603 3604/3604/3604 3665/3665/3665 3664/3664/3664
f 3604/3604/3604 3605/3605/3605 3666/3666/3666 3665/3665/3665
f 3605/3605/3605 3606/3606/3606 3667/3667/3667 3666/3666/3666
f 3606/3606/3606 3607/3607/3607 3668/3668/3668 3667/3667/3667
f 3607/3607/3607 3608/3608/3608 3669/3669/3669 3668/3668/3668
f 3608/3608/3608 3609/3609/3609 3670/3670/3670 3669/3669/3669
f 3609/3609/3609 3610/3610/3610 3671/3671/3671 3670/3670/3670
f 3610/3610/3610 3611/3611/3611 3672/3672/3672 3671/3671/3671
f 3611/3611/3611 3612/3612/3612 3673/3673/3673 3672/3672/3672
f 3612/3612/3612 3613/3613/3613 3674/3674/3674 3673/3673/3673
f 3613/3613/3613 3614/3614/3614 3675/3675/3675 3674/3674/3674
f 3614/3614/3614 3615/3615/3615 3676/3676/3676 3675/3675/3675
f 3615/3615/3615 3616/3616/3616 3677/3677/3677 3676/3676/3676
f 3616/3616/3616 3617/3617/3617 3678/3678/3678 3677/3677/3677
f 3617/3617/3617 3618/3618/3618 3679/3679/3679 3678/3678/3678
f 3618/3618/3618 3619/3619/3619 3680/3680/3680 3679/3679/3679
f 3619/3619/3619 3620/3620/3620 3681/3681/3681 3680/3680/3680
f 3620/3620/3620 3621/3621/3621 3682/3682/3682 3681/3681/3681
f 3621/3621/3621 3622/3622/3622 3683/3683/3683 3682/3682/3682
f 3622/3622/3622 3623/3623/3623 3684/3684/3684 3683/3683/3683
f 3623/3623/3623 3624/3624/3624 3685/3685/3685 3684/3684/3684
f 3624/3624/3624 3625/3625/3625 3686/3686/3686 3685/3685/3685
f 3625/3625/3625 3626/3626/3626 3687/3687/3687 3686/3686/3686
f 3626/3626/3626 3627/3627/3627 3688/3688/3688 3687/3687/3687
f 3627/3627/3627 3628/3628/3628 3689/3689/3689 3688/3688/3688
f 3628/3628/3628 3629/3629/3629 3690/3690/3690 3689/3689/3689
f 3629/3629/3629 3630/3630/3630 3691/3691/3691 3690/3690/3690
f 3630/3630/3630 3631/3631/3631 3692/3692/3692 3691/3691/3691
f 3631/3631/3631 3632/3632/3632 3693/3693/3693 3692/3692/3692
f 3632/3632/3632 3633/3633/3633 3694/3694/3694 3693/3693/3693
f 3633/3633/3633 3634/3634/3634 3695/3695/3695 3694/3694/3694
f 3634/3634/3634 3635/3635/3635 3696/3696/3696 3695/3695/3695
f 3635/3635/3635 3636/3636/3636 3697/3697/3697 3696/3696/3696
f 3636/3636/3636 3637/3637/3637 3698/3698/3698 3697/3697/3697
f 3637/3637/3637 3638/3638/3638 3699/3699/3699 3698/3698/3698
f 3638/3638/3638 3639/3639/3639 3700/3700/3700 3699/3699/3699
f 3639/3639/3639 3640/3640/3640 3701/3701/3701 3700/3700/3700
f 3640/3640/3640 3641/3641/3641 3702/3702/3702 3701/3701/3701
f 3641/3641/3641 3642/3642/3642 3703/3703/3703 3702/3702/3702
f 3642/3642/3642 3643/3643/3643 3704/3704/3704 3703/3703/3703
f 3643/3643/3643 3644/3644/3644 3705/3705/3705 3704/3704/3704
f 3644/3644/3644 3645/3645/3645 3706/3706/3706 3705/3705/3705
f 3645/3645/3645 3646/3646/3646 3707/3707/3707 3706/3706/3706
f 3646/3646/3646 3647/3647/3647 3708/3708/3708 3707/3707/3707
f 3647/3647/3647 3648/3648/3648 3709/3709/3709 3708/3708/3708
f 3648/3648/3648 3649/3649/3649 3710/3710/3710 3709/3709/3709
f 3649/3649/3649 3650/3650/3650 3711/3711/3711 3710/3710/3710
f 3650/3650/3650 3651/3651/3651 3712/3712/3712 3711/3711/3711
f 3651/3651/3651 3652/3652/3652 3713/3713/3713 3712/3712/3712
f 3652/3652/3652 3653/3653/3653 3714/3714/3714 3713/3713/3713
f 3653/3653/3653 3654/3654/3654 3715/3715/3715 3714/3714/3714
f 3654/3654/3654 3655/3655/3655 3716/3716/3716 3715/3715/3715
f 3655/3655/3655 3656/3656/3656 3717/3717/3717 3716/3716/3716
f 3656/3656/3656 3657/3657/3657 3718/3718/3718 3717/3717/3717
f 3657/3657/3657 3658/3658/3658 3719/3719/3719 3718/3718/3718
f 3658/3658/3658 3659/3659/3659 3720/3720/3720 3719/3719/3719
f 3659/3659/3659 3660/3660/3660 3721/3721/3721 3720/3720/3720
g default
v -6.142539 4.524328 2.171140
v 6.142539 4.524328 2.171140
v -6.142539 4.751614 2.171140
v 6.142539 4.751614 2.171140
v -6.142539 4.751614 -2.171140
v 6.142539 4.751614 -2.171140
v -6.142539 4.524328 -2.171140
v 6.142539 4.524328 -2.171140
v 5.886070 4.751614 2.171140
v 5.886070 4.751614 -2.171140
v 5.886070 4.524328 -2.171140
v 5.886070 4.524328 2.171140
v -5.910220 4.751614 2.171140
v -5.910220 4.751614 -2.171140
v -5.910220 4.524328 -2.171140
v -5.910220 4.524328 2.171140
v -6.142539 4.751614 2.029441
v -6.142539 4.524328 2.029441
v -5.910220 4.524328 2.029441
v 5.886070 4.524328 2.029441
v 6.142539 4.524328 2.029441
v 6.142539 4.751614 2.029441
v 5.886070 4.751614 2.029441
v -5.910220 4.751614 2.029441
v -6.142539 4.751614 -2.009096
v -6.142539 4.524328 -2.009096
v -5.910220 4.524328 -2.009096
v 5.886070 4.524328 -2.009096
v 6.142539 4.524328 -2.009096
v 6.142539 4.751614 -2.009096
v 5.886070 4.751614 -2.009096
v -5.910220 4.751614 -2.009096
v -6.142539 0.108082 2.029441
v -5.910220 0.108082 2.029441
v -5.910220 0.108082 2.171140
v -6.142539 0.108082 2.171140
v 5.886070 0.108082 2.029441
v 5.886070 0.108082 2.171140
v 6.142539 0.108082 2.029441
v 6.142539 0.108082 2.171140
v -6.142539 0.108082 -2.171140
v -5.910220 0.108082 -2.171140
v -5.910220 0.108082 -2.009096
v -6.142539 0.108082 -2.009096
v 5.886070 0.108082 -2.009096
v 6.142539 0.108082 -2.009096
v 5.886070 0.108082 -2.171140
v 6.142539 0.108082 -2.171140
vt 0.250498 0.001992
vt 0.499502 0.001992
vt 0.250498 0.250996
vt 0.499502 0.250996
vt 0.250498 0.500000
vt 0.499502 0.500000
vt 0.250498 0.749004
vt 0.499502 0.749004
vt 0.250498 0.998008
vt 0.499502 0.998008
vt 0.748506 0.001992
vt 0.748506 0.250996
vt 0.001494 0.001992
vt 0.001494 0.250996
vt 0.494304 0.250996
vt 0.494304 0.500000
vt 0.494304 0.749004
vt 0.494304 0.001992
vt 0.494304 0.998008
vt 0.255207 0.250996
vt 0.255207 0.500000
vt 0.255207 0.749004
vt 0.255207 0.001992
vt 0.255207 0.998008
vt 0.242372 0.250996
vt 0.250498 0.259122
vt 0.242372 0.001992
vt 0.250498 0.989882
vt 0.255207 0.989882
vt 0.494304 0.989882
vt 0.499502 0.989882
vt 0.507628 0.001992
vt 0.499502 0.259122
vt 0.507628 0.250996
vt 0.494304 0.259122
vt 0.255207 0.259122
vt 0.010786 0.250996
vt 0.250498 0.490708
vt 0.010786 0.001992
vt 0.250498 0.758296
vt 0.255207 0.758296
vt 0.494304 0.758296
vt 0.499502 0.758296
vt 0.739214 0.001992
vt 0.499502 0.490708
vt 0.739214 0.250996
vt 0.494304 0.490708
vt 0.255207 0.490708
vt 0.250498 0.989882
vt 0.255207 0.989882
vt 0.255207 0.998008
vt 0.250498 0.998008
vt 0.494304 0.998008
vt 0.494304 0.989882
vt 0.499502 0.989882
vt 0.499502 0.998008
vt 0.250498 0.749004
vt 0.255207 0.749004
vt 0.255207 0.758296
vt 0.250498 0.758296
vt 0.499502 0.758296
vt 0.494304 0.758296
vt 0.494304 0.749004
vt 0.499502 0.749004
vn 0.000000 0.000000 1.000000
vn 0.000000 0.000000 1.000000
vn 0.000000 0.000000 1.000000
vn 0.000000 0.000000 1.000000
vn 0.000000 1.000000 0.000000
vn 0.000000 1.000000 0.000000
vn 0.000000 1.000000 0.000000
vn 0.000000 1.000000 0.000000
vn 0.000000 0.000000 -1.000000
vn 0.000000 0.000000 -1.000000
vn 0.000000 0.000000 -1.000000
vn 0.000000 0.000000 -1.000000
vn 0.000000 -1.000000 0.000000
vn 0.000000 -1.000000 0.000000
vn 0.000000 -1.000000 0.000000
vn 0.000000 -1.000000 0.000000
vn 1.000000 0.000000 0.000000
vn 1.000000 0.000000 0.000000
vn 1.000000 0.000000 0.000000
vn 1.000000 0.000000 0.000000
vn -1.000000 0.000000 0.000000
vn -1.000000 0.000000 0.000000
vn -1.000000 0.000000 0.000000
vn -1.000000 0.000000 0.000000
vn 0.000000 1.000000 0.000000
vn 0.000000 1.000000 0.000000
vn 0.000000 1.000000 0.000000
vn 0.000000 1.000000 0.000000
vn 0.000000 0.000000 -1.000000
vn 0.000000 0.000000 -1.000000
vn 0.000000 0.000000 -1.000000
vn 0.000000 0.000000 -1.000000
vn 0.000000 -1.000000 0.000000
vn 0.000000 -1.000000 0.000000
vn 0.000000 -1.000000 0.000000
vn 0.000000 -1.000000 0.000000
vn 0.000000 0.000000 1.000000
vn 0.000000 0.000000 1.000000
vn 0.000000 0.000000 1.000000
vn 0.000000 0.000000 1.000000
vn 0.000000 -1.000000 0.000002
vn 0.000000 -1.000000 -0.000000
vn 0.000000 -1.000000 0.000000
vn 0.000000 -1.000000 0.000002
vn -1.000000 0.000000 0.000000
vn -1.000000 0.000000 0.000000
vn 0.000000 -1.000000 0.000000
vn 0.000000 -1.000000 -0.000000
vn 0.000000 -1.000000 0.000000
vn 0.000000 -1.000000 -0.000000
vn 0.000000 -1.000000 0.000000
vn 0.000000 -1.000000 0.000000
vn 1.000000 0.000000 0.000000
vn 1.000000 0.000000 0.000000
vn 0.000000 1.000000 0.000000
vn 0.000000 1.000000 0.000000
vn 0.000000 1.000000 0.000000
vn 0.000000 1.000000 0.000000
vn -1.000000 0.000000 0.000000
vn -1.000000 0.000000 0.000000
vn 0.000000 -1.000000 0.000000
vn 0.000000 -1.000000 0.000000
vn 0.000000 -1.000000 0.000000
vn 0.000000 -1.000000 0.000000
vn 0.000000 -1.000000 0.000000
vn 0.000000 -1.000000 0.000000
vn 0.000000 -1.000000 0.000000
vn 0.000000 -1.000000 0.000000
vn 0.000000 -1.000000 0.000000
vn 0.000000 -1.000000 0.000000
vn 1.000000 0.000000 0.000000
vn 1.000000 0.000000 0.000000
vn 0.000000 1.000000 0.000000
vn 0.000000 1.000000 0.000000
vn 0.000000 1.000000 0.000000
vn 0.000000 1.000000 0.000000
vn 0.000000 0.000000 -1.000000
vn 0.000000 0.000000 -1.000000
vn 0.000000 0.000000 -1.000000
vn 0.000000 0.000000 -1.000000
vn 1.000000 0.000000 -0.000003
vn 1.000000 0.000000 -0.000003
vn 1.000000 0.000000 -0.000003
vn 1.000000 0.000000 -0.000003
vn 0.000000 0.000000 1.000000
vn 0.000000 0.000000 1.000000
vn -1.000000 0.000000 0.000000
vn -1.000000 0.000000 0.000000
vn -1.000000 0.000000 0.000000
vn -1.000000 0.000000 0.000000
vn -1.000000 0.000000 0.000000
vn -1.000000 0.000000 0.000000
vn 0.000000 0.000000 -1.000000
vn 0.000000 0.000000 -1.000000
vn 0.000000 0.000000 -1.000000
vn 0.000000 0.000000 -1.000000
vn 1.000000 0.000000 0.000000
vn 1.000000 0.000000 0.000000
vn 0.000000 0.000000 1.000000
vn 0.000000 0.000000 1.000000
vn 0.000000 0.000000 -1.000000
vn 0.000000 0.000000 -1.000000
vn 1.000000 0.000000 0.000000
vn 1.000000 0.000000 0.000000
vn 1.000000 0.000000 0.000000
vn 1.000000 0.000000 0.000000
vn 0.000000 0.000000 1.000000
vn 0.000000 0.000000 1.000000
vn 0.000000 0.000000 1.000000
vn 0.000000 0.000000 1.000000
vn -1.000000 0.000000 0.000000
vn -1.000000 0.000000 0.000000
vn 0.000000 0.000000 1.000000
vn 0.000000 0.000000 1.000000
vn 0.000000 0.000000 1.000000
vn 0.000000 0.000000 1.000000
vn -1.000000 0.000000 0.000000
vn -1.000000 0.000000 0.000000
vn -1.000000 0.000000 0.000000
vn -1.000000 0.000000 0.000000
vn 0.000000 0.000000 -1.000000
vn 0.000000 0.000000 -1.000000
vn 1.000000 0.000000 0.000000
vn 1.000000 0.000000 0.000000
s 1
g corpse table
usemtl aiStandardSurface1SG
f 3722/3722/3722 3737/3744/3723 3734/3741/3724 3724/3724/3725
s 2
f 3724/3724/3726 3734/3741/3727 3745/3757/3728 3738/3747/3729
s 3
f 3726/3726/3730 3735/3742/3731 3736/3743/3732 3728/3728/3733
s off
f 3754/3770/3734 3755/3771/3735 3756/3772/3736 3757/3773/3737
s 4
f 3723/3723/3738 3742/3753/3739 3743/3755/3740 3725/3725/3741
s 5
f 3739/3748/3742 3722/3722/3743 3724/3724/3744 3738/3746/3745
s 2
f 3730/3736/3746 3725/3725/3747 3743/3754/3748 3744/3756/3749
s 3
f 3732/3738/3750 3731/3737/3751 3727/3727/3752 3729/3729/3753
s off
f 3759/3774/3754 3758/3775/3755 3760/3776/3756 3761/3777/3757
s 1
f 3730/3736/3758 3733/3739/3759 3723/3723/3760 3725/3725/3761
s 2
f 3734/3741/3727 3730/3736/3746 3744/3756/3749 3745/3757/3728
s 3
f 3736/3743/3732 3735/3742/3731 3731/3737/3751 3732/3738/3750
s 7
f 3737/3745/3762 3740/3750/3763 3741/3751/3764 3733/3740/3765
s 1
f 3734/3741/3724 3737/3744/3723 3733/3739/3759 3730/3736/3758
s 5
f 3747/3760/3766 3739/3748/3742 3738/3746/3745 3746/3758/3767
s 7
f 3747/3761/3768 3748/3762/3769 3740/3750/3763 3739/3749/3770
f 3741/3751/3764 3740/3750/3763 3748/3762/3769 3749/3763/3771
f 3742/3752/3772 3741/3751/3764 3749/3763/3771 3750/3764/3773
s 4
f 3743/3755/3740 3742/3753/3739 3750/3765/3774 3751/3767/3775
s 2
f 3744/3756/3749 3743/3754/3748 3751/3766/3776 3752/3768/3777
f 3745/3757/3728 3744/3756/3749 3752/3768/3777 3753/3769/3778
f 3738/3747/3729 3745/3757/3728 3753/3769/3778 3746/3759/3779
s 5
f 3728/3734/3780 3747/3760/3766 3746/3758/3767 3726/3735/3781
s off
f 3762/3778/3782 3763/3779/3783 3764/3780/3784 3765/3781/3785
s 7
f 3749/3763/3771 3748/3762/3769 3736/3743/3786 3732/3738/3787
s off
f 3767/3782/3788 3766/3783/3789 3768/3784/3790 3769/3785/3791
s 4
f 3751/3767/3775 3750/3765/3774 3729/3732/3792 3727/3733/3793
s 2
f 3752/3768/3777 3751/3766/3776 3727/3727/3794 3731/3737/3795
f 3753/3769/3778 3752/3768/3777 3731/3737/3795 3735/3742/3796
f 3746/3759/3779 3753/3769/3778 3735/3742/3796 3726/3726/3797
s off
f 3739/3749/3798 3740/3750/3799 3755/3771/3800 3754/3770/3801
f 3740/3750/3802 3737/3745/3803 3756/3772/3804 3755/3771/3805
s 1
f 3737/3745/3723 3722/3730/3722 3757/3773/3806 3756/3772/3807
s 5
f 3722/3730/3743 3739/3749/3742 3754/3770/3808 3757/3773/3809
s off
f 3733/3740/3810 3741/3751/3811 3758/3775/3812 3759/3774/3813
f 3741/3751/3814 3742/3752/3815 3760/3776/3816 3758/3775/3817
s 4
f 3742/3752/3739 3723/3731/3738 3761/3777/3818 3760/3776/3819
s 1
f 3723/3731/3760 3733/3740/3759 3759/3774/3820 3761/3777/3821
s 3
f 3728/3728/3733 3736/3743/3732 3763/3779/3822 3762/3778/3823
s off
f 3736/3743/3824 3748/3762/3825 3764/3780/3826 3763/3779/3827
f 3748/3762/3828 3747/3761/3829 3765/3781/3830 3764/3780/3831
s 5
f 3747/3761/3766 3728/3728/3780 3762/3778/3832 3765/3781/3833
s off
f 3750/3764/3834 3749/3763/3835 3766/3783/3836 3767/3782/3837
f 3749/3763/3838 3732/3738/3839 3768/3784/3840 3766/3783/3841
s 3
f 3732/3738/3750 3729/3729/3753 3769/3785/3842 3768/3784/3843
s 4
f 3729/3729/3792 3750/3764/3774 3767/3782/3844 3769/3785/3845
